x0,y0,z0,x1,y1,z1,x2,y2,z2,x3,y3,z3,x4,y4,z4,x5,y5,z5,x6,y6,z6,x7,y7,z7,x8,y8,z8,x9,y9,z9,x10,y10,z10,x11,y11,z11,x12,y12,z12,x13,y13,z13,x14,y14,z14,x15,y15,z15,x16,y16,z16,x17,y17,z17,x18,y18,z18,x19,y19,z19,x20,y20,z20,label
0.0,0.0,0.0,-0.07155495882034302,0.005100846290588379,-0.046033488081008045,-0.14488524198532104,-0.03014075756072998,-0.07617250220587835,-0.17719298601150513,-0.07293504476547241,-0.10538853840640172,-0.1617833375930786,-0.1241995096206665,-0.13270770894101247,-0.1435806155204773,-0.21119141578674316,-0.05519656972697362,-0.19411087036132812,-0.3100985288619995,-0.09262912111094579,-0.22411048412322998,-0.37308549880981445,-0.11499294029286489,-0.24232864379882812,-0.43005478382110596,-0.13029148565343007,-0.07940715551376343,-0.24045419692993164,-0.05950531871727094,-0.10282278060913086,-0.36852145195007324,-0.09702333943656072,-0.10967206954956055,-0.4488147795200348,-0.11929600076487645,-0.10979938507080078,-0.5186914205551147,-0.13204894350579366,-0.017770588397979736,-0.22544610500335693,-0.06860455261281118,-0.0056191086769104,-0.3122206926345825,-0.1312091438632308,0.0007000565528869629,-0.23004508018493652,-0.1480451463322936,0.00581592321395874,-0.1561848521232605,-0.14499805258324727,0.03791779279708862,-0.1809554100036621,-0.07954388992598638,0.05629074573516846,-0.18846750259399414,-0.14426972852757558,0.055117011070251465,-0.12333905696868896,-0.1614477126460372,0.05338609218597412,-0.067868173122406,-0.16083581136277303,jump
0.0,0.0,0.0,-0.06694650650024414,0.0008800625801086426,-0.0491714199909552,-0.1290995478630066,-0.04161626100540161,-0.08021657745331368,-0.1415538191795349,-0.0923108458518982,-0.10984197090357384,-0.1134297251701355,-0.1411648392677307,-0.13811819086760124,-0.1284090280532837,-0.2143005132675171,-0.057496143681703415,-0.17781758308410645,-0.3134557604789734,-0.09734872559994301,-0.20609980821609497,-0.37644094228744507,-0.12297149579018196,-0.22403669357299805,-0.43477240204811096,-0.14144268463343224,-0.06597012281417847,-0.24226278066635132,-0.060564322573839036,-0.08393627405166626,-0.3754497766494751,-0.09987751225918373,-0.08598679304122925,-0.46173548698425293,-0.12690028379648766,-0.08450162410736084,-0.5360162556171417,-0.1444042159149035,-0.009813547134399414,-0.22763580083847046,-0.06845065782755455,0.004973173141479492,-0.318803071975708,-0.13104589114874443,0.011504113674163818,-0.24642586708068848,-0.1530692113468035,0.013346195220947266,-0.180472731590271,-0.15596833656519493,0.04069030284881592,-0.18593746423721313,-0.0786678699681147,0.06022310256958008,-0.18045151233673096,-0.1458871794769152,0.059512436389923096,-0.112460196018219,-0.168714313013254,0.05795568227767944,-0.056907594203948975,-0.17356839607447228,jump
0.0,0.0,0.0,-0.06786268949508667,-0.007876157760620117,-0.04113117137430322,-0.12529337406158447,-0.06896883249282837,-0.06402539366362703,-0.12442243099212646,-0.13152658939361572,-0.0852969428288759,-0.09161114692687988,-0.18028098344802856,-0.10514479035018098,-0.12099438905715942,-0.22771000862121582,-0.042255784361344695,-0.17063921689987183,-0.32197174429893494,-0.07543191963313234,-0.19701945781707764,-0.38353216648101807,-0.0992810195076288,-0.21348685026168823,-0.44021081924438477,-0.11698555105803621,-0.06426870822906494,-0.2507404685020447,-0.04601302647469652,-0.07837343215942383,-0.3808225989341736,-0.07794356995700014,-0.08063387870788574,-0.4644894599914551,-0.10276371890185487,-0.07933926582336426,-0.5339756608009338,-0.11969782316563737,-0.013304293155670166,-0.23634731769561768,-0.054117723344546675,0.00025975704193115234,-0.33177700638771057,-0.10897014939664018,0.002720057964324951,-0.2663068175315857,-0.1297203292834581,0.0037990212440490723,-0.20576035976409912,-0.13332718515275133,0.03469496965408325,-0.197088360786438,-0.06404297703383577,0.04488414525985718,-0.21405953168869019,-0.12383416944621217,0.03772503137588501,-0.14384835958480835,-0.141575976251346,0.03411984443664551,-0.08302950859069824,-0.1440132250773729,jump
0.0,0.0,0.0,-0.06476324796676636,-0.011158466339111328,-0.03672377940161198,-0.11518234014511108,-0.08088183403015137,-0.05558151181681126,-0.10716277360916138,-0.15269804000854492,-0.07315749104959934,-0.07127755880355835,-0.20251405239105225,-0.08910586114866703,-0.1066431999206543,-0.223388671875,-0.03400591563327282,-0.15078949928283691,-0.3146957457065582,-0.06242345075948208,-0.17405349016189575,-0.37363046407699585,-0.0835156532738921,-0.18765830993652344,-0.42642712593078613,-0.09979082073910206,-0.05428344011306763,-0.24297547340393066,-0.037232389560770685,-0.06641048192977905,-0.3671765923500061,-0.06454441126329868,-0.07007890939712524,-0.44459792971611023,-0.08584197785599201,-0.06975966691970825,-0.5061421692371368,-0.10065911140186756,-0.007151424884796143,-0.22797656059265137,-0.044451853147577935,0.001143813133239746,-0.32532668113708496,-0.09164420690281361,-0.006210207939147949,-0.2668304443359375,-0.10712976183636158,-0.010307073593139648,-0.2116410732269287,-0.10877056594831913,0.03758054971694946,-0.1890597939491272,-0.053640263042282754,0.040917396545410156,-0.21069610118865967,-0.10549251165134876,0.030244827270507812,-0.14896106719970703,-0.11965227302057713,0.0263938307762146,-0.09247225522994995,-0.12080700870497196,jump
0.0,0.0,0.0,-0.06672722101211548,-0.02041471004486084,-0.03585399891904473,-0.109341561794281,-0.10173475742340088,-0.04962376709750771,-0.09207308292388916,-0.18063175678253174,-0.06202053110769867,-0.054612576961517334,-0.2283603549003601,-0.07277321275046944,-0.09336310625076294,-0.22831934690475464,-0.02297046798936009,-0.13136357069015503,-0.31885847449302673,-0.047271574099575275,-0.15150898694992065,-0.37237197160720825,-0.06660491432717919,-0.1634751558303833,-0.4226081073284149,-0.08205265756419777,-0.045144736766815186,-0.245966374874115,-0.02404524218014359,-0.052616655826568604,-0.3651410937309265,-0.04830797221234917,-0.05450272560119629,-0.43564581871032715,-0.06860689278415322,-0.05312919616699219,-0.4912223815917969,-0.08284565265945076,-0.002024710178375244,-0.23075973987579346,-0.029671434496556515,0.006705164909362793,-0.3240011930465698,-0.07317547704747795,-0.006182968616485596,-0.2703109383583069,-0.08853594418338417,-0.012689411640167236,-0.22035545110702515,-0.09079086240104317,0.040181517601013184,-0.19252121448516846,-0.03752261977366089,0.033904850482940674,-0.21727442741394043,-0.08513331617883324,0.015626192092895508,-0.1603485345840454,-0.09872327204517006,0.008387088775634766,-0.10720556974411011,-0.10060676391891121,jump
0.0,0.0,0.0,-0.06744438409805298,-0.008548319339752197,-0.0347306450269258,-0.11359763145446777,-0.08535563945770264,-0.04812572723245978,-0.10110551118850708,-0.165724515914917,-0.06064616715526938,-0.06345707178115845,-0.21787798404693604,-0.07113460650658965,-0.11436718702316284,-0.20647859573364258,-0.01786217479026675,-0.16055291891098022,-0.2857840657234192,-0.0441048686764276,-0.1852017045021057,-0.33526986837387085,-0.06398207893586516,-0.20154517889022827,-0.3804777264595032,-0.07947527816510558,-0.06886082887649536,-0.23129457235336304,-0.02015556780612826,-0.0907323956489563,-0.34281837940216064,-0.04776027625418067,-0.09892821311950684,-0.41121459007263184,-0.06937767019486785,-0.10105293989181519,-0.466251015663147,-0.08343884548163771,-0.025644540786743164,-0.2240755558013916,-0.02749015403902888,-0.030761361122131348,-0.31383204460144043,-0.07434195479369521,-0.035057663917541504,-0.24980634450912476,-0.08793064406133055,-0.03218412399291992,-0.19612222909927368,-0.08750178119159102,0.019854068756103516,-0.19628477096557617,-0.037020852919582126,0.006415426731109619,-0.21258920431137085,-0.08718805214381575,-0.0036419034004211426,-0.14925426244735718,-0.10061915418124556,-0.0031267404556274414,-0.09798139333724976,-0.10140392383551955,jump
0.0,0.0,0.0,-0.05895000696182251,0.005835890769958496,-0.03144950572117011,-0.11618161201477051,-0.061843812465667725,-0.046235868369180366,-0.11206448078155518,-0.13986247777938843,-0.060907704417545006,-0.07256430387496948,-0.18764090538024902,-0.07332113165124099,-0.12471264600753784,-0.19936436414718628,-0.021099509333211586,-0.17798829078674316,-0.2733573317527771,-0.04960969615443389,-0.2085634469985962,-0.3218687176704407,-0.07093989629014175,-0.22975438833236694,-0.3637939393520355,-0.08681778389676253,-0.07683414220809937,-0.2230452299118042,-0.026094823737579986,-0.10509687662124634,-0.3372838497161865,-0.05473883975012939,-0.12073028087615967,-0.4109472632408142,-0.07625155675872008,-0.12772607803344727,-0.4699136018753052,-0.08954050916894118,-0.0285646915435791,-0.2156052589416504,-0.03512724641426246,-0.04070776700973511,-0.30403196811676025,-0.08061498183472793,-0.046871066093444824,-0.2264770269393921,-0.08718373406394164,-0.04232895374298096,-0.16534209251403809,-0.08083537745936553,0.02198326587677002,-0.18814438581466675,-0.046292526309329673,0.00030291080474853516,-0.20810753107070923,-0.0932134889410321,-0.008500993251800537,-0.13880616426467896,-0.09928226995928924,-0.004021883010864258,-0.08361858129501343,-0.09372389841540496,jump
0.0,0.0,0.0,-0.058707356452941895,0.0048062801361083984,-0.03187287931682192,-0.11416876316070557,-0.05692237615585327,-0.0476822513842734,-0.11291414499282837,-0.1330147385597229,-0.0631653140986117,-0.07382959127426147,-0.1777784824371338,-0.07653002401234232,-0.12665945291519165,-0.1865079402923584,-0.02255586681307875,-0.18020331859588623,-0.25658494234085083,-0.05103121285678469,-0.21193790435791016,-0.30253922939300537,-0.0714758034551295,-0.23481369018554688,-0.34181952476501465,-0.08629966487528407,-0.08084887266159058,-0.2139105200767517,-0.026951282819524636,-0.11043751239776611,-0.322869211435318,-0.054622489562049736,-0.12758713960647583,-0.39140087366104126,-0.07346370776535593,-0.13710087537765503,-0.4478342533111572,-0.08439621289612376,-0.03378438949584961,-0.2096107006072998,-0.035465374192014565,-0.045964717864990234,-0.29351556301116943,-0.07924216200949274,-0.04949331283569336,-0.22053050994873047,-0.08452064504267298,-0.04481029510498047,-0.16288715600967407,-0.07730095048786723,0.0160750150680542,-0.18456512689590454,-0.04621046369315707,-0.002548038959503174,-0.20119482278823853,-0.09074248333813273,-0.008478283882141113,-0.1365036964416504,-0.09577424784542643,-0.003833293914794922,-0.08484715223312378,-0.0896892096603068,jump
0.0,0.0,0.0,-0.06012362241744995,-0.00692218542098999,-0.029913766105408968,-0.11011868715286255,-0.07694506645202637,-0.04269301870905906,-0.10285204648971558,-0.15503549575805664,-0.05493085810982734,-0.0647130012512207,-0.19910717010498047,-0.0654103381379798,-0.12011343240737915,-0.1932428479194641,-0.0225260088040784,-0.17201995849609375,-0.26901566982269287,-0.049036398325796426,-0.20152240991592407,-0.3172854781150818,-0.06881441155516654,-0.22107625007629395,-0.3598315119743347,-0.08375860730254203,-0.07633846998214722,-0.21964877843856812,-0.026258175988431276,-0.10575950145721436,-0.33099791407585144,-0.05123142505132705,-0.11851298809051514,-0.39856094121932983,-0.06919336298548728,-0.123291015625,-0.4532395005226135,-0.08074673244797737,-0.03059232234954834,-0.21431875228881836,-0.03364138284766227,-0.03934663534164429,-0.30359089374542236,-0.07486605623805076,-0.042235732078552246,-0.238533616065979,-0.08224824050509483,-0.03854954242706299,-0.1840198040008545,-0.07834126779877693,0.017662465572357178,-0.18704760074615479,-0.04305911043726951,0.005044281482696533,-0.20700985193252563,-0.08691018054329902,-0.0020903944969177246,-0.14786213636398315,-0.09403877684914619,0.0009699463844299316,-0.0984010100364685,-0.09062564352595359,jump
0.0,0.0,0.0,-0.06173449754714966,-0.014806628227233887,-0.03470090592848862,-0.10676705837249756,-0.08833479881286621,-0.05059290120946969,-0.09364300966262817,-0.1680433750152588,-0.06477606857764329,-0.05081576108932495,-0.20694690942764282,-0.0768631901835164,-0.11351162195205688,-0.19710421562194824,-0.027801407525416266,-0.16153156757354736,-0.279655396938324,-0.053632630059595954,-0.18826210498809814,-0.33000436425209045,-0.07266838664757813,-0.20428884029388428,-0.3741922974586487,-0.08735451663481797,-0.06973373889923096,-0.22282612323760986,-0.028480177769537818,-0.09391248226165771,-0.33499184250831604,-0.052434543171997916,-0.10184478759765625,-0.40216952562332153,-0.06879089588868226,-0.10265481472015381,-0.4599692225456238,-0.07967585886466111,-0.024846374988555908,-0.2163916826248169,-0.03312582711326684,-0.026420414447784424,-0.3085266351699829,-0.0733434986566266,-0.029475092887878418,-0.24643605947494507,-0.08042974586236085,-0.02683556079864502,-0.19365859031677246,-0.07665781492936219,0.021473169326782227,-0.1868860125541687,-0.040247568884964835,0.01627790927886963,-0.21728843450546265,-0.08353500629412736,0.009367167949676514,-0.16314387321472168,-0.09101164157139863,0.011694550514221191,-0.11577314138412476,-0.08807666415917481,jump
0.0,0.0,0.0,-0.06174737215042114,-0.023516178131103516,-0.036862775231341516,-0.09905880689620972,-0.10461437702178955,-0.05223973050210873,-0.07866150140762329,-0.1833743453025818,-0.0656186039695541,-0.035351574420928955,-0.2227461338043213,-0.07745339676235119,-0.10835278034210205,-0.20790064334869385,-0.02791939258072773,-0.15476387739181519,-0.2919464111328125,-0.052867862875203286,-0.1797226071357727,-0.3432721793651581,-0.07213011338804165,-0.19375169277191162,-0.3903343081474304,-0.08758734866474072,-0.0623704195022583,-0.2312890887260437,-0.028155480990747606,-0.08212429285049438,-0.34672117233276367,-0.051625635022858773,-0.08571267127990723,-0.4145585298538208,-0.06922910317275921,-0.08432239294052124,-0.4720965623855591,-0.08178259387109676,-0.015905141830444336,-0.2223702073097229,-0.03273193865511814,-0.009702324867248535,-0.31682711839675903,-0.07590198471639553,-0.012317240238189697,-0.2590896487236023,-0.08865994914863506,-0.011971890926361084,-0.2072778344154358,-0.0891532371887962,0.031113266944885254,-0.19032710790634155,-0.03952329188082615,0.030639946460723877,-0.22439444065093994,-0.08701726749036709,0.023182809352874756,-0.16869240999221802,-0.09824922635648647,0.023650407791137695,-0.11753314733505249,-0.09833603307102123,jump
0.0,0.0,0.0,-0.06172287464141846,-0.025867223739624023,-0.03628366849792286,-0.09963655471801758,-0.11408323049545288,-0.0515024069644241,-0.0736878514289856,-0.1919977068901062,-0.0649148676492004,-0.025472521781921387,-0.22657954692840576,-0.07671297378313824,-0.10794830322265625,-0.2170591950416565,-0.03046212382090374,-0.15493226051330566,-0.30543455481529236,-0.05604692212713047,-0.17933213710784912,-0.3584325909614563,-0.0750132951833038,-0.1931746006011963,-0.4070580005645752,-0.0904002044297485,-0.059700846672058105,-0.24041247367858887,-0.03183723277819439,-0.07673043012619019,-0.36227312684059143,-0.05662712118995472,-0.07838952541351318,-0.43228912353515625,-0.07347197122347637,-0.0753258466720581,-0.49167749285697937,-0.08536622710001751,-0.011970758438110352,-0.22962743043899536,-0.03742056376707836,-0.0025325417518615723,-0.3259163796901703,-0.08200065083277508,-0.005113422870635986,-0.260582834482193,-0.0919045139051704,-0.005067586898803711,-0.20437383651733398,-0.08979818261635586,0.0355374813079834,-0.19481974840164185,-0.045219593117359125,0.03383064270019531,-0.2336767315864563,-0.09301286227476879,0.02545464038848877,-0.1767420768737793,-0.1018968526221542,0.02525341510772705,-0.12494444847106934,-0.10010691023838802,jump
0.0,0.0,0.0,-0.05924403667449951,-0.019721567630767822,-0.027895971397605024,-0.10438978672027588,-0.10577797889709473,-0.03794088699921616,-0.0843546986579895,-0.18574732542037964,-0.04759803899630555,-0.04009324312210083,-0.22173339128494263,-0.05566614979013451,-0.11233353614807129,-0.2115914225578308,-0.021678106124248586,-0.16244840621948242,-0.29790592193603516,-0.044744023318138204,-0.18953227996826172,-0.35000893473625183,-0.06190529578432091,-0.20652765035629272,-0.3958253562450409,-0.07531521954640397,-0.06672888994216919,-0.23512202501296997,-0.026087804893698774,-0.08886373043060303,-0.35928571224212646,-0.04797615596159943,-0.09599310159683228,-0.4319760799407959,-0.063241792107668,-0.0959697961807251,-0.4908057451248169,-0.07320546099051484,-0.019581735134124756,-0.2241789698600769,-0.03384235986575135,-0.017139732837677002,-0.31784987449645996,-0.07407083847626694,-0.01955878734588623,-0.2537023425102234,-0.08061559238537797,-0.016275465488433838,-0.19807112216949463,-0.07599332668885239,0.028110921382904053,-0.19005995988845825,-0.043351278836574636,0.02247685194015503,-0.2282923460006714,-0.08588187881812104,0.01514512300491333,-0.17251718044281006,-0.09056138732537278,0.018223941326141357,-0.12170326709747314,-0.0857795301924611,jump
0.0,0.0,0.0,-0.05967831611633301,-0.003856956958770752,-0.028767174122194206,-0.10862696170806885,-0.07426393032073975,-0.04138346390173808,-0.0954885482788086,-0.15075558423995972,-0.05374273286507503,-0.05439263582229614,-0.19014567136764526,-0.06461750344679729,-0.12150239944458008,-0.19287914037704468,-0.023717783403853332,-0.17365992069244385,-0.26646238565444946,-0.05074827746794597,-0.20309185981750488,-0.3150339126586914,-0.07002468035862819,-0.22337931394577026,-0.3561776280403137,-0.08382088319704906,-0.07515233755111694,-0.22001510858535767,-0.02887213790164367,-0.10310274362564087,-0.33723223209381104,-0.053882077348688995,-0.1162872314453125,-0.40895891189575195,-0.0699943937485017,-0.12120449542999268,-0.466988205909729,-0.07919246332095042,-0.027319729328155518,-0.21348309516906738,-0.03747132794306651,-0.031314730644226074,-0.2991376519203186,-0.07760602609560863,-0.03398364782333374,-0.22900265455245972,-0.08064109460757152,-0.029849708080291748,-0.1721852421760559,-0.07274546102927104,0.022226691246032715,-0.18433016538619995,-0.04818809406206981,0.012300550937652588,-0.20352119207382202,-0.0891044326250352,0.005319058895111084,-0.1429755687713623,-0.09153101221964732,0.007780611515045166,-0.09344708919525146,-0.08433896676943675,jump
0.0,0.0,0.0,-0.05819457769393921,0.0065582990646362305,-0.03178935588124432,-0.11523771286010742,-0.05552607774734497,-0.04741408766034283,-0.11429709196090698,-0.13377535343170166,-0.06259073034647145,-0.07503759860992432,-0.17816871404647827,-0.07515646979931034,-0.13173294067382812,-0.1878798007965088,-0.02528121226254143,-0.1869027018547058,-0.2624419331550598,-0.05454175636890568,-0.21944910287857056,-0.31244027614593506,-0.07545938060405888,-0.24224549531936646,-0.35390836000442505,-0.09090580508831181,-0.08530080318450928,-0.21533054113388062,-0.030095863125950473,-0.11828923225402832,-0.3268546462059021,-0.059059121615916865,-0.13650792837142944,-0.39938732981681824,-0.07905105219009556,-0.14632809162139893,-0.45906341075897217,-0.09102204904678501,-0.03730994462966919,-0.21162080764770508,-0.03866658822420277,-0.05012744665145874,-0.2982290983200073,-0.08271952436092533,-0.051460444927215576,-0.22400957345962524,-0.08613695666912236,-0.04599255323410034,-0.16619175672531128,-0.07760660812976994,0.014779865741729736,-0.18721497058868408,-0.049605191655189174,-0.0031241178512573242,-0.20672869682312012,-0.09474963412407078,-0.008221209049224854,-0.1408296823501587,-0.09859112367752232,-0.004213392734527588,-0.08864599466323853,-0.09129302666309513,jump
0.0,0.0,0.0,-0.056258320808410645,0.003602325916290283,-0.028348712127723275,-0.11186844110488892,-0.05790591239929199,-0.042381539817966996,-0.11331349611282349,-0.13369280099868774,-0.05642157780758339,-0.07626104354858398,-0.1784423589706421,-0.06844310077659088,-0.12784737348556519,-0.18388527631759644,-0.023711802315034447,-0.1837800145149231,-0.25524014234542847,-0.05283261823288399,-0.21714431047439575,-0.3018988370895386,-0.07456801446906525,-0.2404354214668274,-0.3418424725532532,-0.09071816119185883,-0.08422285318374634,-0.21048635244369507,-0.029334552463211594,-0.12082630395889282,-0.3211844861507416,-0.05751636612049538,-0.14057010412216187,-0.3899725675582886,-0.07825757178298431,-0.15140104293823242,-0.44426417350769043,-0.09123520168296295,-0.036800503730773926,-0.2085384726524353,-0.038218632217564164,-0.05192810297012329,-0.2963915467262268,-0.08194445433846909,-0.05485665798187256,-0.2275984287261963,-0.08898851635686356,-0.04967057704925537,-0.1720753312110901,-0.08392315718165833,0.014957427978515625,-0.18693333864212036,-0.048892151441492615,-0.003551661968231201,-0.20060163736343384,-0.09433176728717285,-0.008698582649230957,-0.13510936498641968,-0.1007146722339769,-0.002605140209197998,-0.08371996879577637,-0.0959166249894281,jump
0.0,0.0,0.0,-0.061557650566101074,-0.0036801695823669434,-0.0253640337671186,-0.11381113529205322,-0.07633298635482788,-0.03460644360734477,-0.10381203889846802,-0.15551716089248657,-0.04386063467813983,-0.06424468755722046,-0.1955307126045227,-0.05195716571165576,-0.12546610832214355,-0.18999016284942627,-0.018642214947476532,-0.18036383390426636,-0.2628247141838074,-0.04314635496689334,-0.21197152137756348,-0.31080248951911926,-0.061469392740264084,-0.23430001735687256,-0.3522351086139679,-0.07523475390030399,-0.08129757642745972,-0.21776670217514038,-0.024061227106585648,-0.11484014987945557,-0.3310936391353607,-0.04649084981633678,-0.13079535961151123,-0.39975041151046753,-0.062085749470725204,-0.13840073347091675,-0.4556814432144165,-0.07165196340633884,-0.034143805503845215,-0.21335041522979736,-0.03272048559142604,-0.0418696403503418,-0.30130356550216675,-0.07186126511646762,-0.04406261444091797,-0.23540544509887695,-0.07732060354305759,-0.04000478982925415,-0.18029803037643433,-0.07180384349180713,0.015574991703033447,-0.18717283010482788,-0.04309726309134021,0.005381584167480469,-0.20600229501724243,-0.08487482171608463,-0.001874685287475586,-0.1464133858680725,-0.08990354638649478,0.00033354759216308594,-0.09728372097015381,-0.08496223937822833,jump
0.0,0.0,0.0,-0.05973440408706665,-0.0167081356048584,-0.027801738615233162,-0.10722345113754272,-0.09664887189865112,-0.03917487108250306,-0.0918278694152832,-0.17757707834243774,-0.04997365319271729,-0.049485862255096436,-0.21545612812042236,-0.05932201587696717,-0.11795538663864136,-0.2014368772506714,-0.024746344919401864,-0.1717323660850525,-0.2854496240615845,-0.04933202409287141,-0.20152807235717773,-0.3370053172111511,-0.06805988543768571,-0.2204189896583557,-0.38174211978912354,-0.08308996402760194,-0.07354849576950073,-0.2284817099571228,-0.028628656203943947,-0.10432392358779907,-0.34840235114097595,-0.051369538094002465,-0.11609393358230591,-0.41847556829452515,-0.06707439714213059,-0.11973142623901367,-0.47631514072418213,-0.07802619182606385,-0.02673637866973877,-0.22158384323120117,-0.035557122464377144,-0.03152531385421753,-0.3172007203102112,-0.07312101268311189,-0.03152954578399658,-0.25384634733200073,-0.0770386024667804,-0.02658921480178833,-0.20016300678253174,-0.07197468125363038,0.021381378173828125,-0.1908697485923767,-0.04459669956107781,0.011630892753601074,-0.23006880283355713,-0.0855481638862674,0.005563199520111084,-0.1769275665283203,-0.0895990073039119,0.00911259651184082,-0.12941884994506836,-0.08489279591580079,jump
0.0,0.0,0.0,-0.06056559085845947,-0.02872157096862793,-0.031050432573429987,-0.10046255588531494,-0.1105465292930603,-0.04438248100446884,-0.07645785808563232,-0.18588906526565552,-0.05678116726445381,-0.032247960567474365,-0.2196633219718933,-0.06748236912059014,-0.11143410205841064,-0.21795833110809326,-0.026922742004863665,-0.15985500812530518,-0.30381879210472107,-0.05174485790299599,-0.18571782112121582,-0.359200656414032,-0.07120419489907448,-0.20196348428726196,-0.4081627428531647,-0.08718215125369255,-0.0640745759010315,-0.24150574207305908,-0.03043360273110096,-0.08714097738265991,-0.36169692873954773,-0.05345918806957428,-0.09116637706756592,-0.4339587092399597,-0.06986069130467598,-0.08964014053344727,-0.4947812557220459,-0.08208295899199669,-0.01611614227294922,-0.22876352071762085,-0.03770709979104225,-0.009830951690673828,-0.32609033584594727,-0.07835246073769753,-0.008250892162322998,-0.26834139227867126,-0.08733545440005486,-0.0060991644859313965,-0.21474570035934448,-0.08562314706610863,0.0318831205368042,-0.19176971912384033,-0.04703821810650055,0.032798171043395996,-0.23621302843093872,-0.09047270762490456,0.025313138961791992,-0.191703200340271,-0.098137842591278,0.022621512413024902,-0.14718866348266602,-0.09634464430379097,jump
0.0,0.0,0.0,-0.06389617919921875,-0.027342796325683594,-0.042178587703148196,-0.10049808025360107,-0.11674946546554565,-0.060206317989269564,-0.07139837741851807,-0.19710564613342285,-0.07537357666913636,-0.02089846134185791,-0.23350393772125244,-0.08813629457179672,-0.11240172386169434,-0.22418665885925293,-0.03696430259768135,-0.1571330428123474,-0.31774193048477173,-0.06497538247529633,-0.1788448691368103,-0.374627023935318,-0.08522209682885773,-0.1919192671775818,-0.4277055263519287,-0.10174869158689148,-0.0606231689453125,-0.24865484237670898,-0.03664336138788826,-0.07594722509384155,-0.373634934425354,-0.06454938062850601,-0.07350742816925049,-0.44643765687942505,-0.08340916940395005,-0.06783849000930786,-0.5096521973609924,-0.09691012808505661,-0.01144266128540039,-0.2377752661705017,-0.04109114193741448,0.0036492347717285156,-0.3350159227848053,-0.09024246939841873,0.005869925022125244,-0.2668420672416687,-0.10251233884517319,0.006860911846160889,-0.2072778344154358,-0.10122545966331131,0.037100255489349365,-0.20245736837387085,-0.048156497715154956,0.04339879751205444,-0.23932963609695435,-0.10057633527938492,0.03639942407608032,-0.18203037977218628,-0.1125976459068454,0.03320193290710449,-0.12896907329559326,-0.11249588587705261,jump
0.0,0.0,0.0,-0.06140702962875366,-0.02558159828186035,-0.03625479186315772,-0.1003991961479187,-0.11198937892913818,-0.051878834463551016,-0.07487159967422485,-0.19144433736801147,-0.06567406127591369,-0.027221262454986572,-0.22501426935195923,-0.07723014274974105,-0.10913217067718506,-0.22093486785888672,-0.03308645481605765,-0.15398865938186646,-0.31490805745124817,-0.059347892500355215,-0.17555928230285645,-0.37204718589782715,-0.07854644427438018,-0.18789339065551758,-0.4230845868587494,-0.0942723772897267,-0.059195637702941895,-0.2445366382598877,-0.03419763440628287,-0.07591193914413452,-0.36904603242874146,-0.059231149352982015,-0.07451403141021729,-0.441709041595459,-0.07578893969197509,-0.0684283971786499,-0.5050576627254486,-0.08797379056353805,-0.011023402214050293,-0.2326425313949585,-0.03936535710830924,-0.00046199560165405273,-0.3313695192337036,-0.08186801741261718,0.00024062395095825195,-0.26521188020706177,-0.08993048439164397,0.0016976594924926758,-0.2081817388534546,-0.08721393565078017,0.03637880086898804,-0.19589591026306152,-0.04713503862161872,0.03925353288650513,-0.23556268215179443,-0.09296930799622771,0.03065621852874756,-0.18434125185012817,-0.10203328201909301,0.0272674560546875,-0.13676124811172485,-0.10086653599877593,jump
0.0,0.0,0.0,-0.060484886169433594,-0.02078181505203247,-0.02923848245846017,-0.10562002658843994,-0.10483533143997192,-0.04108914126263841,-0.08641636371612549,-0.1850491762161255,-0.052469709409344034,-0.042795419692993164,-0.22110533714294434,-0.06209951032506211,-0.11361747980117798,-0.21211689710617065,-0.024974891437160807,-0.16372370719909668,-0.30013415217399597,-0.050205109162199335,-0.19010543823242188,-0.35423019528388977,-0.06871962685691102,-0.20660489797592163,-0.4012960195541382,-0.08307071913586839,-0.06745678186416626,-0.23791515827178955,-0.02896266196476205,-0.08974111080169678,-0.3615853786468506,-0.05194382880436166,-0.09574413299560547,-0.4344067871570587,-0.06707750399218781,-0.09506094455718994,-0.4957362115383148,-0.07717908312188371,-0.02030128240585327,-0.22749203443527222,-0.036466558916437464,-0.018421709537506104,-0.3188588619232178,-0.07498865712987168,-0.019251108169555664,-0.25464773178100586,-0.0795912160407184,-0.016427814960479736,-0.19979572296142578,-0.07423323531256898,0.026813626289367676,-0.19254112243652344,-0.04627615724312051,0.021646559238433838,-0.2317488193511963,-0.0862588002215503,0.014284491539001465,-0.1817631721496582,-0.0901512591968654,0.014875411987304688,-0.13579970598220825,-0.08537827570544465,jump
0.0,0.0,0.0,-0.06004631519317627,-0.0005806088447570801,-0.029763636660874226,-0.11296194791793823,-0.0686076283454895,-0.042116963786185124,-0.10193395614624023,-0.14755785465240479,-0.053791218918860295,-0.059550940990448,-0.18746036291122437,-0.06392288721829686,-0.12473028898239136,-0.18856245279312134,-0.024542880726158955,-0.17694979906082153,-0.2648712396621704,-0.050545410734713414,-0.20588767528533936,-0.31471309065818787,-0.06789549953967366,-0.22613990306854248,-0.3569483757019043,-0.08010579414397512,-0.07850360870361328,-0.21754920482635498,-0.028572780561745503,-0.10518825054168701,-0.33421003818511963,-0.052450118136704305,-0.11764740943908691,-0.4041441082954407,-0.06637575246125493,-0.12280595302581787,-0.46077126264572144,-0.07364598430424962,-0.03121352195739746,-0.21209931373596191,-0.036256907058060506,-0.03540557622909546,-0.2940542697906494,-0.07658918715745244,-0.038603365421295166,-0.22763699293136597,-0.08090856440097127,-0.03557652235031128,-0.1731792688369751,-0.07357951022416387,0.017398536205291748,-0.18357348442077637,-0.04596823595196042,0.007497310638427734,-0.19909793138504028,-0.08696076042681966,-0.0002576112747192383,-0.14167654514312744,-0.09074304766684804,0.0009806156158447266,-0.09486007690429688,-0.08451231337815557,jump
0.0,0.0,0.0,-0.059751152992248535,0.006183922290802002,-0.031742082242260494,-0.11735779047012329,-0.05512380599975586,-0.04816144079376272,-0.11815905570983887,-0.13506489992141724,-0.06379178286005072,-0.07911556959152222,-0.1808110475540161,-0.07686385631967596,-0.13205653429031372,-0.18518054485321045,-0.027685403157363453,-0.18692010641098022,-0.2609144449234009,-0.058118519638071575,-0.21943944692611694,-0.31011128425598145,-0.08029604077745489,-0.24212878942489624,-0.3512704074382782,-0.09664488703418783,-0.08608204126358032,-0.21256446838378906,-0.03171149388361982,-0.11993157863616943,-0.32389506697654724,-0.060754486624489346,-0.1384088397026062,-0.3943243622779846,-0.0813549321930509,-0.1484721302986145,-0.4513624906539917,-0.09407550216127447,-0.038637518882751465,-0.20969301462173462,-0.039157563153992214,-0.05512726306915283,-0.29682767391204834,-0.08152861267734579,-0.05610722303390503,-0.22389042377471924,-0.08489921063591055,-0.04854130744934082,-0.16695058345794678,-0.0772040721814733,0.012962937355041504,-0.18709248304367065,-0.04895036787200979,-0.008436083793640137,-0.20609050989151,-0.0929300499003034,-0.013145864009857178,-0.14035499095916748,-0.09704250961948446,-0.0067827701568603516,-0.08857643604278564,-0.09029063702035955,jump
0.0,0.0,0.0,-0.05978739261627197,0.00010484457015991211,-0.02946871584609312,-0.11435198783874512,-0.06017863750457764,-0.044471527173669756,-0.11469507217407227,-0.1379261016845703,-0.05893660961046976,-0.07739496231079102,-0.18183481693267822,-0.0711050245012359,-0.12843328714370728,-0.18245673179626465,-0.025306191950591028,-0.18408674001693726,-0.25540852546691895,-0.05401310948982996,-0.21783006191253662,-0.30217212438583374,-0.0758778962339477,-0.24124038219451904,-0.3425096869468689,-0.09217358259812158,-0.0857764482498169,-0.209345281124115,-0.02920524655237955,-0.1211622953414917,-0.3170989155769348,-0.05505438773289484,-0.13918393850326538,-0.38456690311431885,-0.07402230678454202,-0.1489931344985962,-0.44036850333213806,-0.08636297164812845,-0.04002875089645386,-0.20688503980636597,-0.03636739654794496,-0.055306971073150635,-0.2916475832462311,-0.07501479862585825,-0.05568385124206543,-0.22339463233947754,-0.07902106521979135,-0.04850780963897705,-0.16932064294815063,-0.07315472392693323,0.010548174381256104,-0.18456017971038818,-0.0458357545579986,-0.006978273391723633,-0.20173251628875732,-0.08650915949002069,-0.011825084686279297,-0.140846848487854,-0.09080083547488016,-0.006104767322540283,-0.0929175615310669,-0.08530825255766672,jump
0.0,0.0,0.0,-0.060347557067871094,-0.012300729751586914,-0.026921785607704862,-0.10918194055557251,-0.0855560302734375,-0.0377740815130565,-0.09910458326339722,-0.16559350490570068,-0.04819484351552461,-0.05838584899902344,-0.20376235246658325,-0.05727645678795312,-0.12161892652511597,-0.19419217109680176,-0.021559833720097288,-0.17729318141937256,-0.27170488238334656,-0.04669577552355264,-0.20811021327972412,-0.3218131363391876,-0.06522887869156335,-0.2286742925643921,-0.3652244210243225,-0.07901517225779031,-0.07869690656661987,-0.220583975315094,-0.025822981431851133,-0.1113656759262085,-0.3351287245750427,-0.04832579492009614,-0.12621498107910156,-0.4016358256340027,-0.06331840081490014,-0.13262605667114258,-0.4562239646911621,-0.0725016213802192,-0.03268033266067505,-0.2147691249847412,-0.033330395057568296,-0.04099160432815552,-0.30230820178985596,-0.07154093606747125,-0.04290902614593506,-0.2399192452430725,-0.0761707566527221,-0.0378451943397522,-0.1887100338935852,-0.0703014723805282,0.01474851369857788,-0.18682193756103516,-0.042653228327402815,0.003316819667816162,-0.21904075145721436,-0.08229836000479196,-0.00272524356842041,-0.16538912057876587,-0.08535060210503076,0.0019139647483825684,-0.12002140283584595,-0.07932494504726861,jump
0.0,0.0,0.0,-0.05999720096588135,-0.025323927402496338,-0.030649280889548436,-0.10127556324005127,-0.10569632053375244,-0.043754889412440434,-0.08316391706466675,-0.18491148948669434,-0.05555010844639696,-0.0384635329246521,-0.21711641550064087,-0.06596873585752405,-0.11426138877868652,-0.20444780588150024,-0.025995011224068776,-0.16382050514221191,-0.2881208658218384,-0.05117466930917658,-0.19083094596862793,-0.34200137853622437,-0.07002439235023417,-0.20699000358581543,-0.38821080327033997,-0.08450011794141687,-0.06940191984176636,-0.2292277216911316,-0.028459663285531178,-0.09527474641799927,-0.34816330671310425,-0.05059561018518366,-0.10347986221313477,-0.4164714217185974,-0.06426207606367029,-0.10368549823760986,-0.4745290279388428,-0.07321523760131754,-0.02194821834564209,-0.21955716609954834,-0.034689473702229634,-0.02082914113998413,-0.3120110332965851,-0.07347831760219492,-0.023430168628692627,-0.25689753890037537,-0.07982202504447855,-0.02073127031326294,-0.20791959762573242,-0.07550723735860743,0.025044500827789307,-0.18612611293792725,-0.042956880076445714,0.022162020206451416,-0.2302459478378296,-0.08306326602271952,0.014295816421508789,-0.18371355533599854,-0.08734948818258204,0.015399336814880371,-0.1390751600265503,-0.0827777523236648,jump
0.0,0.0,0.0,-0.06152623891830444,-0.03418940305709839,-0.032801887461104684,-0.0984601378440857,-0.11883872747421265,-0.04753303013102084,-0.07430469989776611,-0.1944614052772522,-0.06132694191590815,-0.028255760669708252,-0.22694754600524902,-0.07337573028461009,-0.10837125778198242,-0.21796339750289917,-0.026708176800170236,-0.1542428731918335,-0.3069656193256378,-0.05299620560661822,-0.17746275663375854,-0.36485397815704346,-0.07289988405362635,-0.1905236840248108,-0.4149717092514038,-0.08838192231313258,-0.06068164110183716,-0.24002587795257568,-0.02886687635735541,-0.07950735092163086,-0.361716628074646,-0.05267844952003031,-0.08084553480148315,-0.4334096610546112,-0.0686687067832139,-0.07591003179550171,-0.4924032390117645,-0.07996951646462946,-0.011948883533477783,-0.22770726680755615,-0.03526415533677607,-0.0021475553512573242,-0.3249194324016571,-0.0765892551030305,-0.002987802028656006,-0.2675705850124359,-0.08558938510076075,-0.0020049214363098145,-0.21298998594284058,-0.08296321190253764,0.03593724966049194,-0.19192254543304443,-0.043842928924718194,0.039993882179260254,-0.23812663555145264,-0.08591075844422846,0.03202009201049805,-0.193209707736969,-0.09279643602029353,0.02939629554748535,-0.1469440460205078,-0.090159161456981,jump
0.0,0.0,0.0,-0.06000971794128418,-0.03210437297821045,-0.03383132099365582,-0.09558498859405518,-0.12222343683242798,-0.04846149712061276,-0.07097405195236206,-0.20068275928497314,-0.06152522965525975,-0.02303081750869751,-0.2327049970626831,-0.0731176848635613,-0.10396844148635864,-0.2244548201560974,-0.029378755308741233,-0.14442342519760132,-0.3180103302001953,-0.05427757307147374,-0.1631034016609192,-0.3778502941131592,-0.07211869611596455,-0.17221754789352417,-0.43047863245010376,-0.0862060676441132,-0.05454772710800171,-0.24556344747543335,-0.031377312086576126,-0.06659376621246338,-0.3722352981567383,-0.05461924552177777,-0.062311410903930664,-0.4450898766517639,-0.06943057879065861,-0.05255371332168579,-0.5053312480449677,-0.07964072033023228,-0.005462706089019775,-0.23107671737670898,-0.037422970227950714,0.00703120231628418,-0.3303104341030121,-0.08017947181319585,0.0038550496101379395,-0.2697729170322418,-0.08982696785783162,0.0027351975440979004,-0.21354186534881592,-0.08725461020326009,0.04259490966796875,-0.19221878051757812,-0.0454065057561337,0.04657900333404541,-0.23838269710540771,-0.08983080490683903,0.036228835582733154,-0.1871461272239685,-0.0973323921785294,0.03250914812088013,-0.13679271936416626,-0.09469984873389592,jump
0.0,0.0,0.0,-0.05962938070297241,-0.02349257469177246,-0.030303562551786456,-0.10080307722091675,-0.10792821645736694,-0.0426042140722771,-0.08078652620315552,-0.18968307971954346,-0.05415428292756275,-0.035476863384246826,-0.22085148096084595,-0.06367700782423213,-0.10728001594543457,-0.21027779579162598,-0.025359154239346537,-0.15247249603271484,-0.3012656569480896,-0.0517154173255463,-0.1747940182685852,-0.3559572696685791,-0.07116070625190929,-0.18696743249893188,-0.4024096727371216,-0.08603275057678417,-0.060195207595825195,-0.2352534532546997,-0.027596051365186725,-0.08051884174346924,-0.3592088520526886,-0.05113911491637424,-0.08424252271652222,-0.4300346374511719,-0.06576621767883495,-0.08030498027801514,-0.4904256761074066,-0.075571435064127,-0.013150691986083984,-0.22480589151382446,-0.03353425723319248,-0.01084887981414795,-0.3193087577819824,-0.07064683225755886,-0.015218615531921387,-0.25406837463378906,-0.07245044645672039,-0.014329373836517334,-0.20096617937088013,-0.06538311627512172,0.032598018646240234,-0.1890479326248169,-0.04210686174040035,0.02756291627883911,-0.23405903577804565,-0.07990417119865612,0.01854550838470459,-0.1859315037727356,-0.08209117737417415,0.018996477127075195,-0.1427004337310791,-0.07625258204345897,jump
0.0,0.0,0.0,-0.06162559986114502,-0.0050498247146606445,-0.0288259173144354,-0.11226117610931396,-0.07748538255691528,-0.04043247647180692,-0.09646379947662354,-0.15381544828414917,-0.05173156506910459,-0.05277734994888306,-0.1888045072555542,-0.061507427166844764,-0.12242066860198975,-0.18970203399658203,-0.02283538974418775,-0.17497926950454712,-0.26831215620040894,-0.0495381551195635,-0.20264536142349243,-0.31992289423942566,-0.06703957266702787,-0.22218585014343262,-0.3629254698753357,-0.07911338753595487,-0.0766669511795044,-0.2193084955215454,-0.026956680264021315,-0.10117584466934204,-0.3373800814151764,-0.0515789511014475,-0.11206096410751343,-0.4053681492805481,-0.06429100878133909,-0.11532801389694214,-0.46050071716308594,-0.06991366393461362,-0.029976844787597656,-0.21369010210037231,-0.03500449008836881,-0.03418678045272827,-0.2894333004951477,-0.07427436954870359,-0.039025962352752686,-0.22278928756713867,-0.07607524193420545,-0.03608220815658569,-0.16966062784194946,-0.0664444202889456,0.017501652240753174,-0.18479663133621216,-0.04524505979910032,0.0065749287605285645,-0.20262551307678223,-0.0826020101417555,-0.0010347366333007812,-0.1501903533935547,-0.08352790124311582,0.0014307498931884766,-0.10889929533004761,-0.07547186411514417,jump
0.0,0.0,0.0,-0.0618436336517334,0.005169332027435303,-0.027831006163950178,-0.1228988766670227,-0.05709707736968994,-0.04084576044439814,-0.12266319990158081,-0.13543736934661865,-0.054031514862771246,-0.08329707384109497,-0.17699599266052246,-0.06496669475197336,-0.13149338960647583,-0.18176054954528809,-0.02241742920338652,-0.18703055381774902,-0.25728434324264526,-0.05072857562660715,-0.21930551528930664,-0.3065277338027954,-0.06996091578363917,-0.24168872833251953,-0.3471517562866211,-0.08331917349457285,-0.08639419078826904,-0.20997577905654907,-0.027547096202368948,-0.11962491273880005,-0.32284507155418396,-0.054990110287661764,-0.13995355367660522,-0.39364713430404663,-0.07229685161470911,-0.1499788761138916,-0.45127665996551514,-0.08145387593864939,-0.039012610912323,-0.2081030011177063,-0.03607745964288256,-0.057534992694854736,-0.28823816776275635,-0.07722705725788614,-0.06262391805648804,-0.21357578039169312,-0.07907771442293665,-0.05669236183166504,-0.15651416778564453,-0.06914152328133127,0.011753082275390625,-0.18581438064575195,-0.04671741400122187,-0.01150447130203247,-0.2037624716758728,-0.08687319729685328,-0.016864657402038574,-0.14213508367538452,-0.08808869246601603,-0.009496033191680908,-0.09506630897521973,-0.07913603011726877,jump
0.0,0.0,0.0,-0.0563662052154541,0.016011178493499756,-0.02714417592147811,-0.1244347095489502,-0.04518008232116699,-0.03796950631300433,-0.13287556171417236,-0.1204836368560791,-0.0491404635504864,-0.0928850769996643,-0.16212749481201172,-0.05764363237182124,-0.13814640045166016,-0.1776013970375061,-0.01516762093166335,-0.19204306602478027,-0.24877798557281494,-0.04079441629806979,-0.22484320402145386,-0.2944955825805664,-0.05901815645853503,-0.2514633238315582,-0.33284860849380493,-0.07264806233803256,-0.09223437309265137,-0.20993244647979736,-0.02056990839997752,-0.1275482177734375,-0.3151194453239441,-0.04779851712743266,-0.1535016894340515,-0.3832157254219055,-0.06807461284557803,-0.1710963249206543,-0.4417986571788788,-0.07984128497997744,-0.04565882682800293,-0.21207678318023682,-0.029514922727742032,-0.06888842582702637,-0.2897469401359558,-0.06899600379625781,-0.07168132066726685,-0.20698678493499756,-0.0688756471172951,-0.06605368852615356,-0.1459352970123291,-0.05777461730400546,0.004683017730712891,-0.19621425867080688,-0.04108307041684611,-0.02298414707183838,-0.20585155487060547,-0.08020166956345065,-0.025833308696746826,-0.1329021453857422,-0.08124141298691256,-0.018877387046813965,-0.0792229175567627,-0.07231777064959033,jump
0.0,0.0,0.0,-0.05864846706390381,0.008293330669403076,-0.02704044596184474,-0.12102925777435303,-0.05146431922912598,-0.03943304509748202,-0.12591326236724854,-0.1286059021949768,-0.05264004112113696,-0.08675110340118408,-0.1733749508857727,-0.06366216556061488,-0.13422781229019165,-0.17757576704025269,-0.016378434159648236,-0.1907547116279602,-0.24686753749847412,-0.042424587317597684,-0.22299331426620483,-0.2936481833457947,-0.05995541975725871,-0.24605238437652588,-0.332767128944397,-0.07256273344982844,-0.09083223342895508,-0.20864403247833252,-0.022021578409564313,-0.1287064552307129,-0.31707972288131714,-0.04948535353769046,-0.15215927362442017,-0.3846784234046936,-0.06709227130640727,-0.16543084383010864,-0.43802762031555176,-0.07625006304014903,-0.04429346323013306,-0.20900708436965942,-0.031276343175065335,-0.06673115491867065,-0.29068154096603394,-0.07225389198292476,-0.06908154487609863,-0.2163977026939392,-0.07394080028761607,-0.0625419020652771,-0.1586230993270874,-0.06400711254109126,0.007036089897155762,-0.19007569551467896,-0.04275904760588389,-0.0164334774017334,-0.20348131656646729,-0.08296126291979533,-0.020236968994140625,-0.13818985223770142,-0.08510625527132731,-0.01366424560546875,-0.08734440803527832,-0.07704615757693034,jump
0.0,0.0,0.0,-0.06141626834869385,0.00016033649444580078,-0.028983330825099074,-0.11485844850540161,-0.06738859415054321,-0.040788494521507346,-0.10585683584213257,-0.14580702781677246,-0.05228311988128098,-0.06496131420135498,-0.18543070554733276,-0.062142227316030585,-0.12802857160568237,-0.1827375888824463,-0.020747412467130744,-0.17920613288879395,-0.257889986038208,-0.04675762029899033,-0.2085133194923401,-0.3076496720314026,-0.0645136018337098,-0.22959774732589722,-0.3498919904232025,-0.07730495231760415,-0.0838087797164917,-0.2134993076324463,-0.025261125067004286,-0.11542105674743652,-0.3265139162540436,-0.05015563639415177,-0.1319735050201416,-0.39352405071258545,-0.06515552895677956,-0.14040905237197876,-0.44949373602867126,-0.07280790107859048,-0.036826133728027344,-0.21032631397247314,-0.03363145189894112,-0.04652625322341919,-0.29204070568084717,-0.07436038600815209,-0.048840105533599854,-0.22479581832885742,-0.07828366058481606,-0.04509401321411133,-0.17136448621749878,-0.0702138324321595,0.013247072696685791,-0.18491053581237793,-0.04409983056200417,0.0017046332359313965,-0.2048788070678711,-0.08487211959970864,-0.004497826099395752,-0.14807802438735962,-0.08811681764734658,-0.002418994903564453,-0.10313713550567627,-0.08126353519571694,jump
0.0,0.0,0.0,-0.06270599365234375,-0.015366315841674805,-0.028774855706451774,-0.11166876554489136,-0.0878676176071167,-0.04177809325194204,-0.09819138050079346,-0.16507017612457275,-0.0548210647437557,-0.05596804618835449,-0.20129543542861938,-0.06603849870300138,-0.12024199962615967,-0.19773799180984497,-0.02342963968551004,-0.17255699634552002,-0.27971047163009644,-0.0503139067921623,-0.2001681923866272,-0.3321616053581238,-0.0703857560191139,-0.21848541498184204,-0.3778068721294403,-0.08571923715209806,-0.07583379745483398,-0.22603929042816162,-0.027754547122476936,-0.10450589656829834,-0.34249570965766907,-0.05212019947504842,-0.11585980653762817,-0.41110920906066895,-0.0685644019875511,-0.11972510814666748,-0.4683763384819031,-0.0795134101543411,-0.02969437837600708,-0.21931123733520508,-0.03570258063411558,-0.03553354740142822,-0.3081900179386139,-0.07343811732864225,-0.03407919406890869,-0.24265283346176147,-0.07620693934297407,-0.027417659759521484,-0.1883721947669983,-0.06965625477170789,0.017454564571380615,-0.18827372789382935,-0.046191645834205985,0.009357333183288574,-0.22647696733474731,-0.0839992408189758,0.0035785436630249023,-0.1772826910018921,-0.08637476158475721,0.006582796573638916,-0.13306576013565063,-0.08067233306503141,jump
0.0,0.0,0.0,-0.06064713001251221,-0.021723568439483643,-0.035266122621038676,-0.10347825288772583,-0.10146439075469971,-0.05134966860387635,-0.08669424057006836,-0.17979413270950317,-0.06549215952728105,-0.04193389415740967,-0.21570175886154175,-0.07801757643792939,-0.11537545919418335,-0.20581096410751343,-0.031764405619838953,-0.16276955604553223,-0.294193834066391,-0.05771228189442468,-0.1864616870880127,-0.3488708734512329,-0.07669001708600831,-0.19988757371902466,-0.3976261019706726,-0.09192090372417283,-0.06834983825683594,-0.23151975870132446,-0.032964325350263834,-0.09223276376724243,-0.3498136103153229,-0.057370445531347514,-0.09717285633087158,-0.41886961460113525,-0.07390250901553941,-0.09635889530181885,-0.48011690378189087,-0.0855098653850348,-0.02033066749572754,-0.22375822067260742,-0.03794543336007905,-0.017977893352508545,-0.31975188851356506,-0.08042459825847459,-0.015807390213012695,-0.25469571352005005,-0.08874360362861466,-0.0122184157371521,-0.19974428415298462,-0.0859070781883986,0.02810978889465332,-0.19049406051635742,-0.04519166688297105,0.026406943798065186,-0.23011159896850586,-0.0913806099710257,0.01978999376296997,-0.17230063676834106,-0.09938768933389497,0.02002960443496704,-0.1202736496925354,-0.09692893813226533,jump
0.0,0.0,0.0,-0.06266838312149048,-0.023192286491394043,-0.04885308299579094,-0.10180538892745972,-0.10546833276748657,-0.07197553146995972,-0.07933574914932251,-0.18083429336547852,-0.09139216918863724,-0.030703723430633545,-0.21601098775863647,-0.10893282521881531,-0.11119520664215088,-0.21121114492416382,-0.0440246224812455,-0.1551632285118103,-0.29881036281585693,-0.0755204581133313,-0.17624634504318237,-0.35327890515327454,-0.09772462625421952,-0.1882522702217102,-0.4039169251918793,-0.11527969915785263,-0.06241029500961304,-0.23598438501358032,-0.041854640882391436,-0.08139300346374512,-0.3533482551574707,-0.07390564162649582,-0.08232414722442627,-0.4217170476913452,-0.09483169246830414,-0.07933151721954346,-0.4812973141670227,-0.10911517072834442,-0.014874398708343506,-0.22712409496307373,-0.04518735263862084,-0.007134437561035156,-0.31774020195007324,-0.0983410723916478,-0.00504833459854126,-0.2519006133079529,-0.11360685009874771,-0.0026412010192871094,-0.19384443759918213,-0.11375637580074738,0.03307974338531494,-0.19485759735107422,-0.05152786378182839,0.03364157676696777,-0.23234575986862183,-0.10631231446184586,0.026303470134735107,-0.17414754629135132,-0.12017110962786148,0.023816168308258057,-0.11987513303756714,-0.12127252150692414,jump
0.0,0.0,0.0,-0.061907172203063965,-0.01963716745376587,-0.03696034564807604,-0.10506653785705566,-0.10142654180526733,-0.05270594819619845,-0.08721446990966797,-0.18174457550048828,-0.06622068672611903,-0.040902912616729736,-0.21647638082504272,-0.07807908295824717,-0.11236035823822021,-0.20607900619506836,-0.030055330090071664,-0.15738803148269653,-0.29185065627098083,-0.05570974662139605,-0.17960715293884277,-0.343729168176651,-0.07488165884449671,-0.19188392162322998,-0.39051181077957153,-0.09029518901541422,-0.06615853309631348,-0.23089611530303955,-0.030686623371984467,-0.08771002292633057,-0.3467397689819336,-0.0558101394696493,-0.09247022867202759,-0.41465142369270325,-0.07383717685177515,-0.09077614545822144,-0.4748285412788391,-0.08622039943173121,-0.01955467462539673,-0.22319257259368896,-0.03545558913781832,-0.017370402812957764,-0.31514638662338257,-0.07899926691487025,-0.018197298049926758,-0.25030815601348877,-0.08881446062758158,-0.015371084213256836,-0.1962442398071289,-0.0865568452997465,0.027907609939575195,-0.1912621259689331,-0.04257728248074244,0.023220837116241455,-0.23058611154556274,-0.08906107484533976,0.016346395015716553,-0.1720486879348755,-0.09756404995157908,0.0179937481880188,-0.12001341581344604,-0.09538897215559672,jump
0.0,0.0,0.0,-0.06398558616638184,-0.011857688426971436,-0.02878297714644873,-0.11195355653762817,-0.08495038747787476,-0.040182948467673896,-0.09860771894454956,-0.16296714544296265,-0.05132541095966303,-0.05629450082778931,-0.20208996534347534,-0.060761925188245414,-0.12115210294723511,-0.19604742527008057,-0.019440997747125266,-0.17031395435333252,-0.27690425515174866,-0.04322169384116137,-0.19603443145751953,-0.3289288878440857,-0.06100158801430666,-0.2126656174659729,-0.37494993209838867,-0.0750541169022938,-0.07653415203094482,-0.22421729564666748,-0.023246374336423514,-0.10212540626525879,-0.33720874786376953,-0.046353944001140235,-0.1113845705986023,-0.40640154480934143,-0.06325589155906641,-0.1143236756324768,-0.46336328983306885,-0.07432789391035044,-0.031151235103607178,-0.2192102074623108,-0.03070344997698271,-0.036088407039642334,-0.30869317054748535,-0.06995908206457102,-0.03438538312911987,-0.24321788549423218,-0.0759267736052891,-0.02810889482498169,-0.18800628185272217,-0.07117166405672037,0.016108214855194092,-0.1910763382911682,-0.04031610524410212,0.008441567420959473,-0.21950429677963257,-0.08230704104656184,0.002800881862640381,-0.1614466905593872,-0.08821157401555979,0.00607532262802124,-0.11069339513778687,-0.08418329840654337,jump
0.0,0.0,0.0,-0.06293261051177979,-0.0014882087707519531,-0.03172489101909548,-0.11399680376052856,-0.06765246391296387,-0.0452722258391276,-0.10357463359832764,-0.14347600936889648,-0.05824676747344881,-0.06256526708602905,-0.18596649169921875,-0.06927137295626551,-0.12468290328979492,-0.18657690286636353,-0.020575473410119116,-0.1761435866355896,-0.26013630628585815,-0.04737490634344965,-0.20508801937103271,-0.3094181716442108,-0.06647232393645197,-0.2251373529434204,-0.3524094820022583,-0.0805512614073649,-0.08043938875198364,-0.21624356508255005,-0.024328654957045615,-0.11035293340682983,-0.32596832513809204,-0.05095765585922152,-0.12335205078125,-0.3936620354652405,-0.06844000737093836,-0.12932920455932617,-0.4512370228767395,-0.07833307455204874,-0.035031676292419434,-0.2129250168800354,-0.032342838448514044,-0.04226350784301758,-0.2951752543449402,-0.07591901193283945,-0.042504191398620605,-0.2247273325920105,-0.08173825810574442,-0.03808736801147461,-0.16883212327957153,-0.07480275849722773,0.013838112354278564,-0.18768054246902466,-0.042636340809096396,0.00511479377746582,-0.204836905002594,-0.0872273541512385,-0.0014073848724365234,-0.1428619623184204,-0.09304776261471659,-0.00048172473907470703,-0.09359246492385864,-0.08770045856856257,jump
0.0,0.0,0.0,-0.06433302164077759,-0.002039611339569092,-0.03249160733062695,-0.11728698015213013,-0.06872844696044922,-0.04647626515466641,-0.10999506711959839,-0.14996451139450073,-0.059669216833896144,-0.06866669654846191,-0.19558149576187134,-0.0704858505352206,-0.1289462447166443,-0.19370192289352417,-0.020209518931693538,-0.18113058805465698,-0.27242183685302734,-0.046236851923055156,-0.2101067304611206,-0.3232061266899109,-0.06567746933538388,-0.2300918698310852,-0.3680427372455597,-0.08057857837516735,-0.08450895547866821,-0.22182703018188477,-0.02307494517404507,-0.11501353979110718,-0.33010417222976685,-0.04914105098683308,-0.129050612449646,-0.39772671461105347,-0.06823268320400189,-0.13624709844589233,-0.454589307308197,-0.08010003503400753,-0.03913623094558716,-0.21811741590499878,-0.030117325223869784,-0.047596514225006104,-0.30643028020858765,-0.07264905210573147,-0.046378374099731445,-0.23765558004379272,-0.07950821306545208,-0.039686381816864014,-0.18192195892333984,-0.07424226935941647,0.009792149066925049,-0.19279998540878296,-0.039481715969628794,-0.0003910064697265625,-0.21660590171813965,-0.0842679419739909,-0.0055419206619262695,-0.15429294109344482,-0.09128778960544537,-0.0019347667694091797,-0.10318231582641602,-0.08709408130485485,jump
0.0,0.0,0.0,-0.06412732601165771,-0.011707305908203125,-0.04295812803290744,-0.109835684299469,-0.08530974388122559,-0.06308856490038295,-0.09457790851593018,-0.16581660509109497,-0.08055092277906795,-0.04847902059555054,-0.20855528116226196,-0.0959597516336288,-0.11824524402618408,-0.20370852947235107,-0.03567698853991885,-0.165835440158844,-0.2888186275959015,-0.06480286898992915,-0.19160747528076172,-0.3422485888004303,-0.08653604122780223,-0.20834583044052124,-0.3918989598751068,-0.10402350756309886,-0.07133936882019043,-0.22952115535736084,-0.03518606978438754,-0.09655845165252686,-0.34657973051071167,-0.06485756370209117,-0.10409533977508545,-0.4177494943141937,-0.08744184556387324,-0.10736548900604248,-0.4780203700065613,-0.10301448288343806,-0.024960339069366455,-0.2229921817779541,-0.03925842302821536,-0.027914345264434814,-0.3171928822994232,-0.08747046324394603,-0.02528965473175049,-0.2523706555366516,-0.10210764291666408,-0.01984560489654541,-0.1986680030822754,-0.10289843264006038,0.023468077182769775,-0.19420427083969116,-0.04596404242299457,0.019008278846740723,-0.22738468647003174,-0.09741746517799754,0.013163745403289795,-0.16551560163497925,-0.110279275802597,0.01440131664276123,-0.11136561632156372,-0.1108160081782188,jump
0.0,0.0,0.0,-0.06378287076950073,-6.395578384399414e-05,-0.033962320036422966,-0.11701220273971558,-0.06569766998291016,-0.04925981113983369,-0.1078076958656311,-0.14667975902557373,-0.06363724867178178,-0.06408530473709106,-0.1889304518699646,-0.07557167807890153,-0.12701886892318726,-0.19218087196350098,-0.023462524137627838,-0.17752325534820557,-0.2722722291946411,-0.05023503998590684,-0.20454847812652588,-0.32434889674186707,-0.06959621558262086,-0.2229846715927124,-0.3694550693035126,-0.08443815956188416,-0.08102506399154663,-0.22085243463516235,-0.026276042184960602,-0.10804277658462524,-0.3308674991130829,-0.053626223898660896,-0.11953753232955933,-0.40139877796173096,-0.07287875512911057,-0.12461519241333008,-0.46022462844848633,-0.08470386961771226,-0.035437822341918945,-0.21663063764572144,-0.03323339620901322,-0.04092830419540405,-0.3035238981246948,-0.07544964501930451,-0.04002422094345093,-0.23260343074798584,-0.08016869375778413,-0.03486895561218262,-0.17586863040924072,-0.07335770080162263,0.013522207736968994,-0.1896631121635437,-0.04288121262861466,0.006834626197814941,-0.21323132514953613,-0.08716995219064927,0.0005167722702026367,-0.14914268255233765,-0.0929105872876761,0.0010736584663391113,-0.0959482192993164,-0.08769324371887421,jump
0.0,0.0,0.0,-0.06350070238113403,0.005614280700683594,-0.034830681995401847,-0.1188962459564209,-0.054683029651641846,-0.051333718017588126,-0.11445474624633789,-0.13219815492630005,-0.06714086608673142,-0.07446914911270142,-0.17904478311538696,-0.08041008190895127,-0.13175219297409058,-0.18694370985031128,-0.021098522485146987,-0.18337804079055786,-0.26128822565078735,-0.04877226428772019,-0.21368330717086792,-0.30850210785865784,-0.06871127711320923,-0.23497110605239868,-0.3494746685028076,-0.08358888702179001,-0.08576107025146484,-0.2175864577293396,-0.02427413129890965,-0.11580222845077515,-0.3240220546722412,-0.05241688342476891,-0.1316550374031067,-0.3917476534843445,-0.07194037364507722,-0.14027070999145508,-0.4488310217857361,-0.08344230429912614,-0.03957337141036987,-0.21442073583602905,-0.03217555211568879,-0.04985690116882324,-0.29777613282203674,-0.0766338221886258,-0.048581838607788086,-0.22397911548614502,-0.08244140075231599,-0.04129868745803833,-0.16601228713989258,-0.07549702750230836,0.009580254554748535,-0.1903364062309265,-0.04273272307301568,-0.004178285598754883,-0.20902585983276367,-0.08869987355257081,-0.008334755897521973,-0.14485794305801392,-0.09535641597295808,-0.004315078258514404,-0.09376633167266846,-0.09032307194257783,jump
0.0,0.0,0.0,-0.06561803817749023,-0.0019135475158691406,-0.03464277041935304,-0.11956411600112915,-0.06853240728378296,-0.049901403019660506,-0.11027389764785767,-0.14824515581130981,-0.0641378830172954,-0.06670784950256348,-0.1921573281288147,-0.07608588738226274,-0.1291094422340393,-0.1955280303955078,-0.021661821285718474,-0.18094652891159058,-0.27539652585983276,-0.04760134545945505,-0.210426926612854,-0.3264448046684265,-0.0666487882831035,-0.23010742664337158,-0.3718993663787842,-0.08143823547148088,-0.08301448822021484,-0.22440290451049805,-0.024532597044938598,-0.11258035898208618,-0.3343208432197571,-0.050889011005395446,-0.12669193744659424,-0.4031781554222107,-0.06995415640854219,-0.13362181186676025,-0.4605042338371277,-0.08176510734342912,-0.036118149757385254,-0.21998053789138794,-0.03191079525136331,-0.04330211877822876,-0.3081337511539459,-0.07708980096363405,-0.04184746742248535,-0.23678863048553467,-0.08518650336050371,-0.03520989418029785,-0.17786633968353271,-0.08014301908993104,0.014044702053070068,-0.1930330991744995,-0.04165845690154413,0.0049994587898254395,-0.21670305728912354,-0.0896350513198314,-0.0013508796691894531,-0.15126729011535645,-0.09772235108398775,0.0005283355712890625,-0.09637337923049927,-0.09381915582203249,jump
0.0,0.0,0.0,-0.06744623184204102,-0.012538254261016846,-0.045326956208782576,-0.11247140169143677,-0.08408021926879883,-0.06734820887072601,-0.09501117467880249,-0.15996956825256348,-0.08688629850371399,-0.04953169822692871,-0.20478326082229614,-0.10451510980351486,-0.1188809871673584,-0.2013322114944458,-0.03635707929356613,-0.16709911823272705,-0.28652530908584595,-0.06827301218731918,-0.19296932220458984,-0.33963263034820557,-0.09260446264966049,-0.20940840244293213,-0.38962072134017944,-0.11203836336358108,-0.07169240713119507,-0.22793740034103394,-0.03641631885989227,-0.09786039590835571,-0.3414115607738495,-0.06886601134760895,-0.10526275634765625,-0.4111585021018982,-0.0941741658709816,-0.10866212844848633,-0.47281479835510254,-0.11174372270329513,-0.025366604328155518,-0.22286456823349,-0.04168709054215469,-0.028978407382965088,-0.31453096866607666,-0.09368653282149353,-0.025622665882110596,-0.24642497301101685,-0.11088849290831604,-0.018768370151519775,-0.19052881002426147,-0.11328003987296142,0.022898197174072266,-0.1962926983833313,-0.04981257453187027,0.016652822494506836,-0.2196946144104004,-0.10548931046946564,0.012543201446533203,-0.1569644808769226,-0.12141372695191421,0.016662240028381348,-0.10432738065719604,-0.12393156870825806,jump
0.0,0.0,0.0,-0.06460416316986084,-0.0012894272804260254,-0.03444071788899805,-0.1182590126991272,-0.06637239456176758,-0.05000355024449732,-0.10814493894577026,-0.14580124616622925,-0.06441327486746218,-0.06548202037811279,-0.19034284353256226,-0.07648539100401308,-0.12749451398849487,-0.19282442331314087,-0.024222220523284932,-0.17806106805801392,-0.2734374403953552,-0.051262411518024464,-0.20585781335830688,-0.32471174001693726,-0.07080585811846163,-0.22463446855545044,-0.36966657638549805,-0.08562622521631624,-0.08188050985336304,-0.22101372480392456,-0.02693317760341074,-0.10922044515609741,-0.33221155405044556,-0.05365648422949221,-0.12151163816452026,-0.4018310308456421,-0.0725374326538315,-0.12703025341033936,-0.459627628326416,-0.0841743082236519,-0.03580695390701294,-0.2159404158592224,-0.033962088866161366,-0.042067885398864746,-0.30318886041641235,-0.07764897797815706,-0.04027855396270752,-0.23371505737304688,-0.0848319113682976,-0.03351682424545288,-0.1762976050376892,-0.07957145128958132,0.013256549835205078,-0.18823999166488647,-0.043472870482133885,0.006342589855194092,-0.21134895086288452,-0.08957530115358736,0.00013822317123413086,-0.1493028998374939,-0.09710140083544161,0.0015531182289123535,-0.09713351726531982,-0.0931113839577904,jump
0.0,0.0,0.0,-0.06200289726257324,0.0055727362632751465,-0.03171373199218408,-0.1192590594291687,-0.052835702896118164,-0.047306050020395674,-0.11837583780288696,-0.12884533405303955,-0.06262565817230836,-0.07895117998123169,-0.17470860481262207,-0.07590503658646242,-0.13267982006072998,-0.1813639998435974,-0.022164339604913152,-0.18607693910598755,-0.2563130259513855,-0.04939287941449777,-0.2171316146850586,-0.3032190203666687,-0.06842354353064195,-0.238750159740448,-0.3438199758529663,-0.08235236670368806,-0.08753961324691772,-0.21263211965560913,-0.0265420474439253,-0.11909627914428711,-0.3207455575466156,-0.053259928184687055,-0.13703221082687378,-0.38807159662246704,-0.07090986188048021,-0.14697104692459106,-0.44425076246261597,-0.08099782879942552,-0.040625929832458496,-0.21029698848724365,-0.03508255671256677,-0.052239179611206055,-0.2937496602535248,-0.07843981351250306,-0.05207139253616333,-0.2212221622467041,-0.08329932804697648,-0.045639634132385254,-0.16300565004348755,-0.0757590126573433,0.00928807258605957,-0.18637025356292725,-0.04593252803677217,-0.004487931728363037,-0.20546650886535645,-0.09086916263693467,-0.008894681930541992,-0.1416175365447998,-0.0961602818548073,-0.004951655864715576,-0.08973526954650879,-0.09014960046404497,jump
0.0,0.0,0.0,-0.059754371643066406,0.013553917407989502,-0.03009534588409224,-0.12438011169433594,-0.04249000549316406,-0.04518798886192599,-0.13446521759033203,-0.11944282054901123,-0.06104254870069781,-0.09429919719696045,-0.1646968126296997,-0.0739950924958066,-0.13911384344100952,-0.17352920770645142,-0.01629715746594229,-0.19383490085601807,-0.24359625577926636,-0.04364958180440226,-0.2260289192199707,-0.2918562889099121,-0.06300914435041705,-0.24886208772659302,-0.33232855796813965,-0.07802645264519015,-0.09472054243087769,-0.20561635494232178,-0.021448097735174088,-0.13108986616134644,-0.3069426119327545,-0.05215063838613787,-0.1534130573272705,-0.37679362297058105,-0.07468383906734744,-0.16622543334960938,-0.4326229691505432,-0.08801608680141726,-0.049234867095947266,-0.20684856176376343,-0.03065156711591044,-0.06722211837768555,-0.2896583080291748,-0.07529299108637133,-0.06756216287612915,-0.21239584684371948,-0.07925386129272738,-0.060869812965393066,-0.15303397178649902,-0.0705165654267148,0.002348482608795166,-0.19108009338378906,-0.042272524520285515,-0.018101215362548828,-0.20504820346832275,-0.08801475314749041,-0.020859479904174805,-0.13491380214691162,-0.09412658362043658,-0.01537543535232544,-0.08039367198944092,-0.08812076745880404,jump
0.0,0.0,0.0,-0.06285494565963745,0.003896653652191162,-0.031085595475886407,-0.11905455589294434,-0.05449724197387695,-0.045697275536511484,-0.12013226747512817,-0.13085877895355225,-0.06062490491792971,-0.08171749114990234,-0.1774832010269165,-0.07318443431184107,-0.13211631774902344,-0.18372094631195068,-0.015661943691227975,-0.18583005666732788,-0.25799745321273804,-0.04156990720555598,-0.21709150075912476,-0.3045300543308258,-0.060380998986218515,-0.23908263444900513,-0.34487536549568176,-0.07431608809754664,-0.08791279792785645,-0.21435344219207764,-0.019548721598837915,-0.12073469161987305,-0.31902632117271423,-0.04602462052032763,-0.1395641565322876,-0.3862021565437317,-0.06525130196139628,-0.15049225091934204,-0.44126731157302856,-0.07647471501157099,-0.04266780614852905,-0.2125556468963623,-0.027849432068322244,-0.054994046688079834,-0.2962591052055359,-0.06973763926551158,-0.05459362268447876,-0.22365283966064453,-0.0754044093065005,-0.04792451858520508,-0.16620415449142456,-0.0686532445125323,0.006198883056640625,-0.1905195116996765,-0.03858898578808123,-0.007348239421844482,-0.20706552267074585,-0.08179793878123576,-0.011090576648712158,-0.1435874104499817,-0.08801991118714625,-0.006959974765777588,-0.09245038032531738,-0.08294041080996806,jump
0.0,0.0,0.0,-0.06454455852508545,-0.0029845833778381348,-0.034313789301620545,-0.11732494831085205,-0.06520718336105347,-0.050358331495033326,-0.11002242565155029,-0.14343291521072388,-0.06550207241724593,-0.06799030303955078,-0.18793076276779175,-0.07822693391989333,-0.12791532278060913,-0.19107627868652344,-0.021473102935658517,-0.17797410488128662,-0.26891106367111206,-0.047365332686410966,-0.2062746286392212,-0.31845831871032715,-0.06665373101185423,-0.2252596616744995,-0.36336028575897217,-0.08165169759939772,-0.0827474594116211,-0.22046446800231934,-0.024223399081336083,-0.11131620407104492,-0.32734671235084534,-0.0500633890862332,-0.12497544288635254,-0.3952476382255554,-0.06908077254246336,-0.1320810317993164,-0.4522722363471985,-0.0811353723640309,-0.03686803579330444,-0.21664124727249146,-0.03143921002100569,-0.04283761978149414,-0.30353865027427673,-0.07450454189728362,-0.04102283716201782,-0.234824538230896,-0.08196241661261183,-0.034916698932647705,-0.17736577987670898,-0.07708107187698943,0.012401223182678223,-0.1902192234992981,-0.04116420700501067,0.005117654800415039,-0.21427589654922485,-0.08657899006556136,-0.0003955364227294922,-0.15330493450164795,-0.09414290144394499,0.0010745525360107422,-0.10134834051132202,-0.09037671490858656,jump
0.0,0.0,0.0,-0.06837421655654907,-0.011152148246765137,-0.04871221743334786,-0.11272931098937988,-0.07960164546966553,-0.07471443451751725,-0.0974317193031311,-0.15177017450332642,-0.09855762608160035,-0.051518261432647705,-0.19728684425354004,-0.12118421234001175,-0.11784917116165161,-0.19156193733215332,-0.04069299734939591,-0.16477859020233154,-0.277646541595459,-0.07578561194051758,-0.18954885005950928,-0.3295929431915283,-0.10154229886640564,-0.20462960004806519,-0.3788919150829315,-0.12179261930097596,-0.07153528928756714,-0.21700787544250488,-0.04146044067849175,-0.09615784883499146,-0.328034371137619,-0.07799036539901749,-0.10267508029937744,-0.39603477716445923,-0.10535114742626206,-0.10590660572052002,-0.4574470520019531,-0.1242331836353685,-0.026291489601135254,-0.2129499912261963,-0.04809289537180916,-0.029288172721862793,-0.3047332167625427,-0.10532773025144593,-0.026633858680725098,-0.2391858696937561,-0.12556618936170594,-0.021030843257904053,-0.18469786643981934,-0.12976591773141877,0.021169841289520264,-0.18946975469589233,-0.05774781219471947,0.017306864261627197,-0.2102481722831726,-0.11899936683286683,0.01419973373413086,-0.14621710777282715,-0.13847823925127045,0.01825159788131714,-0.09210216999053955,-0.14338292665590302,jump
0.0,0.0,0.0,-0.06914055347442627,-0.04025554656982422,-0.01860902141339693,-0.12274348735809326,-0.10116708278656006,-0.034915404948662854,-0.13723969459533691,-0.16642451286315918,-0.05392045024342451,-0.11451154947280884,-0.21911650896072388,-0.06922888624973211,-0.08129358291625977,-0.1866588592529297,-0.002705597640272117,-0.10166525840759277,-0.24856558442115784,-0.037667094352912045,-0.09871667623519897,-0.19131752848625183,-0.06085220593519125,-0.08871370553970337,-0.13467878103256226,-0.0711013885170928,-0.04683101177215576,-0.18860721588134766,-0.00773697867549572,-0.07070308923721313,-0.255270391702652,-0.04382674637741957,-0.06724387407302856,-0.18432092666625977,-0.05712674427337561,-0.05817621946334839,-0.12602823972702026,-0.05807721856541548,-0.010754585266113281,-0.18409091234207153,-0.018203050452541447,-0.03475308418273926,-0.24934709072113037,-0.053133642855357266,-0.03562772274017334,-0.17226022481918335,-0.047639972153376675,-0.02888435125350952,-0.11294430494308472,-0.034832837614487744,0.0288812518119812,-0.16757583618164062,-0.030709494459699727,-0.00019401311874389648,-0.2112722396850586,-0.05558444056219969,-0.006674647331237793,-0.15531009435653687,-0.050266763749789334,-0.0019600987434387207,-0.10869550704956055,-0.039789399686526394,roll
0.0,0.0,0.0,-0.065562903881073,-0.03709578514099121,-0.020690852420500505,-0.12071561813354492,-0.0969470739364624,-0.03694878855543493,-0.13710570335388184,-0.16465115547180176,-0.055141515674165476,-0.11100852489471436,-0.21652492880821228,-0.06904432887034773,-0.07951927185058594,-0.18434041738510132,-0.0030868024268215777,-0.09830701351165771,-0.23827803134918213,-0.03748519310551046,-0.09373420476913452,-0.1778075098991394,-0.05843912401991247,-0.08156585693359375,-0.1247900128364563,-0.06724211538033842,-0.044592320919036865,-0.18657910823822021,-0.006476207280627477,-0.06796956062316895,-0.24336674809455872,-0.043485421331695306,-0.06314980983734131,-0.16823291778564453,-0.054264254512361276,-0.05176514387130737,-0.11316788196563721,-0.05240597167806982,-0.008539319038391113,-0.18284320831298828,-0.015686021762064684,-0.033624112606048584,-0.23572039604187012,-0.05228493699627279,-0.032756507396698,-0.15720301866531372,-0.04539280721741079,-0.023697316646575928,-0.10180860757827759,-0.03029779681759237,0.03056180477142334,-0.16743981838226318,-0.02702514791684507,0.001318514347076416,-0.20789223909378052,-0.05262499639587759,-0.004825413227081299,-0.15079909563064575,-0.04683932626443266,0.0005570054054260254,-0.10607832670211792,-0.0351996716280496,roll
0.0,0.0,0.0,-0.06877630949020386,-0.02882838249206543,-0.02367655255449108,-0.1338147521018982,-0.08938050270080566,-0.04167967357290081,-0.15720218420028687,-0.16443204879760742,-0.06106647171628765,-0.12896126508712769,-0.221416175365448,-0.07542963393581203,-0.09888726472854614,-0.19222450256347656,-0.006741161202910462,-0.12584078311920166,-0.24859529733657837,-0.04569038443815998,-0.11207479238510132,-0.18084871768951416,-0.06886687942397884,-0.09190446138381958,-0.12761741876602173,-0.07856561311137966,-0.05858612060546875,-0.19754290580749512,-0.009431262245300331,-0.08927464485168457,-0.2502437233924866,-0.05078294568312458,-0.07417154312133789,-0.16683536767959595,-0.061517976900461235,-0.05636221170425415,-0.11197584867477417,-0.05834571712267689,-0.017415404319763184,-0.19638437032699585,-0.018506035884740868,-0.04970270395278931,-0.24504786729812622,-0.05932005189907841,-0.040193021297454834,-0.15883010625839233,-0.050852813502672234,-0.025982677936553955,-0.10293477773666382,-0.03327014364850811,0.026295900344848633,-0.18367546796798706,-0.02993946403813652,-0.007959306240081787,-0.21973556280136108,-0.058959369292381325,-0.009317934513092041,-0.1561906933784485,-0.0529513365830212,-4.661083221435547e-05,-0.10999065637588501,-0.039837584575536766,roll
0.0,0.0,0.0,-0.06980502605438232,-0.03263652324676514,-0.027467952282336228,-0.1353481411933899,-0.09901928901672363,-0.0470792028914957,-0.15747076272964478,-0.17843729257583618,-0.06720784416904735,-0.12702494859695435,-0.23365843296051025,-0.08193589857330608,-0.10304093360900879,-0.20182722806930542,-0.011535423048940174,-0.12653762102127075,-0.26134419441223145,-0.05167108139505672,-0.11416465044021606,-0.19281351566314697,-0.07411464414110469,-0.09645324945449829,-0.14005446434020996,-0.08331115654220866,-0.05958056449890137,-0.2070266604423523,-0.012987944469955437,-0.08690059185028076,-0.26468196511268616,-0.05637363827338504,-0.0748949646949768,-0.17628169059753418,-0.06676056346407222,-0.06001216173171997,-0.11981862783432007,-0.06294015160312938,-0.015408515930175781,-0.20362722873687744,-0.020960374907758705,-0.041943132877349854,-0.25505173206329346,-0.06454531958809184,-0.036179542541503906,-0.16375738382339478,-0.055655905218031876,-0.026016712188720703,-0.1064833402633667,-0.03722935280313777,0.030117571353912354,-0.18742495775222778,-0.03138826152792262,0.0015103816986083984,-0.225141704082489,-0.06223368755092906,-0.0025506019592285156,-0.15895813703536987,-0.0561206426333456,0.0033826231956481934,-0.11243849992752075,-0.04266074037661838,roll
0.0,0.0,0.0,-0.07010436058044434,-0.038056910037994385,-0.030545948844064696,-0.13387614488601685,-0.10693347454071045,-0.053151705141772254,-0.1546027660369873,-0.18830424547195435,-0.07617817151140116,-0.12293678522109985,-0.2439727783203125,-0.09327985423396967,-0.09730881452560425,-0.21080172061920166,-0.017697756018151267,-0.11970889568328857,-0.27456575632095337,-0.05905207696150683,-0.11113965511322021,-0.20450609922409058,-0.07980235743116282,-0.0960242748260498,-0.1473422646522522,-0.08776526230167292,-0.051886558532714844,-0.214781254529953,-0.01882546658407591,-0.07729780673980713,-0.2755258083343506,-0.0653208278376951,-0.06687682867050171,-0.18149793148040771,-0.0754904456694021,-0.052387893199920654,-0.12328124046325684,-0.07137943136285685,-0.005144000053405762,-0.20942890644073486,-0.026462438355792983,-0.028434395790100098,-0.25994250178337097,-0.0727458082396879,-0.02465188503265381,-0.164262592792511,-0.06318100618909739,-0.015732944011688232,-0.10808038711547852,-0.0443499431271448,0.04231995344161987,-0.1899021863937378,-0.03678371089290522,0.018205463886260986,-0.2326638102531433,-0.06752108114551447,0.010991096496582031,-0.16398131847381592,-0.06009659620713137,0.014822840690612793,-0.11904394626617432,-0.046336908664216025,roll
0.0,0.0,0.0,-0.06639468669891357,-0.032172977924346924,-0.023959996765540836,-0.13003301620483398,-0.10098505020141602,-0.04187352082698226,-0.14574766159057617,-0.18045103549957275,-0.06060036889283538,-0.11492902040481567,-0.23317542672157288,-0.07410317159263968,-0.09012669324874878,-0.2009630799293518,-0.010036836965070961,-0.10851067304611206,-0.25914981961250305,-0.04868551961152434,-0.10137784481048584,-0.1913171410560608,-0.06995357817976355,-0.0876389741897583,-0.14112889766693115,-0.07872487849562049,-0.04801476001739502,-0.20404696464538574,-0.012619685968445538,-0.07157552242279053,-0.2607347369194031,-0.05308525509207129,-0.06533926725387573,-0.17299872636795044,-0.06062522775499701,-0.05244570970535278,-0.1238129734992981,-0.055740809654878376,-0.005906343460083008,-0.19858908653259277,-0.021563115185188053,-0.02924966812133789,-0.24427953362464905,-0.06222607812850356,-0.028675436973571777,-0.15718704462051392,-0.0516591543611753,-0.019840121269226074,-0.10918992757797241,-0.03330954036681533,0.03804248571395874,-0.1803402304649353,-0.03265357262461066,0.011459589004516602,-0.2208133339881897,-0.05953745043842673,0.005287826061248779,-0.1569533348083496,-0.05134941882459998,0.010939180850982666,-0.11702191829681396,-0.037641561245607136,roll
0.0,0.0,0.0,-0.0669405460357666,-0.011219143867492676,-0.02503508390304887,-0.1381247639656067,-0.07321256399154663,-0.040060379220221876,-0.16336393356323242,-0.14815330505371094,-0.054761179400657056,-0.1354527473449707,-0.1976609230041504,-0.06373388008591974,-0.1055382490158081,-0.17670464515686035,-0.010123792713557123,-0.13421189785003662,-0.22937431931495667,-0.04640844152686441,-0.1202889084815979,-0.1622251272201538,-0.06457113162991845,-0.10055816173553467,-0.12072479724884033,-0.07132862941739404,-0.0647425651550293,-0.18577760457992554,-0.011214647119913934,-0.09764236211776733,-0.23566532135009766,-0.04958642335054719,-0.08380919694900513,-0.15092402696609497,-0.0551720900964483,-0.06527024507522583,-0.10896569490432739,-0.04836403639433229,-0.024010181427001953,-0.1861211657524109,-0.018773962421391843,-0.055260658264160156,-0.2243463397026062,-0.05938477875110948,-0.046070396900177,-0.13875740766525269,-0.04910943345544183,-0.029989540576934814,-0.0940590500831604,-0.03011844554362142,0.020125091075897217,-0.17579835653305054,-0.028376566855286,-0.012572228908538818,-0.20718705654144287,-0.057699345661376356,-0.011974632740020752,-0.14243459701538086,-0.05103000686881387,-0.0004706382751464844,-0.10219919681549072,-0.03725309730884874,roll
0.0,0.0,0.0,-0.06717067956924438,-0.007846593856811523,-0.023172901939972235,-0.13988345861434937,-0.059889793395996094,-0.03770460374317963,-0.17067980766296387,-0.1300094723701477,-0.05252615548334916,-0.14999598264694214,-0.18746542930603027,-0.061686983328684164,-0.1124224066734314,-0.18178820610046387,-0.003686747277527047,-0.14766162633895874,-0.21581780910491943,-0.0394715461846431,-0.12877684831619263,-0.14954668283462524,-0.060279829424246145,-0.10377544164657593,-0.10997581481933594,-0.06972282193265755,-0.07643210887908936,-0.19698649644851685,-0.006360997442527605,-0.12038463354110718,-0.23063534498214722,-0.045170431953295065,-0.09848159551620483,-0.14806997776031494,-0.054048234593494726,-0.07407259941101074,-0.1050875186920166,-0.049865709614380194,-0.037102580070495605,-0.20263642072677612,-0.015486186366899801,-0.07902282476425171,-0.2216506004333496,-0.05561018548570473,-0.05918043851852417,-0.13610577583312988,-0.04797047562561829,-0.03719329833984375,-0.09148550033569336,-0.03127712942324479,0.007177948951721191,-0.19622302055358887,-0.026926169168575598,-0.03403806686401367,-0.21003198623657227,-0.05563755891881783,-0.02896904945373535,-0.14523178339004517,-0.05085222981534798,-0.014307379722595215,-0.10686391592025757,-0.03883453271947701,roll
0.0,0.0,0.0,-0.068695068359375,-0.003977477550506592,-0.023341136649719374,-0.14205598831176758,-0.05854344367980957,-0.035729747862092154,-0.1723279356956482,-0.1293061375617981,-0.04832506239461054,-0.1537851095199585,-0.18643730878829956,-0.05508768990682711,-0.11896991729736328,-0.17373061180114746,-0.0007566712591824398,-0.15141057968139648,-0.21524083614349365,-0.03620360851334681,-0.1293184757232666,-0.1511991024017334,-0.05718245416926493,-0.10505300760269165,-0.10677707195281982,-0.065941312015525,-0.08221679925918579,-0.18738412857055664,-0.0024818334640031026,-0.12197601795196533,-0.22474050521850586,-0.041515365839472906,-0.09649789333343506,-0.1430409550666809,-0.05241471216129412,-0.07258039712905884,-0.09580999612808228,-0.04882048502611269,-0.04288375377655029,-0.1925109624862671,-0.010679350831082957,-0.07980179786682129,-0.21855199337005615,-0.05097140431450953,-0.05860859155654907,-0.13391876220703125,-0.04409213423775782,-0.03828555345535278,-0.0849035382270813,-0.027002808303109305,0.0014411211013793945,-0.18703436851501465,-0.021126064137092726,-0.03544580936431885,-0.20976996421813965,-0.051174861044160025,-0.028350472450256348,-0.14617812633514404,-0.04635807931470026,-0.014485180377960205,-0.10436326265335083,-0.033329900950661795,roll
0.0,0.0,0.0,-0.06861424446105957,-0.014985620975494385,-0.023767263951981477,-0.1426810622215271,-0.07341575622558594,-0.04061634405263703,-0.17239594459533691,-0.14676886796951294,-0.057948503035390786,-0.14337700605392456,-0.2000940442085266,-0.06937499656089585,-0.115997314453125,-0.18094563484191895,-0.008333616282129697,-0.14660382270812988,-0.2327980399131775,-0.04788624061950486,-0.12867552042007446,-0.165030837059021,-0.06954544349321168,-0.10772871971130371,-0.121978759765625,-0.07838981910356324,-0.0742793083190918,-0.19110053777694702,-0.011175193215990475,-0.10852372646331787,-0.24024972319602966,-0.05158262639054101,-0.08931225538253784,-0.15473264455795288,-0.059002547848308495,-0.0710294246673584,-0.11236363649368286,-0.05357751189478677,-0.03207755088806152,-0.1917772889137268,-0.020656143638575486,-0.06537878513336182,-0.23355108499526978,-0.06188555373557847,-0.05176591873168945,-0.14770054817199707,-0.050870894777858666,-0.03579789400100708,-0.102852463722229,-0.03163897185334008,0.013748466968536377,-0.1808364987373352,-0.03225947855719369,-0.020034611225128174,-0.21268099546432495,-0.060679323363387994,-0.015479505062103271,-0.15016812086105347,-0.052805110204303674,-0.0029201507568359375,-0.11303991079330444,-0.0384990827620868,roll
0.0,0.0,0.0,-0.07218223810195923,-0.02838975191116333,-0.02365683605682989,-0.14100688695907593,-0.0947524905204773,-0.04116742526900907,-0.161532461643219,-0.1735110878944397,-0.059596693420530755,-0.13202351331710815,-0.2279759645462036,-0.07258321558845182,-0.10706597566604614,-0.19841429591178894,-0.00855044768911739,-0.134538471698761,-0.25743913650512695,-0.04863025462043424,-0.12180948257446289,-0.1861324906349182,-0.07093931948554655,-0.10335999727249146,-0.13488125801086426,-0.0799067637861981,-0.06345343589782715,-0.20408600568771362,-0.012222389036537606,-0.09346276521682739,-0.26159942150115967,-0.05444272076499601,-0.08154398202896118,-0.17206299304962158,-0.06306456988465925,-0.06558340787887573,-0.12117743492126465,-0.058170261138798196,-0.01972430944442749,-0.2000339925289154,-0.022387486228467424,-0.048725903034210205,-0.2507593631744385,-0.06502904211890836,-0.042061030864715576,-0.16050273180007935,-0.053898798579098184,-0.02960902452468872,-0.11040085554122925,-0.03430903916967054,0.02597290277481079,-0.18294817209243774,-0.03467935165178915,-0.0039406418800354,-0.22084441781044006,-0.06344909434926649,-0.006281912326812744,-0.15521883964538574,-0.05472101857674261,0.0016483068466186523,-0.11434060335159302,-0.03984626596582075,roll
0.0,0.0,0.0,-0.07024973630905151,-0.04348522424697876,-0.027189015307783393,-0.1337854266166687,-0.11625957489013672,-0.048944701337575225,-0.1502053141593933,-0.19876471161842346,-0.07149983652806213,-0.11337423324584961,-0.24885961413383484,-0.08866560914492538,-0.0978769063949585,-0.21337604522705078,-0.018140186452626494,-0.11519438028335571,-0.2796711027622223,-0.05665340357398918,-0.10836416482925415,-0.21420708298683167,-0.07588926413035324,-0.09686565399169922,-0.1568562388420105,-0.08363683977103165,-0.051489830017089844,-0.21606287360191345,-0.020964034729956893,-0.07213938236236572,-0.2826659679412842,-0.06413127192234924,-0.06421619653701782,-0.19174307584762573,-0.07390647091841629,-0.05319654941558838,-0.1335548758506775,-0.07108916052555969,-0.0038260221481323242,-0.20902344584465027,-0.029448467203735618,-0.0234869122505188,-0.2664797604084015,-0.07300847479081085,-0.02240532636642456,-0.17321383953094482,-0.0631952554819577,-0.017371296882629395,-0.11631554365158081,-0.04568672635531357,0.043665170669555664,-0.18782663345336914,-0.0402525783417218,0.023644983768463135,-0.23688778281211853,-0.0695220873591893,0.01515042781829834,-0.17042332887649536,-0.06130876847481659,0.015979886054992676,-0.12531191110610962,-0.048035108381270675,roll
0.0,0.0,0.0,-0.06798630952835083,-0.04598921537399292,-0.036459004765220016,-0.12737852334976196,-0.1222485899925232,-0.06141049999541792,-0.1426571011543274,-0.2067607045173645,-0.08528780776805434,-0.10399949550628662,-0.2586189806461334,-0.10281447160787138,-0.09376949071884155,-0.2253028154373169,-0.024575526153512328,-0.10596829652786255,-0.2908051609992981,-0.06419052768296751,-0.09684097766876221,-0.22021368145942688,-0.08334582138604674,-0.08619439601898193,-0.15721982717514038,-0.09059696484155211,-0.044063687324523926,-0.22812896966934204,-0.023056380709476798,-0.05894380807876587,-0.29375237226486206,-0.06861725289172682,-0.05105113983154297,-0.1999841332435608,-0.08151088494605574,-0.04385781288146973,-0.13477158546447754,-0.08025024670905623,0.005702018737792969,-0.21986135840415955,-0.02777742061562094,-0.00859987735748291,-0.2772424519062042,-0.07447954851932082,-0.008163273334503174,-0.18169450759887695,-0.06896482992715391,-0.007176816463470459,-0.11694556474685669,-0.05339070249146971,0.05389201641082764,-0.19760411977767944,-0.03544720846957716,0.0399128794670105,-0.2425709068775177,-0.06926137793607268,0.030379116535186768,-0.17602962255477905,-0.06547598380393538,0.027254104614257812,-0.12660789489746094,-0.0543200581128076,roll
0.0,0.0,0.0,-0.06792253255844116,-0.04485136270523071,-0.032305022205832756,-0.12805205583572388,-0.12249469757080078,-0.05582798036527947,-0.14111244678497314,-0.20834454894065857,-0.07953820514273957,-0.1025015115737915,-0.25838103890419006,-0.09725342827630357,-0.08413296937942505,-0.22562208771705627,-0.01862546379459218,-0.10044634342193604,-0.2890367805957794,-0.05832444268060044,-0.09458446502685547,-0.21471041440963745,-0.079178714628938,-0.08207768201828003,-0.151811420917511,-0.08822290736031846,-0.03682154417037964,-0.22690269351005554,-0.019073364760402,-0.05825680494308472,-0.29254305362701416,-0.06409292804789857,-0.05267512798309326,-0.19780004024505615,-0.07538296418977097,-0.042746543884277344,-0.13417279720306396,-0.0732587887604268,0.010196268558502197,-0.21841171383857727,-0.026126067589643753,-0.011174678802490234,-0.2751695513725281,-0.07090859996867493,-0.011668503284454346,-0.1800493597984314,-0.06415852295947388,-0.006118893623352051,-0.11821043491363525,-0.048341137792590416,0.057352662086486816,-0.19497793912887573,-0.036221822227958,0.034067749977111816,-0.24070101976394653,-0.06725809859824494,0.024768948554992676,-0.17469322681427002,-0.06321346151423768,0.026639223098754883,-0.12702536582946777,-0.052626197661879814,roll
0.0,0.0,0.0,-0.06901407241821289,-0.038425564765930176,-0.026465163577142903,-0.13327163457870483,-0.1089053750038147,-0.04705622886473293,-0.14778125286102295,-0.1902197003364563,-0.0686394954209959,-0.11296999454498291,-0.24288702011108398,-0.08496613894755001,-0.09730380773544312,-0.2087252140045166,-0.014209509838167378,-0.11576330661773682,-0.2759658694267273,-0.05530023296529407,-0.10900259017944336,-0.20787030458450317,-0.07809038554484005,-0.09514462947845459,-0.1497538685798645,-0.08765526210123653,-0.051051974296569824,-0.21351301670074463,-0.01733780001455898,-0.0731402039527893,-0.2775167226791382,-0.06137733628207798,-0.06550812721252441,-0.18439984321594238,-0.0712833711987173,-0.05204421281814575,-0.12522482872009277,-0.06756670122200603,-0.003921627998352051,-0.2079511284828186,-0.026804654869977185,-0.024810075759887695,-0.25759807229042053,-0.07052013372236843,-0.023800134658813477,-0.16518980264663696,-0.060639810759369084,-0.01597362756729126,-0.11005163192749023,-0.04232176860028858,0.0444793701171875,-0.18828719854354858,-0.03875077237540836,0.021888136863708496,-0.2316293716430664,-0.06705446635538692,0.011909902095794678,-0.16493284702301025,-0.05826766510659809,0.013347983360290527,-0.1203908920288086,-0.04421226401979084,roll
0.0,0.0,0.0,-0.07069039344787598,-0.023763418197631836,-0.025174374284745227,-0.1437077522277832,-0.0901029109954834,-0.043478774430752765,-0.16784322261810303,-0.17187976837158203,-0.06254112959146596,-0.13148891925811768,-0.21986109018325806,-0.07567849993944264,-0.10861045122146606,-0.20226716995239258,-0.009763644600809585,-0.13473975658416748,-0.2615163326263428,-0.05044694483518697,-0.11914169788360596,-0.1885247826576233,-0.07265001774072744,-0.09772628545761108,-0.13912153244018555,-0.08164059609413243,-0.06257057189941406,-0.20929569005966187,-0.012453049945236216,-0.0923926830291748,-0.26393216848373413,-0.05468505859613515,-0.07694822549819946,-0.1727113127708435,-0.06235996499896146,-0.0597383975982666,-0.12297028303146362,-0.05658465489983655,-0.01724565029144287,-0.20606571435928345,-0.02194739558041192,-0.04582393169403076,-0.25071704387664795,-0.06435991317272283,-0.03752404451370239,-0.1595490574836731,-0.053481584938765536,-0.024880170822143555,-0.10816729068756104,-0.03375331551075078,0.029317855834960938,-0.1893419623374939,-0.03384315833687879,-0.0005590915679931641,-0.22554653882980347,-0.06254990637540914,-0.00276106595993042,-0.15922731161117554,-0.05476876959443189,0.005024850368499756,-0.11514610052108765,-0.04029117018222905,roll
0.0,0.0,0.0,-0.06869041919708252,-0.009146571159362793,-0.026909885852091975,-0.14542722702026367,-0.06710726022720337,-0.04416771598016567,-0.1767159104347229,-0.14369893074035645,-0.06119206167613811,-0.14915496110916138,-0.2016621232032776,-0.07214497022187061,-0.11770057678222656,-0.18794798851013184,-0.010177241562359995,-0.15312433242797852,-0.23679393529891968,-0.0492994374767477,-0.13420647382736206,-0.1665205955505371,-0.07032184295212573,-0.11011326313018799,-0.12535488605499268,-0.07904811940943546,-0.07450735569000244,-0.20016628503799438,-0.011798171250575251,-0.114784836769104,-0.24488481879234314,-0.05287374548470325,-0.0951201319694519,-0.15622252225875854,-0.06002052865778751,-0.07400631904602051,-0.11143326759338379,-0.053779546095483965,-0.03022158145904541,-0.20128828287124634,-0.020321994943969912,-0.06868523359298706,-0.2340410351753235,-0.06322389088427371,-0.05424147844314575,-0.14257782697677612,-0.05255805320894069,-0.03610748052597046,-0.09416574239730835,-0.03271402411019153,0.017134785652160645,-0.19062340259552002,-0.03122273452436275,-0.02140331268310547,-0.2158082127571106,-0.06223412223016567,-0.01944810152053833,-0.146808922290802,-0.055448032839649386,-0.007277190685272217,-0.10362327098846436,-0.04104433573638744,roll
0.0,0.0,0.0,-0.072063148021698,-0.00863736867904663,-0.0265332089597905,-0.14844000339508057,-0.05820053815841675,-0.043042499744387896,-0.18329626321792603,-0.12722420692443848,-0.059090804481002124,-0.16696792840957642,-0.19083404541015625,-0.06910332682082299,-0.12365967035293579,-0.18977046012878418,-0.005945421462001832,-0.161737322807312,-0.21645838022232056,-0.04609766992280129,-0.13794392347335815,-0.14808785915374756,-0.07052664103457573,-0.11056381464004517,-0.10555875301361084,-0.08160592260310295,-0.08651930093765259,-0.20725983381271362,-0.008270733230801852,-0.13304096460342407,-0.23472779989242554,-0.0513754935795987,-0.10615116357803345,-0.14825373888015747,-0.06293234618851784,-0.07911044359207153,-0.10095369815826416,-0.05950369330594185,-0.045515477657318115,-0.21442192792892456,-0.01748283410915974,-0.08805739879608154,-0.2264578938484192,-0.06176739575812462,-0.06432473659515381,-0.1361083984375,-0.054095849567147525,-0.04149883985519409,-0.08750838041305542,-0.03598985093185547,0.00047272443771362305,-0.20866316556930542,-0.02935443835804108,-0.04051738977432251,-0.2162986397743225,-0.06157968955585602,-0.03267937898635864,-0.1462153196334839,-0.056114006959887774,-0.01734405755996704,-0.10522323846817017,-0.042292207651826175,roll
0.0,0.0,0.0,-0.0710521936416626,-0.009751379489898682,-0.026884400902531524,-0.1497681736946106,-0.06192135810852051,-0.044763629941485306,-0.18729937076568604,-0.13169211149215698,-0.06265021642877855,-0.16914081573486328,-0.19579511880874634,-0.07463110020592012,-0.12450486421585083,-0.18960028886795044,-0.007249805761716743,-0.159001886844635,-0.223777174949646,-0.047443823574326416,-0.1367921233177185,-0.15435749292373657,-0.07173468699886598,-0.1094597578048706,-0.10816437005996704,-0.08280824652149477,-0.0862424373626709,-0.2058424949645996,-0.009855028858623882,-0.1315075159072876,-0.24340420961380005,-0.053951261250517746,-0.1060900092124939,-0.1556289792060852,-0.06587714484169283,-0.07916533946990967,-0.10401976108551025,-0.0623979546709279,-0.04387247562408447,-0.21268582344055176,-0.019313206581614395,-0.08688819408416748,-0.2353285551071167,-0.06426354279949464,-0.06451249122619629,-0.14479410648345947,-0.05706373011901178,-0.04190504550933838,-0.09332197904586792,-0.039094170240900894,0.003326416015625,-0.20745408535003662,-0.03130351906850137,-0.03774338960647583,-0.22534877061843872,-0.06332322737409868,-0.030733942985534668,-0.15662425756454468,-0.05778162336184778,-0.015584111213684082,-0.11378222703933716,-0.04416858187153139,roll
0.0,0.0,0.0,-0.07103627920150757,-0.015999257564544678,-0.0260778339492731,-0.14866173267364502,-0.07576733827590942,-0.04447912517065333,-0.18411976099014282,-0.1512383222579956,-0.06349678429836558,-0.15502285957336426,-0.20699769258499146,-0.07642562779659556,-0.1210528016090393,-0.19440603256225586,-0.009283128185813894,-0.15426939725875854,-0.2442581057548523,-0.05054883006090449,-0.13330721855163574,-0.17188161611557007,-0.07345705571646022,-0.10836386680603027,-0.12320411205291748,-0.08282079639906215,-0.0770411491394043,-0.2054789662361145,-0.01191188859814929,-0.11605620384216309,-0.25451019406318665,-0.05580078902715968,-0.09405738115310669,-0.16367852687835693,-0.0653319070028715,-0.07288283109664917,-0.11160439252853394,-0.06013976874822902,-0.031630873680114746,-0.2063145637512207,-0.021302838801091184,-0.07000797986984253,-0.2454873025417328,-0.06504062655443477,-0.05362027883529663,-0.15262603759765625,-0.05481064039344119,-0.035962820053100586,-0.09908705949783325,-0.034830697803442945,0.01623016595840454,-0.1944255232810974,-0.03309705200666713,-0.021471798419952393,-0.2255609929561615,-0.06313727888340281,-0.017394304275512695,-0.15906798839569092,-0.0556280584918909,-0.004663050174713135,-0.11518943309783936,-0.0407587299036436,roll
0.0,0.0,0.0,-0.07317417860031128,-0.029355645179748535,-0.028813003729283082,-0.14589130878448486,-0.09519428014755249,-0.05030816716998743,-0.1697952151298523,-0.1779567003250122,-0.07221861107200311,-0.13946455717086792,-0.23896396160125732,-0.08848090393394159,-0.11312967538833618,-0.20837318897247314,-0.01366789841949867,-0.13978546857833862,-0.2654789388179779,-0.05597655398696588,-0.12493717670440674,-0.19313329458236694,-0.08026429189294504,-0.10333013534545898,-0.1423289179801941,-0.09123191161006616,-0.06733828783035278,-0.21625390648841858,-0.015926932151614892,-0.0978085994720459,-0.2731567919254303,-0.061011123637854325,-0.08315891027450562,-0.18087142705917358,-0.07097683770507501,-0.06518620252609253,-0.12830489873886108,-0.06715743912309335,-0.02124202251434326,-0.214217871427536,-0.02509560545831846,-0.05018913745880127,-0.2602597773075104,-0.07028444779962228,-0.04196971654891968,-0.16657882928848267,-0.060116405765711534,-0.028791487216949463,-0.11460882425308228,-0.04113200602978395,0.027373671531677246,-0.19815999269485474,-0.03690509049147295,-0.003936588764190674,-0.23632079362869263,-0.06729154957383798,-0.005980432033538818,-0.1672878861427307,-0.059457100163399446,0.002234160900115967,-0.12365275621414185,-0.04536168200820612,roll
0.0,0.0,0.0,-0.0733041763305664,-0.03610515594482422,-0.028303270621449883,-0.1405518651008606,-0.10854184627532959,-0.04978264628186935,-0.15827685594558716,-0.19307053089141846,-0.07244466005101913,-0.1245163083076477,-0.24495428800582886,-0.08917739002242797,-0.10600686073303223,-0.21626827120780945,-0.016112999452502663,-0.12565100193023682,-0.2855469286441803,-0.05760945512190574,-0.11769884824752808,-0.21280193328857422,-0.07846508680120223,-0.10265994071960449,-0.15247738361358643,-0.08662881462112182,-0.057964444160461426,-0.22076916694641113,-0.019146996943504746,-0.08009999990463257,-0.28593698143959045,-0.06467140225902313,-0.07106107473373413,-0.18879616260528564,-0.07349634675517791,-0.05687516927719116,-0.1300317645072937,-0.06902573017612212,-0.009005308151245117,-0.2161749005317688,-0.02878601236477607,-0.02845865488052368,-0.26923754811286926,-0.074904774708898,-0.02655094861984253,-0.17016279697418213,-0.06410691647067779,-0.01870131492614746,-0.1124809980392456,-0.04491533471480125,0.04105663299560547,-0.19728434085845947,-0.04107861353293174,0.019102632999420166,-0.23929309844970703,-0.07125169543758147,0.010774374008178711,-0.16802287101745605,-0.06288239864841216,0.01395118236541748,-0.1220594048500061,-0.04900296909943336,roll
0.0,0.0,0.0,-0.07025045156478882,-0.043491899967193604,-0.03314526371764259,-0.13225293159484863,-0.11928540468215942,-0.05726052813338356,-0.14807361364364624,-0.20542973279953003,-0.08100108049916344,-0.11109954118728638,-0.25772297382354736,-0.09836603693770485,-0.09560626745223999,-0.2272261381149292,-0.02315412640678005,-0.10879051685333252,-0.29217374324798584,-0.06238517902897911,-0.1009451150894165,-0.2183048129081726,-0.08066850148247795,-0.09017664194107056,-0.15398800373077393,-0.08743874721335487,-0.04577898979187012,-0.22931542992591858,-0.023245783449283408,-0.06354290246963501,-0.29469457268714905,-0.067702300773135,-0.055988967418670654,-0.1985023021697998,-0.0779714509110363,-0.04698210954666138,-0.13465088605880737,-0.07519736878680305,0.00426715612411499,-0.22094035148620605,-0.029400722981563376,-0.012357115745544434,-0.27728819847106934,-0.07475405179070549,-0.01283186674118042,-0.1783502697944641,-0.06623009584950523,-0.010270118713378906,-0.11520755290985107,-0.04917882375525551,0.05359232425689697,-0.19766533374786377,-0.038396097646227645,0.03582519292831421,-0.24313735961914062,-0.07045428447531776,0.025634706020355225,-0.17334634065628052,-0.06462991975354271,0.024378955364227295,-0.12478011846542358,-0.05246599756287651,roll
0.0,0.0,0.0,-0.07202357053756714,-0.03773367404937744,-0.028220252765322584,-0.13689321279525757,-0.10646885633468628,-0.049587325824404616,-0.15378761291503906,-0.18896234035491943,-0.07202611647358026,-0.12081080675125122,-0.24539503455162048,-0.08921606622448053,-0.09822064638137817,-0.20880204439163208,-0.013175896069014925,-0.11541509628295898,-0.276163250207901,-0.05378241620769586,-0.10882729291915894,-0.20705103874206543,-0.07800619832983102,-0.09486472606658936,-0.1470915675163269,-0.0890131645630845,-0.053003907203674316,-0.21403980255126953,-0.015202466098571676,-0.07444286346435547,-0.2785402536392212,-0.05830520175209131,-0.06750380992889404,-0.18748003244400024,-0.06966396949997034,-0.05545085668563843,-0.1256321668624878,-0.06762188456764306,-0.007129967212677002,-0.21016061305999756,-0.023860808161998648,-0.027607858180999756,-0.2617540955543518,-0.06704470298996057,-0.02675044536590576,-0.17011111974716187,-0.059006889982128996,-0.019583463668823242,-0.10968095064163208,-0.04221589647045221,0.04084599018096924,-0.19187474250793457,-0.03529193036069955,0.01821368932723999,-0.2336806356906891,-0.06474157206525888,0.00930100679397583,-0.1667434573173523,-0.0581991315614232,0.011158287525177002,-0.11705899238586426,-0.045637869907523054,roll
0.0,0.0,0.0,-0.07299995422363281,-0.024386703968048096,-0.024341962110725035,-0.14733368158340454,-0.09162122011184692,-0.04289528429183065,-0.17050153017044067,-0.17297881841659546,-0.06233168840083181,-0.13255786895751953,-0.21889829635620117,-0.07659496441158353,-0.10969209671020508,-0.2001190185546875,-0.011392771076884856,-0.1372731328010559,-0.2591998279094696,-0.05084414854320585,-0.12326359748840332,-0.18938452005386353,-0.0736367858913809,-0.10163509845733643,-0.13736176490783691,-0.08370082899602949,-0.06392860412597656,-0.20839661359786987,-0.014444750544157614,-0.09301471710205078,-0.26666584610939026,-0.05534044727357923,-0.08021855354309082,-0.17805689573287964,-0.06404448374780713,-0.06373554468154907,-0.1239737868309021,-0.059892856326428046,-0.018137812614440918,-0.20632952451705933,-0.023723977428403487,-0.0459708571434021,-0.25306862592697144,-0.06436299606832563,-0.03956246376037598,-0.1637398600578308,-0.0543997965720564,-0.027180492877960205,-0.10950475931167603,-0.03633331581625043,0.029536187648773193,-0.19018125534057617,-0.03534876629385053,0.0006971359252929688,-0.22757267951965332,-0.06316311731609403,-0.00235062837600708,-0.16232764720916748,-0.05578591003688871,0.005804598331451416,-0.1172075867652893,-0.04236735477718412,roll
0.0,0.0,0.0,-0.06960266828536987,-0.006270170211791992,-0.023868815737444038,-0.15007424354553223,-0.06135743856430054,-0.0400590819741069,-0.18424105644226074,-0.1381710171699524,-0.056917663427668685,-0.15677154064178467,-0.1956477165222168,-0.06863742670662987,-0.1270257830619812,-0.18269318342208862,-0.007430551803338403,-0.160955011844635,-0.23627352714538574,-0.04351234039910423,-0.14369279146194458,-0.16988062858581543,-0.06411635479577171,-0.11878573894500732,-0.12548822164535522,-0.07322375825293648,-0.0839574933052063,-0.19787561893463135,-0.010087321276444072,-0.12295615673065186,-0.2459755539894104,-0.0486134623611747,-0.10353720188140869,-0.1615614891052246,-0.057010914894419784,-0.08147174119949341,-0.11167418956756592,-0.0520711427057563,-0.03871577978134155,-0.20251679420471191,-0.01898987567670929,-0.07707703113555908,-0.2339370846748352,-0.05899512371667015,-0.06103086471557617,-0.14679241180419922,-0.051119521024304504,-0.041989922523498535,-0.09494704008102417,-0.033919978650885696,0.00955665111541748,-0.1950744390487671,-0.03000551066048729,-0.02895420789718628,-0.21740293502807617,-0.05919840163238632,-0.025360167026519775,-0.15101200342178345,-0.0538491529846965,-0.011789560317993164,-0.10653305053710938,-0.041147291424351806,roll
0.0,0.0,0.0,-0.07329815626144409,-0.004233360290527344,-0.025236984876983115,-0.15145188570022583,-0.04876303672790527,-0.04195815340995068,-0.18676289916038513,-0.11454617977142334,-0.05875331552147145,-0.1712767481803894,-0.1766473650932312,-0.06963805870532269,-0.12951165437698364,-0.1933199167251587,-0.005060075944356868,-0.1691761016845703,-0.21468216180801392,-0.04509960503696675,-0.14466911554336548,-0.14504003524780273,-0.07109316454648251,-0.1171654462814331,-0.10094290971755981,-0.08342635647773022,-0.09263074398040771,-0.21328961849212646,-0.007770545477114865,-0.14029574394226074,-0.2272593379020691,-0.04999323950528378,-0.1103782057762146,-0.14072340726852417,-0.062400613142244765,-0.08283573389053345,-0.0922049880027771,-0.06024671362160916,-0.051289498805999756,-0.22256845235824585,-0.017246296791427085,-0.09596818685531616,-0.22089970111846924,-0.05892533452629323,-0.06854164600372314,-0.13360142707824707,-0.052330978376858184,-0.044399797916412354,-0.08510351181030273,-0.03618919865607495,-0.005031406879425049,-0.21805310249328613,-0.029629716811768958,-0.04728144407272339,-0.21199744939804077,-0.05987934039353604,-0.037041544914245605,-0.14438104629516602,-0.055833738459341475,-0.020468711853027344,-0.10539346933364868,-0.04373669640540356,roll
0.0,0.0,0.0,-0.07192796468734741,-0.0061037540435791016,-0.027863735784080745,-0.14942842721939087,-0.051726460456848145,-0.04636617049970937,-0.1864231824874878,-0.11765575408935547,-0.0643656519094975,-0.17245346307754517,-0.180533766746521,-0.07651848763623548,-0.1284250020980835,-0.18656104803085327,-0.010303182047096016,-0.16562515497207642,-0.21041548252105713,-0.05022569418349576,-0.1408933401107788,-0.1428830623626709,-0.07466999113955808,-0.11174756288528442,-0.10094791650772095,-0.08608948111930204,-0.0914679765701294,-0.20615911483764648,-0.012320518944648029,-0.13681823015213013,-0.23232221603393555,-0.05541412204900098,-0.1093369722366333,-0.14723271131515503,-0.0668227937857182,-0.08167469501495361,-0.09892469644546509,-0.06373889416852307,-0.05015766620635986,-0.21519404649734497,-0.02100819208123994,-0.09310448169708252,-0.22584038972854614,-0.06454877972998929,-0.06884407997131348,-0.1376875638961792,-0.05766517341533017,-0.045259177684783936,-0.08888280391693115,-0.04086341008940053,-0.003714263439178467,-0.211015522480011,-0.03250489801564527,-0.0444985032081604,-0.21477526426315308,-0.06365893453755689,-0.03624504804611206,-0.14659112691879272,-0.059092589173701526,-0.02029716968536377,-0.10651886463165283,-0.04666264400282216,roll
0.0,0.0,0.0,-0.06639266014099121,-0.008210718631744385,-0.02479116910024004,-0.14527201652526855,-0.062438130378723145,-0.041887224771812726,-0.18016058206558228,-0.135684072971344,-0.05947604508025961,-0.15259402990341187,-0.1912384033203125,-0.0715784515522273,-0.1223040223121643,-0.17828571796417236,-0.01048037608040886,-0.15579932928085327,-0.23137012124061584,-0.048785654016569424,-0.13424056768417358,-0.16384446620941162,-0.0698912750266345,-0.10910952091217041,-0.1176338791847229,-0.07853586331827955,-0.07901424169540405,-0.19114786386489868,-0.013128860042229462,-0.1177288293838501,-0.24142614006996155,-0.05376271263583021,-0.0948021411895752,-0.15748023986816406,-0.062499356576040555,-0.07331359386444092,-0.10675334930419922,-0.057552968271807003,-0.03367447853088379,-0.1937706470489502,-0.022018461608126927,-0.07122093439102173,-0.23293668031692505,-0.06359499052985029,-0.05357259511947632,-0.14504945278167725,-0.05421845347507315,-0.035683631896972656,-0.09185081720352173,-0.03560919792278128,0.014760255813598633,-0.1849609613418579,-0.033087217368915844,-0.021505773067474365,-0.215470552444458,-0.06310127035601454,-0.017709791660308838,-0.14973080158233643,-0.05639156804306822,-0.0060089826583862305,-0.10371178388595581,-0.04248523444755392,roll
0.0,0.0,0.0,-0.07150757312774658,-0.022137820720672607,-0.025845939298108078,-0.14452612400054932,-0.08281105756759644,-0.045105472211673714,-0.16994422674179077,-0.16229522228240967,-0.06491275132162855,-0.14092284440994263,-0.22020474076271057,-0.07940597087605283,-0.11645019054412842,-0.19567793607711792,-0.010441971947386719,-0.14139020442962646,-0.2506197988986969,-0.05073185638053701,-0.12399071455001831,-0.18102896213531494,-0.07451964170201109,-0.1026262640953064,-0.12966573238372803,-0.08499726653559492,-0.07054448127746582,-0.20466160774230957,-0.013178739701345421,-0.10023480653762817,-0.25998324155807495,-0.055980917070939995,-0.08380651473999023,-0.16998392343521118,-0.06645442545874403,-0.06698966026306152,-0.114285409450531,-0.06294323504431532,-0.02435857057571411,-0.20298504829406738,-0.02230589278502748,-0.053911685943603516,-0.24800819158554077,-0.06540310383303449,-0.044444739818573,-0.15672558546066284,-0.055634811525180794,-0.032376766204833984,-0.10103154182434082,-0.03688114509446905,0.02381432056427002,-0.1876220703125,-0.033728420739009835,-0.007500052452087402,-0.22522875666618347,-0.06347265840037153,-0.008896291255950928,-0.15748155117034912,-0.05537135154469297,-0.0017352104187011719,-0.11067324876785278,-0.04080419615371511,roll
0.0,0.0,0.0,-0.07157200574874878,-0.03615832328796387,-0.02649515008755543,-0.13813316822052002,-0.10325467586517334,-0.04713947212525227,-0.15643972158432007,-0.18567705154418945,-0.06884012257881977,-0.12555593252182007,-0.24208280444145203,-0.0852451983673177,-0.10473591089248657,-0.20631036162376404,-0.014790964109977267,-0.12295132875442505,-0.27056288719177246,-0.0540990967137418,-0.11251932382583618,-0.20225822925567627,-0.07574516421385624,-0.09742677211761475,-0.14392447471618652,-0.08497801309653141,-0.05848664045333862,-0.21137607097625732,-0.017618155835350535,-0.08068519830703735,-0.2745772898197174,-0.0602493610066972,-0.07041460275650024,-0.18413281440734863,-0.07041810339518406,-0.05771380662918091,-0.12469828128814697,-0.06771823650427677,-0.011373639106750488,-0.20754453539848328,-0.02648839241095402,-0.032752275466918945,-0.26081985235214233,-0.06907168662377217,-0.02882397174835205,-0.16849660873413086,-0.059751762805660746,-0.02094322443008423,-0.11020582914352417,-0.04246187841721394,0.03715783357620239,-0.18977069854736328,-0.03782962149210789,0.013068974018096924,-0.2328856885433197,-0.06657358890601017,0.006978332996368408,-0.16728031635284424,-0.05902129298277714,0.010366201400756836,-0.12174320220947266,-0.046038574336250804,roll
0.0,0.0,0.0,-0.06970083713531494,-0.04366248846054077,-0.03513500139098369,-0.13458746671676636,-0.11551928520202637,-0.06065191000681125,-0.15407031774520874,-0.19996044039726257,-0.08517012417297565,-0.11383676528930664,-0.25013381242752075,-0.10350691944341861,-0.09814989566802979,-0.21988099813461304,-0.024483332857300866,-0.11538386344909668,-0.27734464406967163,-0.06414909332971774,-0.10418236255645752,-0.20576190948486328,-0.08413752585630618,-0.09031522274017334,-0.14452528953552246,-0.09243651151638232,-0.04953479766845703,-0.22371834516525269,-0.02400509685259067,-0.07111865282058716,-0.28869879245758057,-0.0696287941930791,-0.06059783697128296,-0.1971135139465332,-0.08250098347645007,-0.05083465576171875,-0.13315361738204956,-0.08143008917551242,-0.0002611875534057617,-0.2167719602584839,-0.029636200964262116,-0.021388709545135498,-0.2726595103740692,-0.07632178485374652,-0.017382025718688965,-0.17868226766586304,-0.0707317930458089,-0.013350248336791992,-0.11507588624954224,-0.05517979383449756,0.048080503940582275,-0.19587552547454834,-0.03814521849136554,0.02817481756210327,-0.24004343152046204,-0.07130127072315418,0.020313024520874023,-0.17479431629180908,-0.06719068855028354,0.019104182720184326,-0.12566930055618286,-0.05598845750074588,roll
0.0,0.0,0.0,-0.07063472270965576,-0.036986351013183594,-0.028585415362385902,-0.13491415977478027,-0.1034272313117981,-0.05036690834072033,-0.15158122777938843,-0.1846785545349121,-0.07301403212454716,-0.11915469169616699,-0.24181216955184937,-0.09043518084195057,-0.09891515970230103,-0.20639657974243164,-0.014151160634128246,-0.11602014303207397,-0.26965200901031494,-0.054985895781783256,-0.10831379890441895,-0.20218777656555176,-0.0786463655820171,-0.09368032217025757,-0.1439758539199829,-0.08908775079157749,-0.05369752645492554,-0.2115369439125061,-0.016104375972417984,-0.0754239559173584,-0.2746737599372864,-0.06009954962041775,-0.06730061769485474,-0.18464332818984985,-0.07149865108635822,-0.05405479669570923,-0.12430840730667114,-0.06909112262633244,-0.007518172264099121,-0.20739173889160156,-0.02461217905488411,-0.028416693210601807,-0.25854143500328064,-0.06843904036190906,-0.0264815092086792,-0.1675323247909546,-0.06027804317977825,-0.018579065799713135,-0.10916626453399658,-0.0431239009192268,0.04033088684082031,-0.1892561912536621,-0.035806983738211784,0.017147421836853027,-0.2314850389957428,-0.06529889631178776,0.008765041828155518,-0.165355384349823,-0.05844645950105587,0.011024177074432373,-0.1176404356956482,-0.045513074873952064,roll
0.0,0.0,0.0,-0.07041794061660767,-0.02221357822418213,-0.02568356146610995,-0.14355605840682983,-0.0874166488647461,-0.04469991487957259,-0.16733139753341675,-0.16695863008499146,-0.06402003405190726,-0.1308085322380066,-0.21076756715774536,-0.07786923287011405,-0.10905951261520386,-0.19626247882843018,-0.014102484225702483,-0.13525927066802979,-0.2552574872970581,-0.05456246075726767,-0.1206674575805664,-0.184745192527771,-0.07697473106480857,-0.09919631481170654,-0.13306891918182373,-0.08636045096017142,-0.0630531907081604,-0.2036535143852234,-0.016587002329004008,-0.09123796224594116,-0.26097723841667175,-0.05891529483295699,-0.07808709144592285,-0.17187947034835815,-0.06746021298266669,-0.06199580430984497,-0.11844021081924438,-0.06260782120324393,-0.01749342679977417,-0.20113784074783325,-0.02534837847150584,-0.044432103633880615,-0.2458856701850891,-0.06712017593480368,-0.03804224729537964,-0.1571446657180786,-0.0569926538834693,-0.02675306797027588,-0.10443401336669922,-0.03834621993399878,0.029182136058807373,-0.18538928031921387,-0.0364964717397811,0.0012404322624206543,-0.22102922201156616,-0.06496640679932852,-0.0020807385444641113,-0.15544551610946655,-0.057495050258410174,0.004869818687438965,-0.11101394891738892,-0.04368962732650061,roll
0.0,0.0,0.0,-0.06752455234527588,-0.00561290979385376,-0.02494648253360765,-0.14716970920562744,-0.06119614839553833,-0.042486469874177146,-0.17927855253219604,-0.137478768825531,-0.0604163777623512,-0.1511307954788208,-0.19370079040527344,-0.07313394514659421,-0.12110257148742676,-0.1838657259941101,-0.011695017719659972,-0.15560495853424072,-0.23398703336715698,-0.04958988694289701,-0.13870877027511597,-0.16538602113723755,-0.06993839857915418,-0.11370140314102173,-0.12167614698410034,-0.07852943209746854,-0.07855647802352905,-0.19746309518814087,-0.014493263008091617,-0.11936575174331665,-0.24511271715164185,-0.055823236385379005,-0.10056698322296143,-0.1573730707168579,-0.06325779823401945,-0.07720077037811279,-0.10889124870300293,-0.05705281687716024,-0.03414982557296753,-0.2011946439743042,-0.023567484373245406,-0.07417845726013184,-0.23472929000854492,-0.06610177425483243,-0.05901193618774414,-0.14435738325119019,-0.056960932591948676,-0.03916901350021362,-0.0941847562789917,-0.03850577367285268,0.013684391975402832,-0.1936665177345276,-0.03477830035427587,-0.02651500701904297,-0.21649324893951416,-0.06544928220847623,-0.02402949333190918,-0.14721012115478516,-0.05948135597446935,-0.010419785976409912,-0.10314643383026123,-0.04614195940831678,roll
0.0,0.0,0.0,-0.07101184129714966,0.0011656880378723145,-0.02441509699491462,-0.14884203672409058,-0.04287153482437134,-0.03946923164693317,-0.18452179431915283,-0.10749220848083496,-0.05415220631329021,-0.1726885437965393,-0.16764342784881592,-0.0629650100883623,-0.12605327367782593,-0.190590500831604,-0.004997428767808287,-0.16402852535247803,-0.20802807807922363,-0.04046310929624042,-0.14227789640426636,-0.13886064291000366,-0.06332631109324893,-0.1168178915977478,-0.09689241647720337,-0.07466494737235507,-0.09035390615463257,-0.20973604917526245,-0.006952857394196599,-0.13634204864501953,-0.21754240989685059,-0.04357991440264186,-0.1089407205581665,-0.1338557004928589,-0.05316348074046573,-0.08256286382675171,-0.09045857191085815,-0.05095371676651439,-0.05041474103927612,-0.21777915954589844,-0.015295166317798703,-0.09446126222610474,-0.21424871683120728,-0.05250877587167224,-0.06922280788421631,-0.12882739305496216,-0.04493108836976489,-0.04553258419036865,-0.08321422338485718,-0.03013144878713092,-0.0053247809410095215,-0.211076557636261,-0.026584989186801522,-0.04677259922027588,-0.20355910062789917,-0.05540261862842044,-0.03830289840698242,-0.13514679670333862,-0.051577520352282136,-0.022307276725769043,-0.0956534743309021,-0.04056301040617427,roll
0.0,0.0,0.0,-0.06932514905929565,-0.0026491880416870117,-0.025905578729805256,-0.14820867776870728,-0.052756667137145996,-0.04246227010816028,-0.18495184183120728,-0.12002861499786377,-0.058854881075319554,-0.16839176416397095,-0.18080824613571167,-0.06981060221522739,-0.12608939409255981,-0.17899757623672485,-0.008186452423331048,-0.16278380155563354,-0.20790040493011475,-0.04605872869223049,-0.14071041345596313,-0.14260554313659668,-0.06930709197848728,-0.11273747682571411,-0.10078328847885132,-0.08022874906390598,-0.0896073579788208,-0.19566941261291504,-0.010350739915963914,-0.1341937780380249,-0.2289685606956482,-0.05203537583082607,-0.10806608200073242,-0.14647209644317627,-0.06313947900861194,-0.08065450191497803,-0.09835779666900635,-0.06009940743177822,-0.04877811670303345,-0.2038862109184265,-0.018917993974980618,-0.09158653020858765,-0.2250199317932129,-0.06152466252177646,-0.06834554672241211,-0.13929539918899536,-0.055081646290716435,-0.0446435809135437,-0.08989161252975464,-0.03895953237741878,-0.002577841281890869,-0.20041412115097046,-0.030006205064353253,-0.04250675439834595,-0.21304863691329956,-0.0617762276503413,-0.03477555513381958,-0.14565527439117432,-0.057903743681606556,-0.018832266330718994,-0.10310864448547363,-0.04610312297671726,roll
0.0,0.0,0.0,-0.06686121225357056,-0.008039474487304688,-0.02360201193624789,-0.1447770595550537,-0.062483131885528564,-0.03976217782729918,-0.1783849000930786,-0.13505828380584717,-0.05664911246532256,-0.15050417184829712,-0.18743759393692017,-0.0682033238434201,-0.12005966901779175,-0.17701297998428345,-0.00792014537984187,-0.15284472703933716,-0.22835931181907654,-0.045584203066766804,-0.1327054500579834,-0.16214942932128906,-0.06727539873355681,-0.10863643884658813,-0.11608737707138062,-0.07643186426395232,-0.07704472541809082,-0.18886637687683105,-0.010745625334322995,-0.11463421583175659,-0.23889070749282837,-0.05055465302103812,-0.09345287084579468,-0.15508538484573364,-0.059681118788660115,-0.07284444570541382,-0.10441672801971436,-0.05514502278202826,-0.033051133155822754,-0.19093281030654907,-0.019754222916901654,-0.06905597448348999,-0.2310597002506256,-0.05962249016994292,-0.054248929023742676,-0.14505165815353394,-0.05021446323627288,-0.03730428218841553,-0.09178388118743896,-0.03193886330956275,0.01408761739730835,-0.18196403980255127,-0.030985978754699772,-0.020975947380065918,-0.21442419290542603,-0.05901710441941077,-0.019022464752197266,-0.1513054370880127,-0.051806950333059376,-0.008051753044128418,-0.10591369867324829,-0.03789561739796454,roll
0.0,0.0,0.0,-0.06924271583557129,-0.021449387073516846,-0.025733718984440657,-0.14017295837402344,-0.08096104860305786,-0.044620540328935476,-0.16402095556259155,-0.15910524129867554,-0.06381824273677239,-0.1381482481956482,-0.21745356917381287,-0.07778877426000008,-0.11468851566314697,-0.18838441371917725,-0.011909183450654837,-0.13798671960830688,-0.2451401650905609,-0.05094587463946709,-0.12217998504638672,-0.17710763216018677,-0.07376847822280297,-0.10264378786087036,-0.12706851959228516,-0.08383781869025597,-0.06963598728179932,-0.19758230447769165,-0.014359449372307154,-0.09769338369369507,-0.255867063999176,-0.05566883493276009,-0.08255499601364136,-0.16910922527313232,-0.06562874872298607,-0.06667709350585938,-0.11467337608337402,-0.06222507391186127,-0.02412402629852295,-0.19662517309188843,-0.02294171635122666,-0.05179864168167114,-0.2428755760192871,-0.06481057811589608,-0.04324835538864136,-0.15414196252822876,-0.0554278235516108,-0.03201478719711304,-0.10061651468276978,-0.037414886393264624,0.023293793201446533,-0.18294668197631836,-0.03373687747927079,-0.006551802158355713,-0.22094941139221191,-0.0627573545655764,-0.00875389575958252,-0.15466761589050293,-0.05499953437657723,-0.0025124549865722656,-0.10908669233322144,-0.04108087379546532,roll
0.0,0.0,0.0,-0.06943315267562866,-0.03356808423995972,-0.026912203080371455,-0.13446640968322754,-0.0981791615486145,-0.04804989325197084,-0.1544625163078308,-0.17729562520980835,-0.07011079045327051,-0.12503182888031006,-0.23196819424629211,-0.08706218751461847,-0.10556954145431519,-0.19882336258888245,-0.01730646567733629,-0.12510353326797485,-0.2653109133243561,-0.05689386280567987,-0.11236977577209473,-0.1975153088569641,-0.07881067695410593,-0.09665632247924805,-0.13781362771987915,-0.08800803127081736,-0.05987691879272461,-0.20463374257087708,-0.01993497276993139,-0.08279556035995483,-0.26923614740371704,-0.06211474912555559,-0.06928455829620361,-0.1812869906425476,-0.07302406432421549,-0.056092023849487305,-0.12086355686187744,-0.07103300841839655,-0.013473153114318848,-0.2019578218460083,-0.028389353326872424,-0.034980714321136475,-0.2556087076663971,-0.0704939887145315,-0.028015196323394775,-0.16424322128295898,-0.0621750392237459,-0.019540131092071533,-0.10460025072097778,-0.04569655286462648,0.0338786244392395,-0.18608498573303223,-0.039295267335489825,0.010328471660614014,-0.22905641794204712,-0.06827630104811533,0.006879210472106934,-0.16450542211532593,-0.0613336190799032,0.011279404163360596,-0.1177663803100586,-0.048758987359121875,roll
0.0,0.0,0.0,-0.06703466176986694,-0.040972232818603516,-0.032765418162512105,-0.1273093819618225,-0.11082291603088379,-0.056665938218998235,-0.1460164189338684,-0.19132786989212036,-0.08000176014559202,-0.10992258787155151,-0.24033120274543762,-0.09732963504450254,-0.09477239847183228,-0.21012869477272034,-0.023062188049721044,-0.1094769835472107,-0.2708222270011902,-0.061289131512808126,-0.09805059432983398,-0.20054224133491516,-0.08002572121279172,-0.08456408977508545,-0.14078402519226074,-0.08754122616903715,-0.047913193702697754,-0.21417668461799622,-0.02304352807061605,-0.06761926412582397,-0.2782626152038574,-0.06589980038063459,-0.05697453022003174,-0.18870604038238525,-0.07689135881321363,-0.04728215932846069,-0.12812578678131104,-0.07520241650001935,-0.00047332048416137695,-0.20817434787750244,-0.028966488188075346,-0.01885610818862915,-0.2626539468765259,-0.07361505540268354,-0.015272378921508789,-0.1701001524925232,-0.06704762192623548,-0.011265873908996582,-0.10899090766906738,-0.05137523995892934,0.046358704566955566,-0.18867379426956177,-0.037603571882414144,0.029873788356781006,-0.23275083303451538,-0.06951939674274854,0.022172093391418457,-0.1675817370414734,-0.06472536536114148,0.020918726921081543,-0.11934620141983032,-0.05339926468388967,roll
0.0,0.0,0.0,-0.0694313645362854,-0.029730677604675293,-0.03200361833523857,-0.1367936134338379,-0.09152305126190186,-0.05526319847058403,-0.16196703910827637,-0.1694793701171875,-0.07780618548940765,-0.1292012333869934,-0.22490596771240234,-0.09424284428905594,-0.11429637670516968,-0.19689297676086426,-0.022564716195574874,-0.13586115837097168,-0.26461121439933777,-0.06333136886905777,-0.11787819862365723,-0.1962822675704956,-0.08282858461689102,-0.0994492769241333,-0.13768309354782104,-0.08941567272495377,-0.06656837463378906,-0.20582139492034912,-0.022663550009838218,-0.09154629707336426,-0.2696024775505066,-0.0681930515224849,-0.0735006332397461,-0.1789780855178833,-0.07934712946962463,-0.05908322334289551,-0.11781787872314453,-0.07586776793550598,-0.01868271827697754,-0.20492494106292725,-0.028806525772324676,-0.042888641357421875,-0.26033392548561096,-0.07457284212659943,-0.03140246868133545,-0.16724544763565063,-0.06706383407663452,-0.021605372428894043,-0.10572028160095215,-0.04941755861591446,0.029351890087127686,-0.19136768579483032,-0.03746167153667557,0.003898322582244873,-0.23178565502166748,-0.0711040604169284,0.0029644370079040527,-0.1643257737159729,-0.0665225717480098,0.0073525309562683105,-0.11559826135635376,-0.05397950068663704,roll
0.0,0.0,0.0,-0.07206714153289795,-0.032675862312316895,-0.03575687640108072,-0.13743191957473755,-0.0991024374961853,-0.06022799917258226,-0.1584112048149109,-0.18052154779434204,-0.08320140250719987,-0.12532931566238403,-0.23637890815734863,-0.09938635089196168,-0.10726374387741089,-0.2070264220237732,-0.028302786580695738,-0.12490475177764893,-0.2723684012889862,-0.06698116072215043,-0.11096644401550293,-0.19854861497879028,-0.0838734597782036,-0.09544318914413452,-0.13515126705169678,-0.0895136386970421,-0.05942815542221069,-0.21403074264526367,-0.026798832870497336,-0.08239144086837769,-0.2788057029247284,-0.07160542317427598,-0.06795394420623779,-0.18440759181976318,-0.08226215996540986,-0.05446434020996094,-0.12120944261550903,-0.07959537365235292,-0.011153876781463623,-0.2112407684326172,-0.03109349467553102,-0.030959248542785645,-0.2656879723072052,-0.07642916747130357,-0.02510249614715576,-0.1685001254081726,-0.06872072227992021,-0.01864945888519287,-0.10525184869766235,-0.05211721890367471,0.037207961082458496,-0.19415611028671265,-0.038397961936368574,0.018552064895629883,-0.23942646384239197,-0.07126588531531297,0.010728001594543457,-0.16949790716171265,-0.06633125402726137,0.009910523891448975,-0.11910367012023926,-0.0546044313231846,roll
0.0,0.0,0.0,-0.07012993097305298,-0.0326915979385376,-0.028922305157550454,-0.13326257467269897,-0.0952720046043396,-0.05120941688693392,-0.15040993690490723,-0.17158806324005127,-0.07413479005373347,-0.12353593111038208,-0.231319397687912,-0.09196440940178263,-0.10177397727966309,-0.19777649641036987,-0.018769177323349595,-0.12165504693984985,-0.2641192376613617,-0.06074275141037333,-0.11087936162948608,-0.19600611925125122,-0.08556769107855189,-0.09470051527023315,-0.1354604959487915,-0.09662958299196589,-0.05716574192047119,-0.20356148481369019,-0.021080546727546334,-0.08105343580245972,-0.26950252056121826,-0.06547574018514979,-0.06969600915908813,-0.18115413188934326,-0.07825762098110545,-0.0555574893951416,-0.11869615316390991,-0.07734211598909724,-0.011721789836883545,-0.2013586163520813,-0.02962579084015715,-0.03360956907272339,-0.2550692558288574,-0.073357478430637,-0.02866959571838379,-0.16433215141296387,-0.06621173088825572,-0.02020031213760376,-0.10382276773452759,-0.05038923089779246,0.03588271141052246,-0.18651527166366577,-0.04089165171063769,0.011961579322814941,-0.230117529630661,-0.07155413245237696,0.005182027816772461,-0.16402822732925415,-0.06559167866981852,0.007443726062774658,-0.11433833837509155,-0.05353379686749804,roll
0.0,0.0,0.0,-0.07033318281173706,-0.01920604705810547,-0.025064008120295966,-0.14336025714874268,-0.08053183555603027,-0.04333345200478789,-0.17137986421585083,-0.15682023763656616,-0.06226225550830122,-0.13843631744384766,-0.20329147577285767,-0.07572459410488364,-0.11375695466995239,-0.19079965353012085,-0.010847251672146285,-0.14102405309677124,-0.2451767921447754,-0.05043187718450781,-0.12340903282165527,-0.17562824487686157,-0.07276311497747656,-0.10186511278152466,-0.12451964616775513,-0.08195648323356863,-0.06983369588851929,-0.19973045587539673,-0.013453033562598193,-0.10168153047561646,-0.25505876541137695,-0.055242456305620635,-0.0847405195236206,-0.16668814420700073,-0.06452116351186987,-0.06750953197479248,-0.11259353160858154,-0.05987932514011618,-0.025168120861053467,-0.19924402236938477,-0.022346325028536285,-0.0568276047706604,-0.24780532717704773,-0.06381721775591132,-0.04684799909591675,-0.15868514776229858,-0.05459025855719801,-0.033777594566345215,-0.10398495197296143,-0.03612822647750136,0.02162832021713257,-0.18629580736160278,-0.03356355037152525,-0.009694397449493408,-0.22335928678512573,-0.06203786264717337,-0.010474443435668945,-0.15931034088134766,-0.05506217460691687,-0.001929163932800293,-0.11407548189163208,-0.04127858932673689,roll
0.0,0.0,0.0,-0.06884622573852539,-0.012851297855377197,-0.02507580846503288,-0.1433420181274414,-0.06523752212524414,-0.04268021352544338,-0.17660707235336304,-0.1347525715827942,-0.06062149099960834,-0.14953356981277466,-0.18744176626205444,-0.0729312992836526,-0.11844992637634277,-0.1811468005180359,-0.00978779543146402,-0.15155375003814697,-0.22872817516326904,-0.04816301383033306,-0.13136368989944458,-0.16134822368621826,-0.06985604233994991,-0.10743188858032227,-0.11324304342269897,-0.07881063438907177,-0.07691049575805664,-0.1935805082321167,-0.012309140823333564,-0.11547952890396118,-0.23969349265098572,-0.05348468787923366,-0.09342694282531738,-0.1543291211128235,-0.06330317474856884,-0.0719829797744751,-0.1023898720741272,-0.059056679084449115,-0.03352367877960205,-0.1963534951210022,-0.02103975444987327,-0.07064658403396606,-0.23324334621429443,-0.062383389398007694,-0.05416029691696167,-0.14518988132476807,-0.05352682836308986,-0.03687739372253418,-0.0916433334350586,-0.03530280508056194,0.01285409927368164,-0.18728798627853394,-0.03210134647741825,-0.02259618043899536,-0.21496057510375977,-0.06159671984568149,-0.02001500129699707,-0.1495857834815979,-0.05495295144572765,-0.00943678617477417,-0.10449600219726562,-0.04105672083750278,roll
0.0,0.0,0.0,-0.0681721568107605,-0.015090107917785645,-0.02511117887382852,-0.142067551612854,-0.07132267951965332,-0.0423953225899254,-0.1765977144241333,-0.1416904330253601,-0.06026987638955461,-0.15037643909454346,-0.19634240865707397,-0.07240922284012186,-0.11770224571228027,-0.18413537740707397,-0.008369598543993106,-0.14956814050674438,-0.2310851812362671,-0.04871710297351228,-0.12720537185668945,-0.16324949264526367,-0.07167028915768014,-0.1023416519165039,-0.1149701476097107,-0.08095963579302179,-0.07626092433929443,-0.19543850421905518,-0.010882382287434211,-0.11310464143753052,-0.24242228269577026,-0.05389204901342737,-0.08945202827453613,-0.15604597330093384,-0.0640146164286648,-0.06841439008712769,-0.1030728816986084,-0.05935860705261575,-0.03296548128128052,-0.19732850790023804,-0.019909349276474586,-0.07009339332580566,-0.23808777332305908,-0.062008178799203506,-0.053175508975982666,-0.14844787120819092,-0.052032685844949356,-0.03609037399291992,-0.09392774105072021,-0.03247071710114824,0.013276159763336182,-0.18725371360778809,-0.031426782726100555,-0.02268153429031372,-0.21828317642211914,-0.060741557745984665,-0.019563496112823486,-0.1531323790550232,-0.053405980585864654,-0.008393466472625732,-0.107974112033844,-0.03879032564049112,roll
0.0,0.0,0.0,-0.06900650262832642,-0.021367311477661133,-0.023756718204083427,-0.1384272575378418,-0.08123445510864258,-0.041541131154360755,-0.16439926624298096,-0.15797656774520874,-0.06057395966416834,-0.1383228898048401,-0.214785635471344,-0.07469168485766886,-0.11047792434692383,-0.18771207332611084,-0.007527877517702564,-0.13679903745651245,-0.2475525438785553,-0.046862525806488975,-0.12099379301071167,-0.18000048398971558,-0.07068660290605067,-0.10097569227218628,-0.12737798690795898,-0.08081469865209101,-0.066836416721344,-0.1959059238433838,-0.011045802325668319,-0.09626549482345581,-0.2567598819732666,-0.052112394884886726,-0.08081024885177612,-0.17092186212539673,-0.06303124310142039,-0.06466180086135864,-0.1133580207824707,-0.059684073493542655,-0.022175312042236328,-0.19444745779037476,-0.02078403340345858,-0.05064046382904053,-0.2450757622718811,-0.06200895266300677,-0.04200714826583862,-0.15647375583648682,-0.053273061231436714,-0.030240654945373535,-0.09910666942596436,-0.03514199884301661,0.024990439414978027,-0.18121707439422607,-0.03271415637499331,-0.004011809825897217,-0.2227495014667511,-0.06089202867514132,-0.006730616092681885,-0.15813440084457397,-0.052917191699805244,-0.0006554126739501953,-0.10953736305236816,-0.0385498199022436,roll
0.0,0.0,0.0,-0.07197922468185425,-0.03131532669067383,-0.028710038488441114,-0.14009594917297363,-0.0960468053817749,-0.050198313867383604,-0.16105568408966064,-0.1796475052833557,-0.07198855755262912,-0.13068032264709473,-0.23787173628807068,-0.08831128207378924,-0.11032593250274658,-0.198172926902771,-0.017306781461172704,-0.12912309169769287,-0.26676857471466064,-0.05653733489447177,-0.11528301239013672,-0.19747209548950195,-0.07854391363792956,-0.09890657663345337,-0.1400970220565796,-0.08831317452126086,-0.064267098903656,-0.20486721396446228,-0.01878292401664794,-0.08644795417785645,-0.27302253246307373,-0.06054544550710261,-0.0738990306854248,-0.1837674379348755,-0.0708248141162926,-0.061973750591278076,-0.1239805817604065,-0.06860976395540774,-0.01828545331954956,-0.20260858535766602,-0.02630848539405406,-0.038334012031555176,-0.2600580155849457,-0.0682652044051224,-0.033592283725738525,-0.1684126853942871,-0.05890615758829654,-0.02680724859237671,-0.10965776443481445,-0.04181129214697421,0.02900618314743042,-0.18658232688903809,-0.036489908670716886,0.006756126880645752,-0.23194441199302673,-0.06623135981493533,0.001717686653137207,-0.16521739959716797,-0.05930040506058276,0.004173696041107178,-0.11689430475234985,-0.046654080128007536,roll
0.0,0.0,0.0,-0.06903576850891113,-0.04222679138183594,-0.038088556259992856,-0.12813901901245117,-0.11357325315475464,-0.06352856743347957,-0.14441066980361938,-0.1959678828716278,-0.08748166251194789,-0.10826998949050903,-0.25019142031669617,-0.10509994614136531,-0.09819382429122925,-0.2167709767818451,-0.02624016615760638,-0.11061722040176392,-0.2843902111053467,-0.06717451649916484,-0.09850805997848511,-0.21434584259986877,-0.08782031375181987,-0.08684861660003662,-0.14996790885925293,-0.09575637418043925,-0.04931020736694336,-0.22184786200523376,-0.023795803889754552,-0.06369441747665405,-0.28745532035827637,-0.07006251055014445,-0.05112272500991821,-0.19497540593147278,-0.08500954496872737,-0.04315006732940674,-0.1292603611946106,-0.08531054842484309,-0.0006851553916931152,-0.21679627895355225,-0.02771763305378272,-0.013613343238830566,-0.2733456790447235,-0.07456330198061778,-0.009797155857086182,-0.17931461334228516,-0.0709415822030337,-0.00901031494140625,-0.11325138807296753,-0.056731968999031324,0.046272218227386475,-0.19867074489593506,-0.03479211020481898,0.03316754102706909,-0.24173060059547424,-0.06952339398873164,0.02510923147201538,-0.17503470182418823,-0.06729945528519465,0.020990073680877686,-0.12320530414581299,-0.057074028879526395,roll
0.0,0.0,0.0,-0.07491260766983032,-0.03639853000640869,-0.028553745025476474,-0.14024561643600464,-0.1010323166847229,-0.05044737482973005,-0.16539597511291504,-0.18018651008605957,-0.07279344672866728,-0.13391095399856567,-0.23867231607437134,-0.08952268237777616,-0.10691654682159424,-0.19844204187393188,-0.015070951791187781,-0.1247185468673706,-0.2686242163181305,-0.05347719068237211,-0.11194849014282227,-0.20468148589134216,-0.0744740518421736,-0.09604710340499878,-0.1439279317855835,-0.08310052032180693,-0.06452411413192749,-0.20564967393875122,-0.01661369974323179,-0.08815592527389526,-0.2833860218524933,-0.05831002096243765,-0.07485383749008179,-0.1981343924999237,-0.0708419459552374,-0.061530232429504395,-0.13543033599853516,-0.07000438148685362,-0.020428776741027832,-0.2046721875667572,-0.024016214782079714,-0.04088836908340454,-0.27349841594696045,-0.06544444734760191,-0.035227298736572266,-0.18384426832199097,-0.05840224424906637,-0.028334379196166992,-0.12097597122192383,-0.04285431305476095,0.025387227535247803,-0.19072866439819336,-0.03404522339411642,0.0033066272735595703,-0.24401387572288513,-0.06340815151639845,-0.0024836063385009766,-0.1790814995765686,-0.0575922432036009,-0.0009825825691223145,-0.12821781635284424,-0.04593903223582174,left
0.0,0.0,0.0,-0.08142107725143433,-0.022925138473510742,-0.02865279226301709,-0.15192610025405884,-0.0854608416557312,-0.044160700801000985,-0.2018904685974121,-0.14720630645751953,-0.05856994486151734,-0.24724256992340088,-0.1803067922592163,-0.0727815399199585,-0.1234971284866333,-0.21836331486701965,-0.01823595485387841,-0.16736960411071777,-0.292515367269516,-0.03562474942503968,-0.19030672311782837,-0.3397732377052307,-0.05264352953730622,-0.2064874768257141,-0.38560694456100464,-0.0671905273824791,-0.07634156942367554,-0.25189274549484253,-0.0224154325455288,-0.09745264053344727,-0.3530188202857971,-0.03633005491195718,-0.10632693767547607,-0.4153766632080078,-0.04952759242354432,-0.11330091953277588,-0.46621453762054443,-0.06123050621448556,-0.025741279125213623,-0.2531713545322418,-0.031906950685367974,-0.027547180652618408,-0.34973496198654175,-0.05206021985708276,-0.028389155864715576,-0.41188257932662964,-0.07001820153294602,-0.029875338077545166,-0.4644213765859604,-0.08302424794732133,0.02597743272781372,-0.2322913408279419,-0.044192354592667016,0.05509686470031738,-0.30810171365737915,-0.06332547909318009,0.07593989372253418,-0.3603340685367584,-0.07562950945197144,0.09089291095733643,-0.4110812544822693,-0.08520826644002,left
0.0,0.0,0.0,-0.07879090309143066,-0.01915651559829712,-0.030653578977648976,-0.15132129192352295,-0.07624715566635132,-0.04801652375942922,-0.20194631814956665,-0.13081616163253784,-0.06383296642786718,-0.24327999353408813,-0.16342025995254517,-0.07958026770836568,-0.12189769744873047,-0.2119055688381195,-0.024308606799309018,-0.16611266136169434,-0.28592216968536377,-0.04357638378030515,-0.18891358375549316,-0.3339758813381195,-0.06136263702398992,-0.2055058479309082,-0.37930190563201904,-0.07616270128971792,-0.07652974128723145,-0.24596548080444336,-0.027953214760486844,-0.09765130281448364,-0.34960752725601196,-0.04424572903997159,-0.10601210594177246,-0.4141204357147217,-0.0586691366542027,-0.11223495006561279,-0.4665113389492035,-0.0710946524549172,-0.027748405933380127,-0.24899077415466309,-0.03678939659482694,-0.02922123670578003,-0.34859606623649597,-0.05850626696235395,-0.02860391139984131,-0.4115980863571167,-0.0777234861660645,-0.028601348400115967,-0.46508634090423584,-0.09150199387556768,0.022780239582061768,-0.23043429851531982,-0.04837427456266141,0.05122858285903931,-0.3083004653453827,-0.06853423063046193,0.07235449552536011,-0.36089736223220825,-0.08159398828036046,0.08722662925720215,-0.41213807463645935,-0.09164617006069875,left
0.0,0.0,0.0,-0.07508325576782227,-0.015474200248718262,-0.03116692852961478,-0.14879989624023438,-0.06723988056182861,-0.048667509749407145,-0.20046484470367432,-0.1148155927658081,-0.06472951237844882,-0.24059253931045532,-0.1417127251625061,-0.08080385689424929,-0.12258368730545044,-0.20350992679595947,-0.024946336343759867,-0.16669005155563354,-0.27410101890563965,-0.04418603767442164,-0.18944555521011353,-0.3192375600337982,-0.06188819994019923,-0.20694071054458618,-0.3618283271789551,-0.07629394595312533,-0.07773303985595703,-0.2392372190952301,-0.028205471753949496,-0.10097676515579224,-0.3396509289741516,-0.04406612803029475,-0.11171454191207886,-0.4024563431739807,-0.05813215364503321,-0.12151551246643066,-0.45210419595241547,-0.07018603448557315,-0.029136478900909424,-0.2445814609527588,-0.036717259034389826,-0.03420054912567139,-0.340035080909729,-0.05769156356143412,-0.036162734031677246,-0.4026368260383606,-0.07694936607765612,-0.03899669647216797,-0.45633363723754883,-0.09059001569437442,0.020769059658050537,-0.228751540184021,-0.04811435629414973,0.04462164640426636,-0.3062959909439087,-0.0669985196440166,0.06241220235824585,-0.35770857334136963,-0.0794433957784122,0.07359451055526733,-0.40719205141067505,-0.08912415121483264,left
0.0,0.0,0.0,-0.07659852504730225,-0.016102373600006104,-0.026711247206009148,-0.14703458547592163,-0.06799226999282837,-0.04227947005657029,-0.1964244246482849,-0.11855894327163696,-0.05604851925400567,-0.23650521039962769,-0.14955168962478638,-0.06982571566132378,-0.12315583229064941,-0.1926243007183075,-0.02456595124331784,-0.16850310564041138,-0.2611570656299591,-0.042606964051998375,-0.19320768117904663,-0.3074916899204254,-0.05876845428375077,-0.21160924434661865,-0.34963077306747437,-0.0720866539481051,-0.08144247531890869,-0.2263374924659729,-0.028107987061417816,-0.10617345571517944,-0.32158300280570984,-0.04306226530698609,-0.11896145343780518,-0.3826432228088379,-0.05621883952645135,-0.12883704900741577,-0.4323214292526245,-0.06749626183537316,-0.0346522331237793,-0.23111584782600403,-0.035946383416927574,-0.04116678237915039,-0.32383036613464355,-0.055609072834528206,-0.046086788177490234,-0.38505321741104126,-0.07358773732212853,-0.05027782917022705,-0.43590980768203735,-0.08664072984484505,0.014453887939453125,-0.21581634879112244,-0.04601853275326562,0.03899848461151123,-0.2910802662372589,-0.06480803275135827,0.05629914999008179,-0.34328407049179077,-0.07726835393933129,0.06852853298187256,-0.392914354801178,-0.08673032307652306,left
0.0,0.0,0.0,-0.07758641242980957,-0.02153158187866211,-0.025794327136566153,-0.1457456350326538,-0.0787954330444336,-0.03975038590698432,-0.19267559051513672,-0.13510370254516602,-0.05238895105986785,-0.23265761137008667,-0.16832345724105835,-0.06488418939380836,-0.11840230226516724,-0.20248177647590637,-0.019051292788674346,-0.16059160232543945,-0.27639567852020264,-0.03553922834663581,-0.18357330560684204,-0.3248622417449951,-0.05109168204336356,-0.20009154081344604,-0.36858081817626953,-0.06412997457056235,-0.07460993528366089,-0.2343711256980896,-0.022696008783270827,-0.09571903944015503,-0.33111563324928284,-0.036357182886888495,-0.10606622695922852,-0.3931118845939636,-0.049097057309438696,-0.11360877752304077,-0.44320060312747955,-0.06015206488638114,-0.026974260807037354,-0.2374294400215149,-0.030982745688845625,-0.030586957931518555,-0.33126014471054077,-0.05027505370645713,-0.033006250858306885,-0.3927799463272095,-0.06808428081541251,-0.035196542739868164,-0.44313807785511017,-0.08088124903707694,0.02268165349960327,-0.22017168998718262,-0.04156341391473006,0.05092644691467285,-0.2949843406677246,-0.06031408148675155,0.07057702541351318,-0.34621819853782654,-0.07282680633335303,0.08464938402175903,-0.3944694399833679,-0.08226351800232123,left
0.0,0.0,0.0,-0.07745212316513062,-0.027638256549835205,-0.027902241486231105,-0.14574801921844482,-0.08906149864196777,-0.04217593899659278,-0.192513108253479,-0.14997363090515137,-0.05515026083878638,-0.23201507329940796,-0.18924060463905334,-0.06779768473199965,-0.11557215452194214,-0.21420779824256897,-0.01814532621494891,-0.15473222732543945,-0.2929975390434265,-0.03538993901304366,-0.1748020052909851,-0.34459424018859863,-0.05149285278014304,-0.18776017427444458,-0.3923693895339966,-0.06505043214849593,-0.06824392080307007,-0.24507981538772583,-0.021285183417717235,-0.08570563793182373,-0.3449648916721344,-0.03586337125591399,-0.09195196628570557,-0.408354789018631,-0.04946888393453719,-0.09591960906982422,-0.46015702188014984,-0.061116048756161945,-0.018799304962158203,-0.24560442566871643,-0.029567647415319698,-0.0181388258934021,-0.33938896656036377,-0.050559753242055194,-0.01827627420425415,-0.4019538164138794,-0.06944456851772429,-0.019215047359466553,-0.45428451895713806,-0.08276033556751372,0.03148907423019409,-0.22493097186088562,-0.04035492769173743,0.0641205906867981,-0.29701492190361023,-0.06065430274895789,0.08616518974304199,-0.34884917736053467,-0.07442464089683654,0.10275095701217651,-0.39906638860702515,-0.08466489768318297,left
0.0,0.0,0.0,-0.07740557193756104,-0.023682236671447754,-0.028393664704793764,-0.14552342891693115,-0.08423572778701782,-0.04457644310795672,-0.19239318370819092,-0.14343690872192383,-0.05913554069601901,-0.2324712872505188,-0.1783824861049652,-0.07388050046765215,-0.11214214563369751,-0.21325907111167908,-0.024320368962520433,-0.15032368898391724,-0.29329055547714233,-0.04211252865397341,-0.16994118690490723,-0.3463578224182129,-0.058505284907454325,-0.18248391151428223,-0.3938547968864441,-0.07235456940733798,-0.06620228290557861,-0.2432079315185547,-0.027737803133362604,-0.08066326379776001,-0.34622490406036377,-0.043303120257490946,-0.08612322807312012,-0.4128422141075134,-0.05769847643577464,-0.08901846408843994,-0.46773695945739746,-0.06999824133717425,-0.017653584480285645,-0.24326425790786743,-0.03571253580057032,-0.014040589332580566,-0.34296613931655884,-0.05654018309914477,-0.010566115379333496,-0.40748539566993713,-0.07598061052166827,-0.007713139057159424,-0.4604855626821518,-0.08988306608998187,0.03185015916824341,-0.2225932478904724,-0.04601839494907267,0.06472039222717285,-0.2994456887245178,-0.06584760484301455,0.0879707932472229,-0.3513655662536621,-0.07938455727898486,0.10506892204284668,-0.40047451853752136,-0.08957865026795275,left
0.0,0.0,0.0,-0.07747042179107666,-0.015837252140045166,-0.029730945242675944,-0.1471506953239441,-0.06838017702102661,-0.04820682050112168,-0.19381678104400635,-0.12012612819671631,-0.06463380844715516,-0.23044419288635254,-0.1549782156944275,-0.08115039707544724,-0.11648356914520264,-0.19821679592132568,-0.030644259763988657,-0.15785562992095947,-0.2718541920185089,-0.051467716110977335,-0.17995506525039673,-0.320695698261261,-0.06941209675196092,-0.195534348487854,-0.36450543999671936,-0.08377441705587785,-0.073627769947052,-0.23075512051582336,-0.033824290497335596,-0.09320813417434692,-0.3308325707912445,-0.05159764678600709,-0.10249501466751099,-0.3952258229255676,-0.06626432330730836,-0.10886001586914062,-0.44803667068481445,-0.07855745346668641,-0.026934385299682617,-0.23509874939918518,-0.041467636240753336,-0.027949631214141846,-0.33395323157310486,-0.06319390179041307,-0.02906423807144165,-0.3975865840911865,-0.08239245356443803,-0.029606521129608154,-0.45021434128284454,-0.09625286550644319,0.021466314792633057,-0.21886569261550903,-0.0515276187789766,0.05028563737869263,-0.2962264120578766,-0.07207769097212235,0.07036525011062622,-0.3489875793457031,-0.08575034083250443,0.08458179235458374,-0.39861413836479187,-0.09602475108030717,left
0.0,0.0,0.0,-0.07417076826095581,-0.014532208442687988,-0.028965239181701463,-0.14673066139221191,-0.06292933225631714,-0.04650893132347278,-0.1982365846633911,-0.1081472635269165,-0.06269089202541522,-0.23830974102020264,-0.1345195770263672,-0.07912580738920383,-0.12477540969848633,-0.19445914030075073,-0.026700242191139978,-0.16897308826446533,-0.26311230659484863,-0.047206581338826936,-0.19268178939819336,-0.3089529871940613,-0.0654566667522829,-0.21156007051467896,-0.35077738761901855,-0.08005214552539996,-0.0824892520904541,-0.23054710030555725,-0.030448830455128473,-0.10860663652420044,-0.3300660252571106,-0.0481142073418539,-0.12249195575714111,-0.39104336500167847,-0.06287834863323383,-0.13467776775360107,-0.43994373083114624,-0.07514491747278385,-0.03559708595275879,-0.23838123679161072,-0.03875302593368701,-0.04288899898529053,-0.33397674560546875,-0.06031974102515392,-0.04837143421173096,-0.3954058289527893,-0.07858124445337467,-0.05436617136001587,-0.4474351108074188,-0.09149367432254962,0.013105213642120361,-0.2261166274547577,-0.04965907777804546,0.03591132164001465,-0.3041505217552185,-0.0686433247770708,0.05175131559371948,-0.35584479570388794,-0.08036650042194537,0.06092345714569092,-0.40398314595222473,-0.08931853692192249,left
0.0,0.0,0.0,-0.07178080081939697,-0.007081270217895508,-0.029735111636057354,-0.1448143720626831,-0.05209618806838989,-0.04689387884451435,-0.19470423460006714,-0.09771037101745605,-0.06224382203532741,-0.23511502146720886,-0.12596940994262695,-0.07751808967901752,-0.1318662166595459,-0.18665844202041626,-0.02730810177041576,-0.17900335788726807,-0.25215864181518555,-0.048367372718587376,-0.2058907151222229,-0.29690223932266235,-0.06674804445816562,-0.2281399965286255,-0.33790186047554016,-0.081509395507112,-0.0915595293045044,-0.22448650002479553,-0.030746989888086773,-0.12301743030548096,-0.32188308238983154,-0.048741030511394,-0.1392926573753357,-0.38236361742019653,-0.06389529910399006,-0.1530333161354065,-0.43093234300613403,-0.07629462983919666,-0.04485654830932617,-0.23320043087005615,-0.038829199043050266,-0.056553006172180176,-0.3269038498401642,-0.061178850945964314,-0.0644538402557373,-0.38861292600631714,-0.08021891024424121,-0.07241934537887573,-0.4408535361289978,-0.09372075554443882,0.0048340559005737305,-0.2218606173992157,-0.049433379438653446,0.024022936820983887,-0.29853129386901855,-0.07004673686338947,0.03708231449127197,-0.35126206278800964,-0.08303594496561573,0.043778419494628906,-0.4006892740726471,-0.09276927169872806,left
0.0,0.0,0.0,-0.07254505157470703,-0.012887954711914062,-0.02918538457991815,-0.14580786228179932,-0.06237506866455078,-0.0463048928165648,-0.19806009531021118,-0.10793119668960571,-0.06179591647627092,-0.23907995223999023,-0.13352274894714355,-0.07752688980939126,-0.1266208291053772,-0.1883978247642517,-0.028444837846777205,-0.17367660999298096,-0.25586578249931335,-0.04925314343812204,-0.19985896348953247,-0.3020477592945099,-0.06715872145535684,-0.22098731994628906,-0.34434717893600464,-0.08169689781310296,-0.08546990156173706,-0.225245863199234,-0.031868204542419676,-0.11553847789764404,-0.32359984517097473,-0.05032936490418649,-0.13193106651306152,-0.38438650965690613,-0.06525493420006967,-0.146251380443573,-0.4326225519180298,-0.07749571658017373,-0.03866243362426758,-0.23336085677146912,-0.03963843739869333,-0.04968738555908203,-0.3274838328361511,-0.061952360042354826,-0.057520508766174316,-0.388674259185791,-0.08030427254082895,-0.0653982162475586,-0.44019418954849243,-0.09331136948706842,0.010536551475524902,-0.220878005027771,-0.049934446879646543,0.031579434871673584,-0.29625770449638367,-0.06982073939683175,0.04576468467712402,-0.3473564684391022,-0.08204278356673456,0.05311322212219238,-0.3943937420845032,-0.09135020531060434,left
0.0,0.0,0.0,-0.0775146484375,-0.01592010259628296,-0.02802773497785438,-0.14856475591659546,-0.06834709644317627,-0.0454739232339989,-0.19897174835205078,-0.119526207447052,-0.060840756891025194,-0.23944056034088135,-0.15312016010284424,-0.07627337544943202,-0.12038469314575195,-0.19125503301620483,-0.02913304909850467,-0.16586953401565552,-0.2607266902923584,-0.04899781688834537,-0.1912018060684204,-0.3094792068004608,-0.0660682034471165,-0.20967453718185425,-0.3523293733596802,-0.07992485284592021,-0.07921850681304932,-0.22479283809661865,-0.032416635451568254,-0.10504615306854248,-0.32099953293800354,-0.049573884604228624,-0.11897218227386475,-0.384844571352005,-0.0638639193751942,-0.12899082899093628,-0.43645553290843964,-0.0759365123489033,-0.03253066539764404,-0.2296476662158966,-0.03984641775275577,-0.040804386138916016,-0.3251703381538391,-0.06121659397865642,-0.047016024589538574,-0.3889111578464508,-0.08000182479406703,-0.0517350435256958,-0.4406372755765915,-0.09367606162811626,0.016898155212402344,-0.21431758999824524,-0.04947853579903949,0.041950881481170654,-0.29008254408836365,-0.06970377385403026,0.05893152952194214,-0.34324944019317627,-0.08316832899834026,0.07021540403366089,-0.3921353816986084,-0.09337671220089305,left
0.0,0.0,0.0,-0.0759882926940918,-0.025670766830444336,-0.027640875589213465,-0.144243061542511,-0.08540427684783936,-0.04338536986347208,-0.19195932149887085,-0.14366549253463745,-0.05760510840650568,-0.2316696047782898,-0.17950928211212158,-0.07174435087677011,-0.11511409282684326,-0.20709264278411865,-0.023474376808962916,-0.15651851892471313,-0.2829943299293518,-0.04184426942106256,-0.17916828393936157,-0.33344346284866333,-0.05822805517550478,-0.19513750076293945,-0.37912875413894653,-0.07187642731901178,-0.0710936188697815,-0.23825949430465698,-0.026951905500254725,-0.09171056747436523,-0.33779048919677734,-0.043118419285974596,-0.10057342052459717,-0.40230557322502136,-0.056998567815981005,-0.10659646987915039,-0.45421816408634186,-0.06879103013511667,-0.023158907890319824,-0.23986133933067322,-0.0350406935178853,-0.02528470754623413,-0.335421621799469,-0.056759001847467516,-0.02622818946838379,-0.3996850848197937,-0.07567395099636087,-0.027052998542785645,-0.45222972333431244,-0.0890914482736207,0.026604294776916504,-0.22051936388015747,-0.04541938581701288,0.05735361576080322,-0.2932218611240387,-0.0660971758627511,0.07886582612991333,-0.3438778817653656,-0.07969012686248789,0.09388762712478638,-0.39118170738220215,-0.08983503111835489,left
0.0,0.0,0.0,-0.07712894678115845,-0.03225111961364746,-0.027221916990299633,-0.1444178819656372,-0.0965576171875,-0.0416932635027365,-0.189336359500885,-0.15789341926574707,-0.05472816601576369,-0.22661089897155762,-0.20094040036201477,-0.06760757491173308,-0.11035645008087158,-0.21616053581237793,-0.020194341244121006,-0.14648616313934326,-0.29791325330734253,-0.03727365732373755,-0.1646701693534851,-0.3518024981021881,-0.052815769614596775,-0.17542314529418945,-0.3997099697589874,-0.06587854847492736,-0.06251990795135498,-0.24353468418121338,-0.02365538925113242,-0.07548338174819946,-0.34613096714019775,-0.038536065073628833,-0.07883864641189575,-0.4117426425218582,-0.052442026140113285,-0.07974332571029663,-0.46576525270938873,-0.06414859071554702,-0.012930035591125488,-0.24104925990104675,-0.03188425377192061,-0.007442891597747803,-0.3387377858161926,-0.05371798277082007,-0.0036072731018066406,-0.4041668176651001,-0.07378860637726348,-0.0006845593452453613,-0.45902419090270996,-0.08794297352613967,0.03713846206665039,-0.21783232688903809,-0.04219865128578704,0.07367295026779175,-0.2883307933807373,-0.06368765309633773,0.09921109676361084,-0.3379400372505188,-0.07806260958494704,0.11906230449676514,-0.38585638999938965,-0.08855797425093215,left
0.0,0.0,0.0,-0.07523071765899658,-0.03534972667694092,-0.030333905549753126,-0.14092236757278442,-0.10483276844024658,-0.046079286443102774,-0.1852162480354309,-0.17317607998847961,-0.0603309395481233,-0.22304749488830566,-0.21962100267410278,-0.07420890133272451,-0.106658935546875,-0.22868987917900085,-0.022119960816610273,-0.13763785362243652,-0.31608647108078003,-0.04044747452627462,-0.15197771787643433,-0.37291622161865234,-0.05684592674862188,-0.15979492664337158,-0.4243582785129547,-0.07069566945921224,-0.05564117431640625,-0.2538498640060425,-0.024607426555860457,-0.06330990791320801,-0.3590059280395508,-0.04109023238908094,-0.062065064907073975,-0.4260585457086563,-0.05570038135539335,-0.05997520685195923,-0.48039230704307556,-0.0681114653814916,-0.005055665969848633,-0.248361736536026,-0.03234883497844976,0.005195796489715576,-0.3441147804260254,-0.05562211300622266,0.013835668563842773,-0.40994884073734283,-0.07601614396463674,0.01951301097869873,-0.46545274555683136,-0.09030903975855153,0.04455024003982544,-0.2214662730693817,-0.04256301473270696,0.0839993953704834,-0.28801900148391724,-0.06452307205091756,0.11103415489196777,-0.33667638897895813,-0.07939707587848943,0.13158118724822998,-0.3841441869735718,-0.09044849972616475,left
0.0,0.0,0.0,-0.07769942283630371,-0.03116840124130249,-0.029835422656049104,-0.1445046067237854,-0.09548729658126831,-0.04566155666719851,-0.18796253204345703,-0.15940123796463013,-0.05952380517732081,-0.2227906584739685,-0.20608258247375488,-0.07299262950431284,-0.10580772161483765,-0.22295203804969788,-0.02277906345437941,-0.1375826597213745,-0.3109850585460663,-0.03965613538633761,-0.15251290798187256,-0.3679327964782715,-0.05494524086128649,-0.15914368629455566,-0.4174211323261261,-0.06787485549460825,-0.05702763795852661,-0.2490328848361969,-0.025332912004103036,-0.064922034740448,-0.3554834723472595,-0.039800840562691064,-0.06353110074996948,-0.4237789809703827,-0.05350499520312724,-0.06012105941772461,-0.479514017701149,-0.0652422375441688,-0.007834374904632568,-0.24480360746383667,-0.032925303226818414,0.0032449960708618164,-0.34543102979660034,-0.05468803564320979,0.011839807033538818,-0.41146448254585266,-0.07519401530038294,0.018739521503448486,-0.46712397038936615,-0.08979142377387461,0.04171395301818848,-0.21991756558418274,-0.04280985811959681,0.08131349086761475,-0.29093101620674133,-0.06494491467486796,0.10902279615402222,-0.3413117229938507,-0.08023160616170344,0.1310916543006897,-0.39056915044784546,-0.09137700418244776,left
0.0,0.0,0.0,-0.07875478267669678,-0.024079084396362305,-0.03001383197334917,-0.14742571115493774,-0.08491432666778564,-0.04754062806097181,-0.19236445426940918,-0.14552807807922363,-0.06281976838437231,-0.2289578914642334,-0.1878443956375122,-0.07799559523192556,-0.11258333921432495,-0.2143595814704895,-0.02891982597139986,-0.14786219596862793,-0.30040910840034485,-0.04827906627980383,-0.16601508855819702,-0.3554804027080536,-0.06498595763770254,-0.17681831121444702,-0.4037618637084961,-0.07868380536166342,-0.06589639186859131,-0.24346914887428284,-0.031876143709098415,-0.07870465517044067,-0.35040298104286194,-0.04837024648514898,-0.08249443769454956,-0.4183202385902405,-0.0626877887996784,-0.08361315727233887,-0.4753403067588806,-0.07486886222687872,-0.017221391201019287,-0.24313369393348694,-0.039402891591464595,-0.010561525821685791,-0.34566792845726013,-0.061552916363154964,-0.00462496280670166,-0.4125422239303589,-0.08160006691542776,0.0006072521209716797,-0.4692173898220062,-0.09597214747992666,0.03221452236175537,-0.22155746817588806,-0.04921873722997816,0.06647378206253052,-0.2986626625061035,-0.07102233608094366,0.09053647518157959,-0.3506143093109131,-0.08534791757193716,0.10859054327011108,-0.4003724455833435,-0.09594059427109869,left
0.0,0.0,0.0,-0.07481217384338379,-0.019116878509521484,-0.03188174057467563,-0.14762210845947266,-0.07249307632446289,-0.05106650504930599,-0.19696444272994995,-0.12168329954147339,-0.06837348106964214,-0.2352973222732544,-0.1535276174545288,-0.08574624571664913,-0.11693078279495239,-0.20941442251205444,-0.030524991710620952,-0.1574864387512207,-0.2856152355670929,-0.051040062938767505,-0.17855829000473022,-0.33629369735717773,-0.06897283557518108,-0.19464999437332153,-0.3835439085960388,-0.08361131164892299,-0.0724526047706604,-0.24250146746635437,-0.0337569623039542,-0.09208941459655762,-0.34811174869537354,-0.05188364002569301,-0.10065877437591553,-0.41494858264923096,-0.06723300579650981,-0.10753154754638672,-0.46915213763713837,-0.08000382993085964,-0.024615705013275146,-0.24527165293693542,-0.04171092275245769,-0.02604544162750244,-0.3471941351890564,-0.06428595844371898,-0.026192665100097656,-0.41480815410614014,-0.08451393458707912,-0.026969075202941895,-0.4722830355167389,-0.0988725072489558,0.024840474128723145,-0.22669753432273865,-0.052317565564948154,0.05273967981338501,-0.30556291341781616,-0.07263312700851543,0.07280009984970093,-0.35901159048080444,-0.08591591033800228,0.08567410707473755,-0.4098657965660095,-0.09599063012464626,left
0.0,0.0,0.0,-0.0750279426574707,-0.00993424654006958,-0.032515407253413287,-0.15051478147506714,-0.05461019277572632,-0.052980814773945895,-0.20329153537750244,-0.10058897733688354,-0.07131549035420903,-0.24381554126739502,-0.12899929285049438,-0.08960743312945851,-0.13212335109710693,-0.19585436582565308,-0.0346123619865466,-0.17827826738357544,-0.2716017961502075,-0.05856674974074849,-0.20400679111480713,-0.3219456374645233,-0.07826150273194799,-0.22521322965621948,-0.36683183908462524,-0.09342659329286107,-0.08919370174407959,-0.23295557498931885,-0.037752371926217165,-0.11627155542373657,-0.3377756178379059,-0.058177401025204745,-0.13024628162384033,-0.40367043018341064,-0.0742191082727004,-0.14195919036865234,-0.4563908576965332,-0.08703691576829442,-0.04127687215805054,-0.24082216620445251,-0.04557532136550435,-0.04818493127822876,-0.3415343463420868,-0.06932772015443334,-0.053336381912231445,-0.4080488085746765,-0.08927065198531636,-0.0588415265083313,-0.46327340602874756,-0.10322360758891591,0.008661627769470215,-0.22785887122154236,-0.056113880772500124,0.03237694501876831,-0.3085439205169678,-0.07758463983645925,0.04815942049026489,-0.3638526499271393,-0.0911168760549117,0.05753016471862793,-0.4146081209182739,-0.10094866221061238,left
0.0,0.0,0.0,-0.07676190137863159,-0.0052291154861450195,-0.031816580011707174,-0.15173053741455078,-0.04530864953994751,-0.0531381374739226,-0.20530778169631958,-0.08744412660598755,-0.07253505350576006,-0.24856531620025635,-0.11730432510375977,-0.09203164340482317,-0.13675528764724731,-0.18676143884658813,-0.033460967852931844,-0.18815678358078003,-0.2547846734523773,-0.05867401571498476,-0.21871578693389893,-0.2999386191368103,-0.07975370497928225,-0.24331790208816528,-0.340981125831604,-0.09608809710965716,-0.0970311164855957,-0.2263493835926056,-0.03776199059115015,-0.1321169137954712,-0.32749930024147034,-0.05874686749206148,-0.15135711431503296,-0.39084410667419434,-0.07555048228726946,-0.16703909635543823,-0.4431161880493164,-0.08914946080670916,-0.04973679780960083,-0.23528414964675903,-0.046841953559976446,-0.06388187408447266,-0.3373367488384247,-0.07128898115382754,-0.07356685400009155,-0.40199172496795654,-0.09119685055242144,-0.08244478702545166,-0.4566938877105713,-0.10554181845412813,0.001198887825012207,-0.22222113609313965,-0.058564801379304754,0.020212411880493164,-0.30227041244506836,-0.08122028471456133,0.03276270627975464,-0.3590567409992218,-0.09528013379798494,0.03955364227294922,-0.4130995273590088,-0.10573975802884661,left
0.0,0.0,0.0,-0.07427835464477539,-0.006661593914031982,-0.030251285602275857,-0.15020620822906494,-0.051114678382873535,-0.048810849507276544,-0.20386040210723877,-0.09455883502960205,-0.06532239409250451,-0.24528157711029053,-0.11919510364532471,-0.08210457356733514,-0.13403183221817017,-0.18892204761505127,-0.03169335665268136,-0.1835705041885376,-0.25692859292030334,-0.05451449247163964,-0.21287715435028076,-0.30350619554519653,-0.07380327077669335,-0.23717421293258667,-0.34595727920532227,-0.08912726732057763,-0.09352129697799683,-0.22700712084770203,-0.035569659043972024,-0.12622278928756714,-0.32752567529678345,-0.0548597412006302,-0.14468324184417725,-0.3905404508113861,-0.07037651779216958,-0.16008132696151733,-0.4416908919811249,-0.08289602639240456,-0.0460362434387207,-0.23456516861915588,-0.0439400100902958,-0.05832946300506592,-0.3342912793159485,-0.06726937981409264,-0.0676347017288208,-0.39890336990356445,-0.08702367039484216,-0.07641035318374634,-0.45270437002182007,-0.10103158893150521,0.00448530912399292,-0.2208276391029358,-0.054762406815711984,0.024871110916137695,-0.30022382736206055,-0.07654375823301507,0.038147926330566406,-0.35572776198387146,-0.09030847491783334,0.04513275623321533,-0.4075465500354767,-0.10047047825617028,left
0.0,0.0,0.0,-0.07543754577636719,-0.017324626445770264,-0.031354244364081296,-0.15076053142547607,-0.07039040327072144,-0.05039388270455447,-0.2048555612564087,-0.11989098787307739,-0.0678544710703477,-0.2472788691520691,-0.15210020542144775,-0.08550724343734828,-0.12659341096878052,-0.19939613342285156,-0.030871798781333837,-0.1735246777534485,-0.27041247487068176,-0.05401312516409007,-0.20075923204421997,-0.3171578347682953,-0.07380413965660182,-0.2234669327735901,-0.3606316149234772,-0.08930599646049586,-0.08320140838623047,-0.23626649379730225,-0.03462702364998904,-0.11085540056228638,-0.33860984444618225,-0.05503259928303805,-0.1269294023513794,-0.4034287929534912,-0.0719385068245515,-0.1415870189666748,-0.4555840343236923,-0.08553764180618373,-0.034651875495910645,-0.24319368600845337,-0.04301556528884021,-0.04398083686828613,-0.34250032901763916,-0.06709869162517634,-0.05078721046447754,-0.40751153230667114,-0.08705810414033976,-0.05815607309341431,-0.46268826723098755,-0.10097666786390391,0.0158078670501709,-0.22853979468345642,-0.05405000926333514,0.03796994686126709,-0.30775150656700134,-0.07500669316726771,0.05365133285522461,-0.361320436000824,-0.08781059787946788,0.06200003623962402,-0.41082653403282166,-0.09741835997778026,left
0.0,0.0,0.0,-0.08030831813812256,-0.020880818367004395,-0.028637363054400566,-0.15201282501220703,-0.07804536819458008,-0.04611740302348721,-0.20134645700454712,-0.1362796425819397,-0.06158011075163472,-0.24285238981246948,-0.17409080266952515,-0.07707725878859151,-0.12193959951400757,-0.20265808701515198,-0.028016230501776818,-0.16585677862167358,-0.2804633378982544,-0.04791934829259503,-0.19035333395004272,-0.33255404233932495,-0.06519497599506963,-0.207689106464386,-0.3790360689163208,-0.07938164141083348,-0.07792574167251587,-0.23519712686538696,-0.03170674335265744,-0.10134303569793701,-0.3385467231273651,-0.04890802543664563,-0.11385047435760498,-0.4060775339603424,-0.06379806663895238,-0.12273579835891724,-0.4623614549636841,-0.07651938166523564,-0.02966892719268799,-0.23829513788223267,-0.03971811424995053,-0.0336226224899292,-0.3398863971233368,-0.06160476472282994,-0.03670138120651245,-0.4060269594192505,-0.08068740036392796,-0.03919464349746704,-0.46071210503578186,-0.09468993958140004,0.02052825689315796,-0.22046512365341187,-0.04998406808877576,0.04858881235122681,-0.2985564172267914,-0.07108671631718266,0.06763100624084473,-0.3530076742172241,-0.08472788747454274,0.08077883720397949,-0.40407615900039673,-0.09505735751295674,left
0.0,0.0,0.0,-0.07715779542922974,-0.0284346342086792,-0.029747734583452257,-0.14543336629867554,-0.0893588662147522,-0.046980938680007966,-0.1904129981994629,-0.15226119756698608,-0.06243247053726009,-0.2281932234764099,-0.19583046436309814,-0.07774992919667056,-0.1148952841758728,-0.21514439582824707,-0.026137652612760576,-0.15479987859725952,-0.29641562700271606,-0.046612503744199785,-0.17601096630096436,-0.35051852464675903,-0.0646396417091637,-0.19034361839294434,-0.4001779556274414,-0.07944942153199008,-0.06844639778137207,-0.24491432309150696,-0.029561186946466478,-0.08567124605178833,-0.3505159616470337,-0.0478297721515446,-0.09209460020065308,-0.4183911085128784,-0.06354572511418155,-0.0959089994430542,-0.47478169202804565,-0.07655898369057468,-0.019331276416778564,-0.2442948818206787,-0.03775505236490062,-0.017361581325531006,-0.3447916507720947,-0.06128999478323749,-0.014561235904693604,-0.41090476512908936,-0.08122356868489078,-0.012309551239013672,-0.46584394574165344,-0.09521076715691379,0.031183481216430664,-0.22256550192832947,-0.04831619075639537,0.0637020468711853,-0.2973687946796417,-0.07033520824415973,0.08670151233673096,-0.3487488925457001,-0.08426839745743564,0.10359406471252441,-0.39786070585250854,-0.09449822343094638,left
0.0,0.0,0.0,-0.07709461450576782,-0.029908359050750732,-0.03029978239030129,-0.14334064722061157,-0.09294372797012329,-0.04653073065966851,-0.18694275617599487,-0.1567443609237671,-0.06051962041348702,-0.22350436449050903,-0.2029154896736145,-0.07406507768720871,-0.10976731777191162,-0.21679580211639404,-0.025354444617931904,-0.14447319507598877,-0.3039373755455017,-0.04346273430675751,-0.16157209873199463,-0.3608456254005432,-0.059234354282324375,-0.17009544372558594,-0.4113474488258362,-0.072381559396689,-0.06179159879684448,-0.24313205480575562,-0.027508820975725712,-0.07331031560897827,-0.348308265209198,-0.043068613494341434,-0.07450240850448608,-0.4168040156364441,-0.05721536614984757,-0.07314091920852661,-0.4743362367153168,-0.06918513366073853,-0.012800335884094238,-0.2395605444908142,-0.03449233585089928,-0.006045937538146973,-0.3384811282157898,-0.05707590618223435,-0.000718235969543457,-0.4047915041446686,-0.07757930793852097,0.003242969512939453,-0.46157555282115936,-0.09205136784404999,0.03716456890106201,-0.21558687090873718,-0.04370319434494263,0.07364612817764282,-0.2865251302719116,-0.06623193957895523,0.09894317388534546,-0.3369831442832947,-0.08135191687435395,0.11887794733047485,-0.38677626848220825,-0.09232010283560044,left
0.0,0.0,0.0,-0.0759432315826416,-0.029128670692443848,-0.029511247218238168,-0.14085501432418823,-0.09011566638946533,-0.04551313483773356,-0.18110144138336182,-0.15355616807937622,-0.05953823813854342,-0.21345174312591553,-0.20162975788116455,-0.07300603801070338,-0.10459601879119873,-0.21168622374534607,-0.02279393227456694,-0.13548272848129272,-0.2964036762714386,-0.040395375729190164,-0.15053832530975342,-0.3512178063392639,-0.05612436720787173,-0.15832114219665527,-0.39960455894470215,-0.06917397344170695,-0.05748683214187622,-0.2374107539653778,-0.025107173637138658,-0.0663985013961792,-0.3406102657318115,-0.04031010010896807,-0.06689822673797607,-0.40718233585357666,-0.05448697173653727,-0.06535464525222778,-0.46287204325199127,-0.06641063505469447,-0.010178744792938232,-0.23470351099967957,-0.03231592142640238,-0.0022792816162109375,-0.33112555742263794,-0.05377976635156756,0.005865156650543213,-0.3952793478965759,-0.07335746699629908,0.012498021125793457,-0.4497813880443573,-0.08708995992003565,0.03752446174621582,-0.21227744221687317,-0.041823767513619714,0.07191520929336548,-0.28271928429603577,-0.06273895913420802,0.09613543748855591,-0.3313505947589874,-0.07657536530552989,0.11470532417297363,-0.37866437435150146,-0.08661941105185633,left
0.0,0.0,0.0,-0.07479614019393921,-0.024053335189819336,-0.030432247170182336,-0.14157259464263916,-0.08147156238555908,-0.04893606024322139,-0.18543320894241333,-0.14003372192382812,-0.06542136760887729,-0.22038698196411133,-0.18224823474884033,-0.08180125298437702,-0.10762965679168701,-0.2062455713748932,-0.029450133987637628,-0.14309048652648926,-0.2866888642311096,-0.04994112866458522,-0.16110384464263916,-0.34042978286743164,-0.06780345978674518,-0.17282789945602417,-0.38853007555007935,-0.08228627088007556,-0.06283414363861084,-0.23502898216247559,-0.032192288511367906,-0.07677924633026123,-0.33912402391433716,-0.04994653033551799,-0.0814705491065979,-0.40623462200164795,-0.06517020853695499,-0.0837065577507019,-0.4621775895357132,-0.07785069438156711,-0.01566779613494873,-0.23539555072784424,-0.03941539543208705,-0.011909246444702148,-0.33684220910072327,-0.06131874638137447,-0.00752568244934082,-0.4018986225128174,-0.0802846276992284,-0.003808319568634033,-0.4559970200061798,-0.09381412210402118,0.032605648040771484,-0.21535104513168335,-0.04908169674214946,0.06343948841094971,-0.29053163528442383,-0.06951304020819293,0.08483660221099854,-0.34091317653656006,-0.08238261433777438,0.0998612642288208,-0.3884449005126953,-0.09189027788576709,left
0.0,0.0,0.0,-0.07266908884048462,-0.01789093017578125,-0.03341060431418441,-0.14301753044128418,-0.06897008419036865,-0.05412199647841476,-0.1902979016304016,-0.11922961473464966,-0.07248376609501861,-0.22651708126068115,-0.15384763479232788,-0.09070214928803466,-0.1129453182220459,-0.203108012676239,-0.034823681430196984,-0.15160876512527466,-0.2789108157157898,-0.05672593341884635,-0.17183291912078857,-0.32900333404541016,-0.07497321368870757,-0.18693554401397705,-0.3750780522823334,-0.08948371113953613,-0.06957823038101196,-0.23517435789108276,-0.036943513171053155,-0.08820569515228271,-0.3389027714729309,-0.0563489452165129,-0.09673881530761719,-0.40502482652664185,-0.07161570640025161,-0.10364007949829102,-0.45812778174877167,-0.08408364953217529,-0.022978127002716064,-0.23784050345420837,-0.04369292335329078,-0.023923397064208984,-0.33730757236480713,-0.0667665779751303,-0.02482503652572632,-0.40356409549713135,-0.0865148484867575,-0.02646571397781372,-0.45848892629146576,-0.10035293848929427,0.02487635612487793,-0.2199815809726715,-0.05316315145907424,0.051539063453674316,-0.2972853183746338,-0.07385742218909286,0.07007300853729248,-0.3499860465526581,-0.08737024964509033,0.08146041631698608,-0.3992276191711426,-0.09742939771828674,left
0.0,0.0,0.0,-0.07433688640594482,-0.008260488510131836,-0.034693448982238806,-0.1463226079940796,-0.049663543701171875,-0.05832234694719318,-0.1995590329170227,-0.0955967903137207,-0.07929820119500164,-0.24302935600280762,-0.1254710555076599,-0.10026347934365276,-0.12542414665222168,-0.19148766994476318,-0.03827197029352192,-0.17083066701889038,-0.26383349299430847,-0.06377843319535259,-0.19737738370895386,-0.3137161135673523,-0.08504594414591793,-0.2184433937072754,-0.3578948378562927,-0.10121459811091427,-0.08460044860839844,-0.22707831859588623,-0.040559175602197683,-0.11118936538696289,-0.3273000121116638,-0.06210867985248569,-0.12746435403823853,-0.3928394913673401,-0.07908688782811168,-0.14013755321502686,-0.4474065899848938,-0.09252117126345638,-0.03800761699676514,-0.23344653844833374,-0.047397799036502875,-0.04551917314529419,-0.33512768149375916,-0.07136789261460308,-0.05228924751281738,-0.4016859829425812,-0.0907653897917271,-0.05774390697479248,-0.4571046233177185,-0.10443841963171963,0.010930657386779785,-0.21913936734199524,-0.057063444695472754,0.03277379274368286,-0.3001948893070221,-0.07849336712718014,0.04644197225570679,-0.35661062598228455,-0.09145320504069332,0.05450230836868286,-0.4088500142097473,-0.1008485510861874,left
0.0,0.0,0.0,-0.07443362474441528,0.003802061080932617,-0.029731447893112772,-0.14764690399169922,-0.03172987699508667,-0.05026936446401464,-0.1992378830909729,-0.07167840003967285,-0.06858758171173918,-0.24337905645370483,-0.096607506275177,-0.08748279799792158,-0.13699573278427124,-0.17370253801345825,-0.035951162773102396,-0.18676823377609253,-0.24403634667396545,-0.05968673815104353,-0.21705687046051025,-0.2909315228462219,-0.07897956212136137,-0.2405751347541809,-0.33221435546875,-0.09403685023161756,-0.09761708974838257,-0.2128801941871643,-0.040528780865400904,-0.13346761465072632,-0.31464728713035583,-0.060748006301849955,-0.15315353870391846,-0.3787994682788849,-0.07723988135430204,-0.1685429811477661,-0.43305349349975586,-0.0902002557096182,-0.04973942041397095,-0.22241580486297607,-0.04889445294710981,-0.06501424312591553,-0.324529767036438,-0.07229527373883116,-0.07477432489395142,-0.39047911763191223,-0.0915442584929167,-0.08342444896697998,-0.44639402627944946,-0.10530697842213499,0.0019467473030090332,-0.2117125391960144,-0.05937781100246298,0.017571210861206055,-0.29492437839508057,-0.08151944269511091,0.02729785442352295,-0.3529621958732605,-0.09441370059820997,0.031897664070129395,-0.4069715142250061,-0.10361448218199598,left
0.0,0.0,0.0,-0.07213187217712402,-0.006657421588897705,-0.03245524249268783,-0.14440327882766724,-0.048063576221466064,-0.05330078608585609,-0.19478046894073486,-0.0948299765586853,-0.07164236090375198,-0.23511582612991333,-0.12500381469726562,-0.08994012258244766,-0.13158398866653442,-0.18287253379821777,-0.0364102416415335,-0.17927145957946777,-0.2533845603466034,-0.06126993826819671,-0.20816761255264282,-0.301840215921402,-0.08146016977025283,-0.2318553328514099,-0.34504204988479614,-0.09703856638861907,-0.09165823459625244,-0.22066745162010193,-0.03926445848537696,-0.12285935878753662,-0.32076478004455566,-0.06039797819448722,-0.1408243179321289,-0.3845035433769226,-0.07660318843318237,-0.15584570169448853,-0.43663543462753296,-0.08941974423123611,-0.044921696186065674,-0.22909697890281677,-0.04649967632485641,-0.056461870670318604,-0.3275871276855469,-0.07058834961844695,-0.06513339281082153,-0.3919099271297455,-0.08972828767491592,-0.07309997081756592,-0.44481992721557617,-0.10319460860682739,0.005005478858947754,-0.2169845700263977,-0.05633634261084808,0.024849236011505127,-0.2949942350387573,-0.07832949540807022,0.037648022174835205,-0.3492932915687561,-0.09155942431880248,0.04462331533432007,-0.3990764617919922,-0.10115119002057327,left
0.0,0.0,0.0,-0.07412242889404297,-0.017891764640808105,-0.029181732871848,-0.14649200439453125,-0.06954711675643921,-0.04703041080506409,-0.19526058435440063,-0.1191256046295166,-0.06307178277643288,-0.2330772876739502,-0.15160882472991943,-0.07912492293985451,-0.12238538265228271,-0.19664901494979858,-0.029832278454023253,-0.16695350408554077,-0.268934965133667,-0.05102847058446969,-0.19226235151290894,-0.3185703158378601,-0.06909285772712792,-0.2128978967666626,-0.3635580837726593,-0.08354863066347207,-0.0802607536315918,-0.23106861114501953,-0.033497388550358664,-0.10759860277175903,-0.33157187700271606,-0.052458177396374595,-0.12237775325775146,-0.39650672674179077,-0.06832950849207009,-0.13500761985778809,-0.44909118115901947,-0.08116638202341164,-0.03313314914703369,-0.23672160506248474,-0.0412996291008767,-0.04232662916183472,-0.33297234773635864,-0.06378803689153756,-0.04834306240081787,-0.39762964844703674,-0.08294517088802422,-0.05435800552368164,-0.4519621580839157,-0.09644687462719048,0.016644835472106934,-0.22163498401641846,-0.05147394824894036,0.03918403387069702,-0.2969945967197418,-0.07137877781065072,0.05460524559020996,-0.3485438823699951,-0.08366430837781991,0.06327235698699951,-0.3962130546569824,-0.09281047720583047,left
0.0,0.0,0.0,-0.07506388425827026,-0.0292818546295166,-0.027990022867470543,-0.14153313636779785,-0.09056752920150757,-0.043356446742564,-0.1856786012649536,-0.15128153562545776,-0.05681967568352775,-0.2213435173034668,-0.1949019730091095,-0.06983581390932159,-0.11112338304519653,-0.2099945843219757,-0.023600796430855553,-0.14693081378936768,-0.29453223943710327,-0.04219460692957,-0.16563552618026733,-0.34977251291275024,-0.05825085025981025,-0.17670035362243652,-0.3980776369571686,-0.07134682890728072,-0.06525290012359619,-0.2376728057861328,-0.026239251911192696,-0.08013051748275757,-0.34135472774505615,-0.04209006783321456,-0.08455413579940796,-0.40856117010116577,-0.05618236046984748,-0.08586680889129639,-0.46429476141929626,-0.06788810548141555,-0.017488479614257812,-0.23681697249412537,-0.033487299650460045,-0.014626920223236084,-0.33335351943969727,-0.05495674741223411,-0.010896444320678711,-0.39791953563690186,-0.07397167590215759,-0.008134067058563232,-0.4521839916706085,-0.08728612419918136,0.031782686710357666,-0.21583428978919983,-0.04292019662216262,0.06375658512115479,-0.2865103781223297,-0.0634098818595703,0.08518725633621216,-0.33660000562667847,-0.07683863696411208,0.1011229157447815,-0.38509440422058105,-0.08659633454635696,left
0.0,0.0,0.0,-0.07422006130218506,-0.03257519006729126,-0.03071348395914697,-0.13843107223510742,-0.09868365526199341,-0.04671604771883153,-0.18035244941711426,-0.16452297568321228,-0.060509091511079305,-0.21493017673492432,-0.21290963888168335,-0.07361019243271016,-0.10509264469146729,-0.2179916799068451,-0.024250814959117406,-0.13529431819915771,-0.30722203850746155,-0.04241271530062818,-0.14949655532836914,-0.3643185496330261,-0.05801444341213369,-0.15657466650009155,-0.41460707783699036,-0.07096332897216939,-0.05735743045806885,-0.2424812912940979,-0.02584868882567548,-0.06599169969558716,-0.3474866449832916,-0.04200172637374067,-0.06540799140930176,-0.41549190878868103,-0.056500876590320104,-0.06271398067474365,-0.4719187170267105,-0.06858689178497457,-0.009560704231262207,-0.2380947470664978,-0.032438611879655355,-0.0019407272338867188,-0.33466336131095886,-0.05509964589745664,0.00590747594833374,-0.3997623920440674,-0.07530909617216253,0.012018680572509766,-0.4549958407878876,-0.08933660973579549,0.03879791498184204,-0.21403107047080994,-0.0413653722849574,0.07366901636123657,-0.2825772762298584,-0.06327372629911565,0.09820592403411865,-0.3309149742126465,-0.07801978875667714,0.11749511957168579,-0.37819916009902954,-0.08870689411432409,left
0.0,0.0,0.0,-0.07362288236618042,-0.025867998600006104,-0.03199759580377304,-0.1386471390724182,-0.08352416753768921,-0.0504644484091159,-0.18049538135528564,-0.1441359519958496,-0.06669681601408683,-0.2142772078514099,-0.18873366713523865,-0.08244936995390617,-0.10487085580825806,-0.2108442783355713,-0.02845302120033466,-0.13508015871047974,-0.29575836658477783,-0.04871444858792984,-0.1495354175567627,-0.3514416813850403,-0.06636591337803566,-0.157676100730896,-0.40110012888908386,-0.08058320068005287,-0.05923372507095337,-0.23752737045288086,-0.030083131866490476,-0.06913876533508301,-0.3422291576862335,-0.047480282263791196,-0.07079672813415527,-0.41034573316574097,-0.06262808375242912,-0.0705992579460144,-0.4672290235757828,-0.07519427769068443,-0.012903273105621338,-0.23545148968696594,-0.03658368520621025,-0.006671309471130371,-0.33572059869766235,-0.05849875964406692,0.0005058646202087402,-0.4000093936920166,-0.07768283866528236,0.006076455116271973,-0.4535234123468399,-0.091200099216735,0.03389084339141846,-0.2130720615386963,-0.04571586556915008,0.06607776880264282,-0.28597891330718994,-0.06602984003905021,0.0886455774307251,-0.3348131775856018,-0.07921656303290092,0.1054953932762146,-0.3813778758049011,-0.08888073347691261,left
0.0,0.0,0.0,-0.07556730508804321,-0.015154778957366943,-0.03334459964810321,-0.14279091358184814,-0.062155187129974365,-0.05367737938342998,-0.18442261219024658,-0.11191141605377197,-0.07120341364918659,-0.21519893407821655,-0.15221309661865234,-0.08834085915862033,-0.11382067203521729,-0.19885694980621338,-0.03401170228300998,-0.1488959789276123,-0.2789422869682312,-0.05537294526277492,-0.16700619459152222,-0.33222028613090515,-0.07325142179308841,-0.17832893133163452,-0.37872669100761414,-0.08737203781186054,-0.06989383697509766,-0.22859293222427368,-0.03553369198618839,-0.08546358346939087,-0.3298230469226837,-0.05408969823895404,-0.0933232307434082,-0.39709678292274475,-0.06977893714486072,-0.09809404611587524,-0.4531945735216141,-0.08260868047057102,-0.023885488510131836,-0.23025447130203247,-0.04168048058329532,-0.02118372917175293,-0.32896995544433594,-0.0644049898224921,-0.02023082971572876,-0.3932732343673706,-0.08428324316321323,-0.019005119800567627,-0.44738492369651794,-0.0983502299028487,0.023279249668121338,-0.21206438541412354,-0.05042485077558467,0.05229473114013672,-0.2877848744392395,-0.0725110352474303,0.07178694009780884,-0.3391542136669159,-0.08677541021882007,0.08586543798446655,-0.3874388337135315,-0.09695773129044483,left
0.0,0.0,0.0,-0.07133936882019043,-0.0086098313331604,-0.034572786352470075,-0.14269304275512695,-0.04995012283325195,-0.057424737772777235,-0.1929144263267517,-0.09590482711791992,-0.07759748648746267,-0.23343804478645325,-0.12617814540863037,-0.09762357424838797,-0.12230497598648071,-0.18784886598587036,-0.03930749621136442,-0.16249686479568481,-0.26432979106903076,-0.06433620553357855,-0.1852298378944397,-0.3158039152622223,-0.08456360053165213,-0.20392721891403198,-0.3603719174861908,-0.0998951147113587,-0.08193463087081909,-0.22221526503562927,-0.04126001771433607,-0.10538238286972046,-0.32431602478027344,-0.06303193669660345,-0.1191595196723938,-0.38969117403030396,-0.08013944577319876,-0.13109081983566284,-0.4433536231517792,-0.0935539851699616,-0.036597490310668945,-0.22904613614082336,-0.04756721358640448,-0.04293900728225708,-0.3285977244377136,-0.07149287562711493,-0.04733133316040039,-0.3943350911140442,-0.09142520528180853,-0.05183523893356323,-0.44910570979118347,-0.10539802413327948,0.010285913944244385,-0.21582543849945068,-0.05662945534928099,0.03226989507675171,-0.29389119148254395,-0.07782367121322409,0.046806931495666504,-0.34741857647895813,-0.09108222525460974,0.05497831106185913,-0.39678144454956055,-0.10072013240201727,left
0.0,0.0,0.0,-0.06986802816390991,0.003720700740814209,-0.029715783456850886,-0.14135539531707764,-0.031283557415008545,-0.05001691498844707,-0.19286507368087769,-0.0692300796508789,-0.06805883863060558,-0.23455145955085754,-0.09200716018676758,-0.08672982224314296,-0.13341355323791504,-0.1669890284538269,-0.035578673268247485,-0.18286120891571045,-0.22847646474838257,-0.059200638467956423,-0.2131798267364502,-0.27309364080429077,-0.07881535359709346,-0.23763710260391235,-0.3122563064098358,-0.09428968795626247,-0.09677934646606445,-0.20652008056640625,-0.03979647674648845,-0.13154453039169312,-0.3017636835575104,-0.06108290472118938,-0.15268945693969727,-0.36308395862579346,-0.07810426273434246,-0.17041850090026855,-0.41538771986961365,-0.09131145992367351,-0.05120241641998291,-0.21699076890945435,-0.04772800349681461,-0.06436645984649658,-0.3188983201980591,-0.07270538576929653,-0.07403832674026489,-0.3822002112865448,-0.0921516991504916,-0.08337843418121338,-0.4362630248069763,-0.10546716072647655,-0.0016953349113464355,-0.20622706413269043,-0.057638039375234484,0.014331698417663574,-0.2876185476779938,-0.08074685701220119,0.023325979709625244,-0.3437047004699707,-0.09375625618784511,0.026504993438720703,-0.39632976055145264,-0.10282631733505809,left
0.0,0.0,0.0,-0.06989657878875732,-0.0035796761512756348,-0.029981757350810767,-0.14076370000839233,-0.03835701942443848,-0.05078364426697135,-0.19300144910812378,-0.07567709684371948,-0.06929387042725921,-0.23233342170715332,-0.10205841064453125,-0.0880839888235414,-0.12984097003936768,-0.17489999532699585,-0.035356565215238334,-0.17884260416030884,-0.24062198400497437,-0.06041515881622672,-0.2089827060699463,-0.28626683354377747,-0.08093590179885268,-0.2328711748123169,-0.3246269226074219,-0.09615802655423522,-0.09220218658447266,-0.21047300100326538,-0.038961320020803214,-0.12628644704818726,-0.3044215738773346,-0.05980249012316108,-0.14846819639205933,-0.3663133978843689,-0.07598629484380126,-0.16634410619735718,-0.41695645451545715,-0.08849193791354537,-0.047006309032440186,-0.21849966049194336,-0.046681686141141654,-0.060587525367736816,-0.3154102563858032,-0.07023878286088348,-0.07212221622467041,-0.37892550230026245,-0.08897968272174239,-0.08183950185775757,-0.43164074420928955,-0.1020116348048532,0.0013329386711120605,-0.20654767751693726,-0.05666384363973975,0.01833808422088623,-0.2840561866760254,-0.07849096397364974,0.02828007936477661,-0.3390512466430664,-0.09102294484580398,0.0332297682762146,-0.3899425268173218,-0.09973011056388259,left
0.0,0.0,0.0,-0.07171815633773804,-0.017169415950775146,-0.030393260508191133,-0.14438658952713013,-0.0671737790107727,-0.04883479604066565,-0.19491982460021973,-0.11532098054885864,-0.06572831326664641,-0.2364940643310547,-0.14363127946853638,-0.08286436551750853,-0.12054705619812012,-0.19201016426086426,-0.030538284196865106,-0.16722673177719116,-0.25977063179016113,-0.05242333093227103,-0.19368797540664673,-0.3056694269180298,-0.07108312749804213,-0.21559971570968628,-0.3490779399871826,-0.08581251555622771,-0.07906162738800049,-0.22764450311660767,-0.03393250235856726,-0.10544800758361816,-0.32646551728248596,-0.05361350902856543,-0.12213170528411865,-0.3898489773273468,-0.06944118344725325,-0.1374605894088745,-0.4402182102203369,-0.08212777131737425,-0.03255385160446167,-0.23421120643615723,-0.04169516169966414,-0.04197472333908081,-0.3295343518257141,-0.06475689911783888,-0.049380481243133545,-0.3941061496734619,-0.08395574891508772,-0.05683654546737671,-0.4479552209377289,-0.097200206457984,0.015643179416656494,-0.219620943069458,-0.052097066282641435,0.03627079725265503,-0.29560089111328125,-0.07191800230683043,0.04957002401351929,-0.3483940064907074,-0.08425793701351836,0.05621308088302612,-0.396417498588562,-0.09350500905455306,left
0.0,0.0,0.0,-0.07751983404159546,-0.020636439323425293,-0.028325678804975496,-0.1468210220336914,-0.07663148641586304,-0.0453800335769472,-0.19265514612197876,-0.13310730457305908,-0.06029302256749247,-0.23027366399765015,-0.17190438508987427,-0.07526052745626544,-0.11645567417144775,-0.19657671451568604,-0.02946237290845488,-0.15751022100448608,-0.2753623425960541,-0.04944408314869975,-0.18016237020492554,-0.32650965452194214,-0.06598985942648028,-0.19550704956054688,-0.3721698522567749,-0.0794972405080614,-0.07353270053863525,-0.22769978642463684,-0.03286891805575465,-0.09506630897521973,-0.3285122811794281,-0.0509676523749647,-0.10633426904678345,-0.39479726552963257,-0.06583508106515978,-0.1140143871307373,-0.450811967253685,-0.07817572357700442,-0.027140676975250244,-0.23021960258483887,-0.04048374297664736,-0.028865814208984375,-0.32945242524147034,-0.06354949625776385,-0.03043389320373535,-0.39361149072647095,-0.08293446155832385,-0.03154909610748291,-0.447627529501915,-0.0967154428605852,0.021219849586486816,-0.21195128560066223,-0.050182346278887735,0.04979252815246582,-0.2870737910270691,-0.07233102622078036,0.06872928142547607,-0.3395189344882965,-0.0864881649856386,0.08202075958251953,-0.38918888568878174,-0.09691372516201113,left
0.0,0.0,0.0,-0.07387173175811768,-0.027326464653015137,-0.029289546207593276,-0.13926684856414795,-0.08641046285629272,-0.0463333192924722,-0.18021869659423828,-0.14752566814422607,-0.06131118793885548,-0.21452021598815918,-0.19190940260887146,-0.07603468631307919,-0.10921305418014526,-0.20819509029388428,-0.0281889166394933,-0.14429885149002075,-0.2925204336643219,-0.048743295268224074,-0.16232597827911377,-0.34784451127052307,-0.06590901200573285,-0.17272651195526123,-0.3966532349586487,-0.07965379093687375,-0.06302976608276367,-0.235415518283844,-0.031156684056924178,-0.07613301277160645,-0.3407236933708191,-0.049037790642188384,-0.07912647724151611,-0.4087795615196228,-0.06408537064592679,-0.07951438426971436,-0.46567104756832123,-0.07639927302400906,-0.015284299850463867,-0.23365330696105957,-0.03864581023256619,-0.009797930717468262,-0.3323461413383484,-0.06200485561888058,-0.0042629241943359375,-0.39826467633247375,-0.08190593753855069,-4.7326087951660156e-05,-0.45386308431625366,-0.09578184668819745,0.03378403186798096,-0.21164339780807495,-0.04830224697391827,0.06784921884536743,-0.2830441892147064,-0.07043244575064023,0.09109783172607422,-0.3334781527519226,-0.0845723215202554,0.10845339298248291,-0.38233262300491333,-0.09478057806293805,left
0.0,0.0,0.0,-0.07313615083694458,-0.0318453311920166,-0.03197630482009117,-0.13593941926956177,-0.09450644254684448,-0.049803942313701555,-0.17530697584152222,-0.1600591242313385,-0.06549650045326416,-0.20886415243148804,-0.20922276377677917,-0.08073817553213303,-0.10417896509170532,-0.2166462242603302,-0.02754898170223896,-0.13337832689285278,-0.30650079250335693,-0.04800181823065941,-0.14703965187072754,-0.3644768297672272,-0.06520152451685135,-0.15342754125595093,-0.4155602306127548,-0.079013276716978,-0.05564349889755249,-0.24086663126945496,-0.0293999238519973,-0.06168317794799805,-0.3488944172859192,-0.04776215912988846,-0.05855530500411987,-0.4181884527206421,-0.06339266510894959,-0.05339723825454712,-0.4766222685575485,-0.07603885593107407,-0.007596433162689209,-0.23558366298675537,-0.03622056158474152,0.004251420497894287,-0.33398717641830444,-0.06057636054447357,0.016369640827178955,-0.39936119318008423,-0.08088033260992233,0.025932908058166504,-0.45517437160015106,-0.09466794492891495,0.040327489376068115,-0.21033376455307007,-0.045416746160299226,0.07692331075668335,-0.2790859639644623,-0.06811251105955307,0.10290485620498657,-0.32645973563194275,-0.08208527775695984,0.12349706888198853,-0.3726162314414978,-0.09194875123193924,left
0.0,0.0,0.0,-0.07275563478469849,-0.02650970220565796,-0.03313488903864936,-0.13775736093521118,-0.08485347032546997,-0.05232956278547363,-0.17708367109298706,-0.14598780870437622,-0.06887900847419814,-0.2087915539741516,-0.19151735305786133,-0.0851057471655281,-0.10240256786346436,-0.2109259068965912,-0.033429812820997995,-0.1324489712715149,-0.2981168031692505,-0.055356815638390344,-0.14686554670333862,-0.3554629385471344,-0.0732986109279068,-0.1541767120361328,-0.4063425660133362,-0.08747022617086486,-0.055445313453674316,-0.23625466227531433,-0.035302572133389276,-0.06151813268661499,-0.34444674849510193,-0.054858915688839716,-0.05894976854324341,-0.41377562284469604,-0.07064050454124526,-0.054369986057281494,-0.4720927029848099,-0.08320520836338119,-0.008554458618164062,-0.23284083604812622,-0.04188615101799087,0.00331878662109375,-0.331759512424469,-0.0664565863035591,0.015424847602844238,-0.39697426557540894,-0.08670470881685333,0.02538210153579712,-0.45246320962905884,-0.10045448708757476,0.03840142488479614,-0.2095172107219696,-0.05096036213859634,0.07431119680404663,-0.2801128327846527,-0.0734952764533432,0.10045355558395386,-0.3280453681945801,-0.08727972972616271,0.12068670988082886,-0.3745747208595276,-0.09703867155536727,left
0.0,0.0,0.0,-0.07460498809814453,-0.018801093101501465,-0.0332535939506613,-0.14041590690612793,-0.07110333442687988,-0.05358161649027693,-0.18201100826263428,-0.1260150671005249,-0.07122138014355528,-0.21632838249206543,-0.16832834482192993,-0.08897027990141737,-0.10885828733444214,-0.20223122835159302,-0.03621168306389677,-0.14430135488510132,-0.28624022006988525,-0.058735294847878095,-0.16246581077575684,-0.3416021764278412,-0.07706151029387343,-0.17355889081954956,-0.39026620984077454,-0.09158532193222868,-0.06445825099945068,-0.23110917210578918,-0.0382017927459799,-0.07776999473571777,-0.33785101771354675,-0.05811674764672148,-0.08199059963226318,-0.405792772769928,-0.074000610618981,-0.08378100395202637,-0.4630886912345886,-0.0868264721922003,-0.018164634704589844,-0.231135755777359,-0.04468925169030058,-0.01093369722366333,-0.33485090732574463,-0.06941712519446241,-0.004517853260040283,-0.4006011486053467,-0.08986697962799894,0.0010044574737548828,-0.45633791387081146,-0.10409688076296675,0.028842270374298096,-0.21066820621490479,-0.053574452757032986,0.061563730239868164,-0.28539788722991943,-0.0771691041282736,0.08499372005462646,-0.33514881134033203,-0.09162022045174467,0.10274803638458252,-0.38284704089164734,-0.10190083703318464,left
0.0,0.0,0.0,-0.06589406728744507,-0.013270199298858643,-0.03398845351341606,-0.1363610029220581,-0.05980187654495239,-0.05582884333136917,-0.18398737907409668,-0.10617214441299438,-0.07545791945460678,-0.22174310684204102,-0.13302814960479736,-0.09539205214980484,-0.11509913206100464,-0.19541490077972412,-0.03938599309924484,-0.15382051467895508,-0.2726154923439026,-0.0638006590962732,-0.17497479915618896,-0.32221612334251404,-0.08324339619878174,-0.19255471229553223,-0.3674958348274231,-0.09810594103339554,-0.07198601961135864,-0.23029255867004395,-0.04199974990490318,-0.09058773517608643,-0.33729666471481323,-0.06335566571954132,-0.10120469331741333,-0.4037688672542572,-0.08011506131890656,-0.1113126277923584,-0.4571481943130493,-0.0935158022404039,-0.025195837020874023,-0.23558184504508972,-0.0488090031504953,-0.026069283485412598,-0.33609282970428467,-0.07346301159861923,-0.026704788208007812,-0.4036824703216553,-0.09434257081750275,-0.028551340103149414,-0.4607945680618286,-0.10868005088570953,0.0222204327583313,-0.2195478081703186,-0.05824922776821495,0.04715263843536377,-0.2969925105571747,-0.07926398149731995,0.06439024209976196,-0.34930211305618286,-0.09228243312838913,0.07509499788284302,-0.39755111932754517,-0.10196472338441254,left
0.0,0.0,0.0,-0.07142406702041626,0.0019359588623046875,-0.03034206539470574,-0.1423577070236206,-0.03317725658416748,-0.050203189850634544,-0.19446176290512085,-0.07099103927612305,-0.06748526230532548,-0.2357211410999298,-0.09353917837142944,-0.08539852187115571,-0.13385730981826782,-0.16953492164611816,-0.03708285152990243,-0.17891275882720947,-0.2410888671875,-0.06071059092957398,-0.20789259672164917,-0.2892643213272095,-0.07988425031382462,-0.231550395488739,-0.3303091824054718,-0.09459338024336716,-0.09513765573501587,-0.208229660987854,-0.04052199110466859,-0.12580204010009766,-0.3064495027065277,-0.05993389397937676,-0.14624565839767456,-0.3698784112930298,-0.07561835333783051,-0.16505730152130127,-0.4228542447090149,-0.08799841687161347,-0.048663973808288574,-0.2184174656867981,-0.047817443162983864,-0.0581362247467041,-0.31974634528160095,-0.07088368073183915,-0.06609553098678589,-0.38590681552886963,-0.09007775470692536,-0.07441991567611694,-0.44207221269607544,-0.10384517595250031,0.00011771917343139648,-0.20774060487747192,-0.057239547968691795,0.020838379859924316,-0.28602635860443115,-0.07952595934349915,0.03407078981399536,-0.3403106927871704,-0.09258358612734696,0.04201400279998779,-0.39068734645843506,-0.10187700823027512,left
0.0,0.0,0.0,-0.0706978440284729,0.009245216846466064,-0.03128239351877937,-0.14373546838760376,-0.017619669437408447,-0.053261610004994964,-0.1984093189239502,-0.04718524217605591,-0.07260218474635849,-0.24354776740074158,-0.06757742166519165,-0.09264379951724777,-0.14128059148788452,-0.1551734209060669,-0.04134769577154884,-0.19677996635437012,-0.218744695186615,-0.06665468427905807,-0.2324763536453247,-0.25888437032699585,-0.08680844518909225,-0.26356273889541626,-0.2959229052066803,-0.10232451025018463,-0.10412430763244629,-0.196408212184906,-0.045330742631051635,-0.14574193954467773,-0.2882920503616333,-0.06729050192603836,-0.173004150390625,-0.3483610153198242,-0.08502926889428863,-0.19645878672599792,-0.40120458602905273,-0.09891431990632782,-0.057816267013549805,-0.20878493785858154,-0.05292539883026848,-0.07884740829467773,-0.3066006302833557,-0.07761997941503296,-0.09389632940292358,-0.3707578182220459,-0.09805336806545029,-0.10770785808563232,-0.4270605444908142,-0.1128810143805481,-0.007433295249938965,-0.20117485523223877,-0.06254804346332321,0.003765285015106201,-0.28068482875823975,-0.08568177584180603,0.010578274726867676,-0.33613497018814087,-0.09921642604837189,0.012430369853973389,-0.387859582901001,-0.10905441853770981,left
0.0,0.0,0.0,-0.07152003049850464,0.0015845894813537598,-0.028445590047340374,-0.14362192153930664,-0.03188014030456543,-0.048224732039670926,-0.19666773080825806,-0.06539952754974365,-0.06617564311454771,-0.2389368712902069,-0.08547961711883545,-0.08506364723871229,-0.1357758641242981,-0.16366451978683472,-0.03645917376707075,-0.18765032291412354,-0.23009836673736572,-0.06116070946882246,-0.22056084871292114,-0.2745196223258972,-0.08129211118648527,-0.24830907583236694,-0.31383854150772095,-0.0966079865975189,-0.09716653823852539,-0.20221543312072754,-0.04123829653690336,-0.13316744565963745,-0.2974620461463928,-0.06109774461219786,-0.15710508823394775,-0.3585912585258484,-0.07708771130273817,-0.1778426170349121,-0.41044390201568604,-0.08978475978801725,-0.050395846366882324,-0.21262186765670776,-0.04978182515333174,-0.0673249363899231,-0.31182199716567993,-0.07269759079645155,-0.08026617765426636,-0.37641704082489014,-0.09148305257986067,-0.09242105484008789,-0.43222934007644653,-0.10511747351119993,-0.00045484304428100586,-0.20268023014068604,-0.060407858101825695,0.01622849702835083,-0.281393826007843,-0.08223351439664839,0.026717722415924072,-0.3354905843734741,-0.09471236517856596,0.032103657722473145,-0.38577377796173096,-0.1037229483408737,left
0.0,0.0,0.0,-0.06644302606582642,-0.013406813144683838,-0.03255653868858133,-0.13646084070205688,-0.05325430631637573,-0.05614407103006158,-0.18710488080978394,-0.09490877389907837,-0.07805002223197732,-0.2274419665336609,-0.12275457382202148,-0.10039792697374139,-0.1188957691192627,-0.19079232215881348,-0.038423502104919294,-0.16580182313919067,-0.2600964307785034,-0.06409803520385537,-0.19398492574691772,-0.30798840522766113,-0.08562492321674142,-0.2178996205329895,-0.352993369102478,-0.10240579138938699,-0.07928705215454102,-0.22565466165542603,-0.042526905643384794,-0.11019951105117798,-0.32224589586257935,-0.06528294573966775,-0.13088208436965942,-0.38603952527046204,-0.08427695672456537,-0.14981114864349365,-0.4396364688873291,-0.09953313808385644,-0.03331947326660156,-0.23128539323806763,-0.050572374122779706,-0.044100821018218994,-0.3288530111312866,-0.07611262540761743,-0.05231529474258423,-0.3944542109966278,-0.09712800871078286,-0.060131072998046875,-0.45041656494140625,-0.11179215948526178,0.014945685863494873,-0.21583551168441772,-0.06113609414045129,0.03672510385513306,-0.29128533601760864,-0.08283912877980981,0.05093187093734741,-0.3446529507637024,-0.09598862122241769,0.058928608894348145,-0.3950592279434204,-0.10584272186700616,left
0.0,0.0,0.0,-0.07351064682006836,-0.018406569957733154,-0.03274013673123477,-0.14448446035385132,-0.06703758239746094,-0.05438542564567683,-0.19381070137023926,-0.11574393510818481,-0.07367420395073054,-0.23328518867492676,-0.14874202013015747,-0.09326067020353435,-0.11609768867492676,-0.1978970170021057,-0.037573089945880156,-0.16026681661605835,-0.2733621895313263,-0.061617771286336165,-0.1857427954673767,-0.3259260654449463,-0.0815946032589352,-0.20556920766830444,-0.3736725449562073,-0.09736015101131557,-0.07322174310684204,-0.23040583729743958,-0.04074071546253322,-0.09707659482955933,-0.3329646587371826,-0.062143566209641676,-0.10940909385681152,-0.40105384588241577,-0.07954781701025126,-0.11936056613922119,-0.45732130110263824,-0.09368112881836055,-0.025809168815612793,-0.23293855786323547,-0.048138665158120375,-0.029737889766693115,-0.3332687020301819,-0.0733095650857365,-0.03145021200180054,-0.401165246963501,-0.09423675586637614,-0.033051490783691406,-0.45817650854587555,-0.10902800609525798,0.023358941078186035,-0.21438339352607727,-0.05801131029781459,0.05128198862075806,-0.29044854640960693,-0.0808401425665295,0.07134711742401123,-0.34238526225090027,-0.09483397205528377,0.08482682704925537,-0.39093098044395447,-0.10518997361120341,left
0.0,0.0,0.0,-0.07432812452316284,-0.023377954959869385,-0.030788345872792888,-0.1408994197845459,-0.08228689432144165,-0.04947165833357303,-0.1856817603111267,-0.14116907119750977,-0.06560691879633396,-0.2238708734512329,-0.18137598037719727,-0.08193990276697605,-0.11150896549224854,-0.20669418573379517,-0.03463047431353061,-0.14975696802139282,-0.2932048439979553,-0.05626502321604221,-0.17012149095535278,-0.34935203194618225,-0.07385395900848835,-0.18228238821029663,-0.3991246223449707,-0.0881549386823508,-0.0658571720123291,-0.23591890931129456,-0.037541431053909946,-0.08137214183807373,-0.34238970279693604,-0.05684284926894634,-0.08607351779937744,-0.4124007523059845,-0.07239661054256885,-0.08750760555267334,-0.4726611375808716,-0.08530343757513492,-0.017776131629943848,-0.23517286777496338,-0.04467240782025783,-0.011797726154327393,-0.33784645795822144,-0.06968015865925281,-0.004472553730010986,-0.4050852060317993,-0.09058832810762851,0.0022134780883789062,-0.4627273380756378,-0.10535169081333606,0.030956804752349854,-0.21325340867042542,-0.05387482480648487,0.06599259376525879,-0.28636279702186584,-0.07807431058529346,0.09185528755187988,-0.33619391918182373,-0.093133662506375,0.11183679103851318,-0.38460057973861694,-0.10412620441559284,left
0.0,0.0,0.0,-0.07314056158065796,-0.027860045433044434,-0.032605916852276096,-0.1363162398338318,-0.08953690528869629,-0.05154225289277292,-0.17691057920455933,-0.15305161476135254,-0.06781266688756205,-0.21221637725830078,-0.19900673627853394,-0.0839308878724978,-0.10434317588806152,-0.2148205041885376,-0.03420694603971697,-0.13651347160339355,-0.30565524101257324,-0.05603325798563219,-0.15165317058563232,-0.36546608805656433,-0.07353698521308161,-0.15801411867141724,-0.4175352603197098,-0.08756087779454447,-0.05632197856903076,-0.2406172752380371,-0.03635489254645563,-0.06382328271865845,-0.3514743447303772,-0.05580357148699022,-0.06063210964202881,-0.4226013273000717,-0.07122463792018152,-0.05487638711929321,-0.4827331006526947,-0.08371808438948847,-0.007923424243927002,-0.23636126518249512,-0.04304745479873873,0.004401803016662598,-0.33918675780296326,-0.0687387144511149,0.016694366931915283,-0.40666234493255615,-0.08969385235957361,0.027178943157196045,-0.4642792046070099,-0.10414852260998941,0.04072833061218262,-0.21178066730499268,-0.051981308156769046,0.08039331436157227,-0.28222718834877014,-0.07666768937758661,0.11001169681549072,-0.33021867275238037,-0.09186980187348581,0.13412892818450928,-0.37687623500823975,-0.10263717233590341,left
0.0,0.0,0.0,-0.07193875312805176,-0.0249176025390625,-0.03224548909130931,-0.1360732913017273,-0.08445942401885986,-0.05054366427722812,-0.17535805702209473,-0.145563006401062,-0.06631906914773822,-0.20712482929229736,-0.19042065739631653,-0.08184362787071109,-0.1018715500831604,-0.21087440848350525,-0.032141255468758345,-0.13165467977523804,-0.2984062731266022,-0.05319346326652408,-0.14547818899154663,-0.3561461567878723,-0.07068160015407443,-0.1523510217666626,-0.40695250034332275,-0.08476693767372012,-0.055106401443481445,-0.23604169487953186,-0.03412038672033191,-0.06186330318450928,-0.34380441904067993,-0.05279582950535655,-0.059732258319854736,-0.41240817308425903,-0.06827039110723376,-0.05542093515396118,-0.4708303213119507,-0.08085860896173358,-0.008035659790039062,-0.23270153999328613,-0.04070714700284839,0.003804028034210205,-0.3325583338737488,-0.0646861775523746,0.016471147537231445,-0.39771801233291626,-0.08486952471795917,0.02735745906829834,-0.45349234342575073,-0.09880138027730823,0.038894474506378174,-0.2094208002090454,-0.04968463468614459,0.07480597496032715,-0.2801365852355957,-0.07226295608344913,0.10176104307174683,-0.32697173953056335,-0.0861267133361423,0.12311011552810669,-0.37292689085006714,-0.09603251355949283,left
0.0,0.0,0.0,-0.07377541065216064,-0.017841756343841553,-0.033208714099146164,-0.1403689980506897,-0.06876808404922485,-0.053744548232771194,-0.18264371156692505,-0.12310868501663208,-0.07159462314984921,-0.21484506130218506,-0.166273295879364,-0.08935452741525296,-0.11048144102096558,-0.20277157425880432,-0.03598999348423604,-0.14528536796569824,-0.28674331307411194,-0.05855091032526616,-0.16336756944656372,-0.3419860005378723,-0.07697733235499982,-0.17433929443359375,-0.39067304134368896,-0.09164341282985333,-0.06580924987792969,-0.23189213871955872,-0.0380737532391322,-0.07993102073669434,-0.33767497539520264,-0.057951347203470505,-0.08431607484817505,-0.40563803911209106,-0.07407679152629498,-0.08607667684555054,-0.4639900177717209,-0.0872271631374133,-0.018938779830932617,-0.23206841945648193,-0.04463365045330647,-0.012086689472198486,-0.3342881202697754,-0.06915038567922238,-0.005647540092468262,-0.39980918169021606,-0.0895324621810687,-0.00018310546875,-0.4560449719429016,-0.10384627920529965,0.02881169319152832,-0.21158787608146667,-0.053610340924478805,0.06161528825759888,-0.2860499620437622,-0.07708700490138654,0.08534038066864014,-0.3355996310710907,-0.0914853487624896,0.10341709852218628,-0.38337844610214233,-0.10176460933826093,left
0.0,0.0,0.0,-0.07034116983413696,-0.014250338077545166,-0.03370956426424243,-0.14223772287368774,-0.059699177742004395,-0.05592781027716853,-0.1923924684524536,-0.10525012016296387,-0.07593448555034854,-0.23222953081130981,-0.13604164123535156,-0.09625656997722842,-0.11775785684585571,-0.1980608105659485,-0.038576402719442626,-0.16164499521255493,-0.27339982986450195,-0.06287866925758578,-0.18555891513824463,-0.3242959976196289,-0.08299150412840106,-0.20428836345672607,-0.37139225006103516,-0.09866989498895862,-0.07440924644470215,-0.23290768265724182,-0.04152560701531627,-0.09701824188232422,-0.3380005359649658,-0.06242302900118091,-0.10884648561477661,-0.40442025661468506,-0.07934644913238742,-0.11871343851089478,-0.45893412828445435,-0.09303862696451404,-0.026942193508148193,-0.23689991235733032,-0.04866749143165805,-0.03011465072631836,-0.3375479578971863,-0.07312703227562167,-0.032000839710235596,-0.4039164185523987,-0.09325755482477405,-0.034118831157684326,-0.46098852157592773,-0.107326769288008,0.02129220962524414,-0.21924161911010742,-0.05843335112494685,0.04631996154785156,-0.2960619330406189,-0.07972778474849918,0.06459027528762817,-0.34712332487106323,-0.09219019209903934,0.07662135362625122,-0.39545702934265137,-0.10138904398245074,left
0.0,0.0,0.0,-0.07282900810241699,-0.009599685668945312,-0.033204858731593845,-0.14396899938583374,-0.046060025691986084,-0.05834521872934317,-0.19630932807922363,-0.08601075410842896,-0.08183216078218436,-0.24283036589622498,-0.11299693584442139,-0.10603181047376609,-0.12477773427963257,-0.18833357095718384,-0.041329530608024356,-0.17091459035873413,-0.26013320684432983,-0.06671344263490653,-0.19918888807296753,-0.3086722195148468,-0.0879631765001676,-0.22332549095153809,-0.3546483516693115,-0.10479647440847373,-0.0833168625831604,-0.224970281124115,-0.04577168969449019,-0.11283683776855469,-0.3263417184352875,-0.0678225509637258,-0.1316380500793457,-0.3913342356681824,-0.0863280720823667,-0.14854437112808228,-0.44647416472435,-0.10163008196290946,-0.03556543588638306,-0.23103180527687073,-0.053959304075803516,-0.04571378231048584,-0.33036935329437256,-0.0779376901501081,-0.05241262912750244,-0.39590704441070557,-0.09793728364643073,-0.05923491716384888,-0.4528682231903076,-0.11277637405332541,0.014185667037963867,-0.2161569595336914,-0.06482157630857444,0.034764766693115234,-0.2946031391620636,-0.08557732177909827,0.048586130142211914,-0.3481813371181488,-0.0979247666710279,0.05600106716156006,-0.3989553451538086,-0.10759805662569022,left
0.0,0.0,0.0,-0.07958585023880005,-0.03995847702026367,-0.03128132415834273,-0.14802056550979614,-0.09733915328979492,-0.053875720183285125,-0.21175944805145264,-0.15023809671401978,-0.07666421873393858,-0.2602936625480652,-0.17639052867889404,-0.09960764093223418,-0.11390811204910278,-0.21326059103012085,-0.0401280988556465,-0.14169329404830933,-0.3172096610069275,-0.06695612711730803,-0.15078109502792358,-0.37479764223098755,-0.08229221595350111,-0.15625494718551636,-0.4267638921737671,-0.09241776360097731,-0.07065755128860474,-0.2292119860649109,-0.037351833711298355,-0.0808783769607544,-0.28267693519592285,-0.07551411731067503,-0.06688302755355835,-0.1979689598083496,-0.08272392494502867,-0.06049376726150513,-0.1449066400527954,-0.07909278018298949,-0.02378690242767334,-0.23255395889282227,-0.03807360870662535,-0.02577000856399536,-0.2830827832221985,-0.07219249201837385,-0.020742058753967285,-0.19348227977752686,-0.06723782611909712,-0.020514845848083496,-0.13323044776916504,-0.053314002285631545,0.01781994104385376,-0.22890323400497437,-0.04191185353222693,0.04413127899169922,-0.30692484974861145,-0.06674092454734648,0.06516826152801514,-0.3609246611595154,-0.07332135183635557,0.08334499597549438,-0.4211702346801758,-0.07268110109392012,right
0.0,0.0,0.0,-0.0800483226776123,-0.030678093433380127,-0.03296503284842345,-0.15100449323654175,-0.09905683994293213,-0.05359851429135176,-0.20747143030166626,-0.15671014785766602,-0.07495356956393096,-0.25384092330932617,-0.18633818626403809,-0.0962450490322766,-0.10821586847305298,-0.2183256447315216,-0.03741917246848914,-0.13480311632156372,-0.322258859872818,-0.0632422030893025,-0.14432251453399658,-0.37566882371902466,-0.07641622284323546,-0.14938175678253174,-0.4272288382053375,-0.08495674887568327,-0.06077873706817627,-0.2315157651901245,-0.03702260786563727,-0.06363141536712646,-0.2849689722061157,-0.0837890417304692,-0.050640642642974854,-0.198438823223114,-0.09766831109196517,-0.04549610614776611,-0.13685637712478638,-0.09634149679810378,-0.01333165168762207,-0.23270097374916077,-0.040082226040667024,-0.0106964111328125,-0.28667283058166504,-0.08511440316111418,-0.0081099271774292,-0.19707715511322021,-0.08653180906445357,-0.007934391498565674,-0.13341385126113892,-0.07389367977053496,0.029937267303466797,-0.22595390677452087,-0.04563352325827452,0.06298887729644775,-0.3033747673034668,-0.0745763392177281,0.08739686012268066,-0.3552373945713043,-0.08275817194849822,0.10619097948074341,-0.4149228632450104,-0.08267245301873061,right
0.0,0.0,0.0,-0.07333481311798096,-0.023174643516540527,-0.0371891548488108,-0.1415729522705078,-0.0905771255493164,-0.05960630901193298,-0.19497722387313843,-0.14788204431533813,-0.08217638634180702,-0.239932119846344,-0.1760413646697998,-0.10439071707462944,-0.1026449203491211,-0.20665395259857178,-0.03994109757280029,-0.12819349765777588,-0.30813902616500854,-0.06509233169293083,-0.13686031103134155,-0.36269503831863403,-0.07689659945702232,-0.14041799306869507,-0.4137386381626129,-0.08437896423077262,-0.056777238845825195,-0.21992701292037964,-0.03870011396741546,-0.05951744318008423,-0.2721443474292755,-0.08795680753922142,-0.04548293352127075,-0.19102761149406433,-0.10353381089901603,-0.03911387920379639,-0.12859857082366943,-0.10214182637667335,-0.011081933975219727,-0.22105228900909424,-0.04105111487245239,-0.00791466236114502,-0.2755988836288452,-0.08770539514755882,-0.004335641860961914,-0.19195160269737244,-0.09130754224991477,-0.0031796693801879883,-0.12943124771118164,-0.07947221301531471,0.030803680419921875,-0.2142738401889801,-0.046187522784229884,0.061857640743255615,-0.28757843375205994,-0.0745661621544329,0.0869436264038086,-0.3386521339416504,-0.08320471547579444,0.10688143968582153,-0.39603346586227417,-0.08341244511341728,right
0.0,0.0,0.0,-0.07296490669250488,-0.02004152536392212,-0.032436427749530594,-0.14132702350616455,-0.08272087574005127,-0.05232013864053897,-0.19321578741073608,-0.13387680053710938,-0.07317764414085559,-0.2348780632019043,-0.16202545166015625,-0.09353450042738132,-0.10660910606384277,-0.19380155205726624,-0.03432276201976947,-0.1336635947227478,-0.2917730510234833,-0.05854011429084949,-0.14408338069915771,-0.34591272473335266,-0.06945483488573245,-0.14913642406463623,-0.3955327272415161,-0.07640194994939975,-0.06344199180603027,-0.20864823460578918,-0.035000142730609696,-0.07107812166213989,-0.2615238428115845,-0.08263809335960559,-0.05735576152801514,-0.18475782871246338,-0.09666758132709674,-0.0495457649230957,-0.12539279460906982,-0.09439511699213199,-0.019096672534942627,-0.2109706699848175,-0.03921848637594394,-0.01983320713043213,-0.2634097635746002,-0.08503350717558078,-0.016040146350860596,-0.181685209274292,-0.08721060407890491,-0.013380706310272217,-0.12181651592254639,-0.07447015596164874,0.023062705993652344,-0.20556846261024475,-0.045877286322252075,0.04919612407684326,-0.27871066331863403,-0.07426118207706622,0.06989806890487671,-0.32956257462501526,-0.08229677481187991,0.08610779047012329,-0.38726043701171875,-0.0820124681068819,right
0.0,0.0,0.0,-0.07194101810455322,-0.013179481029510498,-0.026755900113741404,-0.14109772443771362,-0.07145780324935913,-0.04285542945460463,-0.1923111081123352,-0.11783850193023682,-0.06037797312335158,-0.2330561876296997,-0.14032483100891113,-0.0771870566447177,-0.11180293560028076,-0.17878121137619019,-0.02707087527112151,-0.1422479748725891,-0.2708124816417694,-0.04941184352234984,-0.15659064054489136,-0.31923773884773254,-0.05973410884932662,-0.16530245542526245,-0.36481624841690063,-0.06666531692341948,-0.07249176502227783,-0.19608467817306519,-0.029271972357193476,-0.08843588829040527,-0.24456945061683655,-0.07466780672864104,-0.07173633575439453,-0.17109501361846924,-0.08736583869055892,-0.05713444948196411,-0.11365169286727905,-0.08516556303099776,-0.03001582622528076,-0.20195847749710083,-0.03471932093695784,-0.03830158710479736,-0.25206080079078674,-0.07664051930503035,-0.03338217735290527,-0.17794442176818848,-0.07582651357249404,-0.02693408727645874,-0.12150347232818604,-0.06263239960269118,0.011391162872314453,-0.2002543807029724,-0.04252139384941245,0.031391441822052,-0.272839218378067,-0.06820099334315444,0.04577106237411499,-0.3249998092651367,-0.07412822823123122,0.055805504322052,-0.37995588779449463,-0.07318669836119795,right
0.0,0.0,0.0,-0.07083356380462646,-0.017358601093292236,-0.026587876181963566,-0.13647693395614624,-0.07850688695907593,-0.04271979878461707,-0.18455880880355835,-0.1277322769165039,-0.060157189767721775,-0.2250116467475891,-0.15363621711730957,-0.0768437037876879,-0.10306960344314575,-0.17923420667648315,-0.026466552790168407,-0.1322702169418335,-0.2692907154560089,-0.048837735008362415,-0.14600378274917603,-0.3181968331336975,-0.059389359008434894,-0.15415740013122559,-0.36371707916259766,-0.06634983668840277,-0.0633813738822937,-0.19565007090568542,-0.029058609779838207,-0.07833808660507202,-0.24547863006591797,-0.07453252623594153,-0.06555545330047607,-0.1746288537979126,-0.08776130030668128,-0.05390620231628418,-0.11823153495788574,-0.08566705385959494,-0.021503567695617676,-0.19994327425956726,-0.03490523869908202,-0.029529094696044922,-0.2522442638874054,-0.07735709349429953,-0.02642190456390381,-0.181676983833313,-0.07773842911041129,-0.021387994289398193,-0.12642109394073486,-0.06522662441051352,0.019105136394500732,-0.19642528891563416,-0.04298163826382506,0.0405271053314209,-0.2675592005252838,-0.06884042422092307,0.055576205253601074,-0.31878167390823364,-0.07518357286966193,0.06666028499603271,-0.372446209192276,-0.07449792573964942,right
0.0,0.0,0.0,-0.07419520616531372,-0.029854297637939453,-0.026352756676999434,-0.13785427808761597,-0.0917809009552002,-0.0439031096378244,-0.18703687191009521,-0.14678800106048584,-0.0628000246563829,-0.22824019193649292,-0.17532622814178467,-0.08165887465867172,-0.10035216808319092,-0.18901175260543823,-0.02852750478479038,-0.12780451774597168,-0.28050097823143005,-0.05180411881002556,-0.13827300071716309,-0.3307717442512512,-0.06440236142071853,-0.14331281185150146,-0.37866804003715515,-0.07278142592105041,-0.05908447504043579,-0.20245549082756042,-0.03022413609716068,-0.06711244583129883,-0.2587425708770752,-0.07207003703507553,-0.05474191904067993,-0.18779370188713074,-0.08572336753996979,-0.04719799757003784,-0.13362354040145874,-0.08554813733491073,-0.016482651233673096,-0.20533621311187744,-0.03476643657478462,-0.0189284086227417,-0.2621282637119293,-0.07377387305888305,-0.016369938850402832,-0.18573296070098877,-0.07430373599919449,-0.014039874076843262,-0.12845319509506226,-0.06302785596045624,0.023402631282806396,-0.19949334859848022,-0.041566201505986555,0.04715383052825928,-0.2711874842643738,-0.06528248360547195,0.0641966462135315,-0.3213420510292053,-0.07094413509759079,0.07789343595504761,-0.3765453100204468,-0.07027061751279007,right
0.0,0.0,0.0,-0.07578182220458984,-0.028372347354888916,-0.025366351789116948,-0.14014071226119995,-0.09950405359268188,-0.04100930955100068,-0.18457502126693726,-0.1577967405319214,-0.05872006978678712,-0.22347736358642578,-0.19084373116493225,-0.07647331695842752,-0.0969010591506958,-0.1980980932712555,-0.024875528028488247,-0.120402991771698,-0.2897813320159912,-0.047146606108427136,-0.1293817162513733,-0.3398301303386688,-0.0575904835371972,-0.1331425905227661,-0.38777297735214233,-0.06421477984476098,-0.051607728004455566,-0.20855921506881714,-0.02820174474108228,-0.052740514278411865,-0.26701971888542175,-0.07301051806497583,-0.04269987344741821,-0.1906016767024994,-0.08718612681913385,-0.037945330142974854,-0.1316589117050171,-0.08580168228435525,-0.007135212421417236,-0.20841246843338013,-0.03438968848276147,-0.0026229023933410645,-0.2665192484855652,-0.07780906449842462,-0.0012494921684265137,-0.19064298272132874,-0.07913851629781732,-0.0007939934730529785,-0.13356536626815796,-0.06664527099418649,0.03295975923538208,-0.20053845643997192,-0.042405511101961224,0.0626036524772644,-0.27342525124549866,-0.06761974733161935,0.08409404754638672,-0.3213443160057068,-0.07282134037303933,0.10063022375106812,-0.3745512068271637,-0.0712817300467492,right
0.0,0.0,0.0,-0.0743977427482605,-0.030243754386901855,-0.029498221290964466,-0.13960617780685425,-0.10469907522201538,-0.046891979811448437,-0.18426501750946045,-0.16676491498947144,-0.06561467417861877,-0.2248166799545288,-0.20565786957740784,-0.08405276754285751,-0.09193921089172363,-0.2098119556903839,-0.028119821039695125,-0.11169493198394775,-0.3051319718360901,-0.051970686701793056,-0.11796915531158447,-0.35708242654800415,-0.0635653249302095,-0.11963695287704468,-0.4063592404127121,-0.07083428272392212,-0.04229629039764404,-0.21693724393844604,-0.0303846019634193,-0.03665494918823242,-0.2783903181552887,-0.07910085835840164,-0.02727806568145752,-0.20045623183250427,-0.09566225477840362,-0.025987446308135986,-0.13875281810760498,-0.09474683919336258,0.0043708086013793945,-0.2125566005706787,-0.03582618379380165,0.015270829200744629,-0.27435243129730225,-0.08355751254941879,0.015910983085632324,-0.1974373757839203,-0.0873094386735147,0.013965129852294922,-0.13855504989624023,-0.07533134141351638,0.04542267322540283,-0.200600266456604,-0.043106444118279796,0.07874679565429688,-0.27023187279701233,-0.07131635018970428,0.10352545976638794,-0.3185012936592102,-0.07859078416015564,0.12315940856933594,-0.3728061318397522,-0.07802227505828796,right
0.0,0.0,0.0,-0.07426625490188599,-0.027424335479736328,-0.03157973519994073,-0.14025896787643433,-0.10236293077468872,-0.05023817203475289,-0.18595534563064575,-0.16174829006195068,-0.07037600732876115,-0.22448492050170898,-0.196180522441864,-0.09050508446527772,-0.09395414590835571,-0.21216055750846863,-0.03305293850137048,-0.1142730712890625,-0.31267353892326355,-0.058044324140084314,-0.12064939737319946,-0.36712390184402466,-0.06917492158247285,-0.12114155292510986,-0.41793687641620636,-0.07573989636732392,-0.04590201377868652,-0.22074568271636963,-0.034753391961587,-0.03999358415603638,-0.27859097719192505,-0.08318666226698213,-0.031609177589416504,-0.19899031519889832,-0.09861519045664124,-0.02919328212738037,-0.13729411363601685,-0.09728835381103806,0.00046634674072265625,-0.2190302014350891,-0.03980317942334466,0.011287868022918701,-0.27942174673080444,-0.08684387661052995,0.010939419269561768,-0.20131564140319824,-0.09013637013269715,0.009702742099761963,-0.14246922731399536,-0.07806233174635224,0.0427476167678833,-0.2098999321460724,-0.04708199060989671,0.07778722047805786,-0.2845829427242279,-0.07383364296985917,0.10367476940155029,-0.3338991403579712,-0.08036672181917481,0.12439626455307007,-0.38854530453681946,-0.07951941944195084,right
0.0,0.0,0.0,-0.07577043771743774,-0.02164912223815918,-0.030117837063045272,-0.14369237422943115,-0.0910341739654541,-0.048234586886138686,-0.19134736061096191,-0.14986664056777954,-0.06751942010876633,-0.23353791236877441,-0.1813071072101593,-0.0863262874102304,-0.10063087940216064,-0.19816207885742188,-0.030927025995225677,-0.12576627731323242,-0.29691484570503235,-0.05430517094490028,-0.13585835695266724,-0.3510183095932007,-0.06516271205899216,-0.14010775089263916,-0.4019329249858856,-0.07195694865939117,-0.05578804016113281,-0.2118692696094513,-0.03252047049161888,-0.0608939528465271,-0.26602813601493835,-0.07964696111437775,-0.04979485273361206,-0.19014409184455872,-0.09450749429223038,-0.04279881715774536,-0.1293497085571289,-0.09310213597771622,-0.011001765727996826,-0.2143782377243042,-0.03733755024430252,-0.01103508472442627,-0.270724356174469,-0.08182513090130783,-0.009011924266815186,-0.19525623321533203,-0.0842976135229776,-0.006394445896148682,-0.1356106996536255,-0.0724798006033609,0.03089725971221924,-0.20898690819740295,-0.04449198143836952,0.06013298034667969,-0.28475221991539,-0.07061273725983597,0.08130443096160889,-0.33895108103752136,-0.07767743738648392,0.09788167476654053,-0.39581313729286194,-0.07738933833596207,right
0.0,0.0,0.0,-0.07524961233139038,-0.014883756637573242,-0.026566995966277318,-0.14611846208572388,-0.07622861862182617,-0.042362318101368146,-0.19712704420089722,-0.1227453351020813,-0.059558712604484754,-0.23808497190475464,-0.14764904975891113,-0.07559356531783124,-0.112515389919281,-0.18890541791915894,-0.026422024431667523,-0.14288514852523804,-0.28485432267189026,-0.04728310621067067,-0.15611648559570312,-0.3359348773956299,-0.05639694696947117,-0.16409337520599365,-0.3845372796058655,-0.06254271856232663,-0.07142072916030884,-0.20572322607040405,-0.028833663749537664,-0.08679330348968506,-0.2537752389907837,-0.0746686874954321,-0.07168817520141602,-0.17577731609344482,-0.08682054719611187,-0.05943840742111206,-0.11613571643829346,-0.08331259033366223,-0.027247488498687744,-0.21158793568611145,-0.03448829493208905,-0.03812813758850098,-0.2630443871021271,-0.0777797668306448,-0.031087040901184082,-0.18592041730880737,-0.07729280433341046,-0.02221846580505371,-0.12658166885375977,-0.063420031878195,0.016716182231903076,-0.21127018332481384,-0.04234690657540341,0.03862982988357544,-0.28883665800094604,-0.06909541479035397,0.053913652896881104,-0.3436098098754883,-0.07544013551159878,0.06525349617004395,-0.3997799754142761,-0.07421397111102124,right
0.0,0.0,0.0,-0.0690004825592041,-0.008394360542297363,-0.023139410531939575,-0.1423444151878357,-0.06617897748947144,-0.0376980592225209,-0.19518828392028809,-0.10730493068695068,-0.053866206548036644,-0.23551130294799805,-0.12837493419647217,-0.06940226524216087,-0.11903584003448486,-0.18085592985153198,-0.030440834230603286,-0.15501469373703003,-0.2770184874534607,-0.05397489934307487,-0.1727162003517151,-0.3288112282752991,-0.06487018882376105,-0.18426305055618286,-0.3779122829437256,-0.07252916215998084,-0.08026331663131714,-0.19933366775512695,-0.03424852608782203,-0.10190421342849731,-0.245777428150177,-0.08002252399069221,-0.08370327949523926,-0.1675659418106079,-0.09049046306950004,-0.06663364171981812,-0.10907840728759766,-0.08722139417272956,-0.03615051507949829,-0.20711839199066162,-0.040874893656791755,-0.0494573712348938,-0.2576320469379425,-0.0835168090377465,-0.04078465700149536,-0.1810457706451416,-0.07970676838499458,-0.030190467834472656,-0.12242627143859863,-0.06486074148756416,0.008614957332611084,-0.20960164070129395,-0.04952235414725692,0.0251045823097229,-0.29091086983680725,-0.07675631611687095,0.03784757852554321,-0.3459276854991913,-0.08177671103817374,0.046658456325531006,-0.40104323625564575,-0.0801949751291886,right
0.0,0.0,0.0,-0.07302236557006836,-0.012697994709014893,-0.027106994635389015,-0.14679718017578125,-0.07701414823532104,-0.04380643727533595,-0.19942551851272583,-0.1258201003074646,-0.06175976978890674,-0.2426086664199829,-0.15207910537719727,-0.07876475142590778,-0.11657869815826416,-0.18577170372009277,-0.0315413995300986,-0.15096396207809448,-0.2837417721748352,-0.05497296886794345,-0.16817259788513184,-0.33609792590141296,-0.06533566104523914,-0.17907434701919556,-0.3854968845844269,-0.07272816436640994,-0.07513952255249023,-0.20413702726364136,-0.035159833601639434,-0.09729570150375366,-0.25425049662590027,-0.0836855320846297,-0.08019089698791504,-0.17565762996673584,-0.09626509981505649,-0.06373149156570435,-0.11465823650360107,-0.09341968583218829,-0.03012716770172119,-0.20979958772659302,-0.041923690459654495,-0.04508870840072632,-0.2643781006336212,-0.08701349782101886,-0.03705722093582153,-0.18953019380569458,-0.08562675105683581,-0.027022242546081543,-0.13060474395751953,-0.07161836313359515,0.014717280864715576,-0.20874375104904175,-0.05090848716251628,0.03289055824279785,-0.2879512906074524,-0.07941151397578494,0.04737788438796997,-0.34395673871040344,-0.08576782780043857,0.05698364973068237,-0.40089672803878784,-0.08493763940684573,right
0.0,0.0,0.0,-0.08034586906433105,-0.02273726463317871,-0.030119859574782026,-0.1516425609588623,-0.08947277069091797,-0.049684029965149534,-0.20701617002487183,-0.14448320865631104,-0.07079262375687279,-0.25281625986099243,-0.17433130741119385,-0.09136734247063316,-0.1116635799407959,-0.19615286588668823,-0.0316976317748896,-0.14311665296554565,-0.29580748081207275,-0.055669494865881575,-0.15793377161026,-0.3493569493293762,-0.06691029757116951,-0.16699540615081787,-0.3997694253921509,-0.07429082035874046,-0.06833815574645996,-0.21289417147636414,-0.033829276411282194,-0.08336162567138672,-0.2654293477535248,-0.0813526296601168,-0.06913900375366211,-0.18863722681999207,-0.09544151365612663,-0.05728912353515625,-0.1290995478630066,-0.09380092561100639,-0.022774934768676758,-0.21716323494911194,-0.039191578476177824,-0.030928850173950195,-0.27280402183532715,-0.08354048520182289,-0.026472091674804688,-0.19275334477424622,-0.08354338347767509,-0.02024763822555542,-0.13180327415466309,-0.07018356859539665,0.02104365825653076,-0.21280726790428162,-0.04710886716698326,0.04431319236755371,-0.290794312953949,-0.07361791372154869,0.0614963173866272,-0.34639400243759155,-0.07943320363615669,0.07453560829162598,-0.40486687421798706,-0.0780954965934626,right
0.0,0.0,0.0,-0.07682788372039795,-0.02413630485534668,-0.03126021517327615,-0.14760607481002808,-0.09795045852661133,-0.050305691043647016,-0.19724613428115845,-0.15797501802444458,-0.07093135310223886,-0.24011880159378052,-0.19201964139938354,-0.09134209198764154,-0.10446476936340332,-0.20758694410324097,-0.033588331620009626,-0.13147151470184326,-0.30819791555404663,-0.060029879639657224,-0.14312249422073364,-0.36260080337524414,-0.07269117278865167,-0.14850181341171265,-0.4146934151649475,-0.0806356002192814,-0.0559040904045105,-0.21939551830291748,-0.03633099837115594,-0.05968344211578369,-0.27849143743515015,-0.087583430538686,-0.04622769355773926,-0.19736775755882263,-0.10457040412238428,-0.03786224126815796,-0.13222378492355347,-0.10408671243003198,-0.008050084114074707,-0.2201554775238037,-0.042382359931977476,-0.00565028190612793,-0.2831432819366455,-0.09060507310441324,-0.0027321577072143555,-0.20376801490783691,-0.09364973051360437,0.000425875186920166,-0.14095377922058105,-0.08146616114190408,0.03649967908859253,-0.21327385306358337,-0.050816934983046735,0.0676618218421936,-0.291273832321167,-0.07882873756697961,0.0906640887260437,-0.345988392829895,-0.08618651373198816,0.10848826169967651,-0.40543484687805176,-0.08602458281329461,right
0.0,0.0,0.0,-0.0794374942779541,-0.03099691867828369,-0.028436668665221987,-0.14920973777770996,-0.10698515176773071,-0.04638929896157151,-0.1992337703704834,-0.1709100902080536,-0.06615482874315148,-0.24104183912277222,-0.20832952857017517,-0.08612697430055505,-0.1049196720123291,-0.2197900116443634,-0.03399287395279771,-0.12952107191085815,-0.32422322034835815,-0.06154737852614289,-0.13741695880889893,-0.38018643856048584,-0.0761061818162716,-0.13964945077896118,-0.43313276767730713,-0.08540990062158471,-0.055046021938323975,-0.22922378778457642,-0.03654768176477319,-0.05013120174407959,-0.2895287275314331,-0.0847847894589222,-0.035865068435668945,-0.205552875995636,-0.099794118181876,-0.031261980533599854,-0.14420700073242188,-0.099226890579871,-0.005807220935821533,-0.22788065671920776,-0.04214432694118386,0.004350066184997559,-0.29335060715675354,-0.08821783073346978,0.007656991481781006,-0.20721766352653503,-0.08865904666583901,0.007439136505126953,-0.14371991157531738,-0.07545327998798257,0.03909331560134888,-0.2179863452911377,-0.04991904504697686,0.07447445392608643,-0.2967800498008728,-0.07809327401321298,0.10075819492340088,-0.34760531783103943,-0.08433426030080682,0.12203919887542725,-0.40504759550094604,-0.0831944928328312,right
0.0,0.0,0.0,-0.07722663879394531,-0.027276158332824707,-0.031973182862444105,-0.14569807052612305,-0.10100924968719482,-0.05101357371155757,-0.19323039054870605,-0.1616845726966858,-0.0715397332662775,-0.23114877939224243,-0.1995958387851715,-0.0920996029729082,-0.09904539585113525,-0.2158447504043579,-0.03433593705837268,-0.12151408195495605,-0.32119694352149963,-0.06053852260653514,-0.12840211391448975,-0.3775820732116699,-0.07329018757287997,-0.1294877529144287,-0.4302652031183243,-0.0810183320993616,-0.050186872482299805,-0.22529953718185425,-0.03581058577243823,-0.046517133712768555,-0.2849119007587433,-0.0851546783799364,-0.03291666507720947,-0.20311075448989868,-0.10207734600250262,-0.026677310466766357,-0.13847434520721436,-0.10183573857490558,-0.002321004867553711,-0.2245512306690216,-0.040517665153188887,0.006716668605804443,-0.28776901960372925,-0.086866553580208,0.00860452651977539,-0.2048988938331604,-0.09011891082469958,0.009543299674987793,-0.14139127731323242,-0.07825985894147891,0.04161703586578369,-0.215535968542099,-0.04767272592131633,0.07648539543151855,-0.29213911294937134,-0.07479197875206012,0.10200321674346924,-0.344626247882843,-0.0819939111227228,0.12267047166824341,-0.4024161100387573,-0.08148181036655444,right
0.0,0.0,0.0,-0.07766640186309814,-0.0226781964302063,-0.03190564577347743,-0.14754068851470947,-0.09287458658218384,-0.05174015675551402,-0.19778281450271606,-0.14913827180862427,-0.07306777526504504,-0.23767489194869995,-0.1820206642150879,-0.09397876103288638,-0.10462206602096558,-0.20532554388046265,-0.034640087083644744,-0.1310427188873291,-0.30919355154037476,-0.06058710281617152,-0.14132088422775269,-0.3653835654258728,-0.07259255488283145,-0.14600449800491333,-0.417884886264801,-0.0798856525576781,-0.05858737230300903,-0.21899741888046265,-0.03637368817693698,-0.06478506326675415,-0.2744882106781006,-0.08573386658794391,-0.052388012409210205,-0.19488099217414856,-0.10094476331836688,-0.04540044069290161,-0.13312292098999023,-0.09930389960176456,-0.012344121932983398,-0.22085577249526978,-0.04149845828182208,-0.012924909591674805,-0.2800111174583435,-0.08793439556724536,-0.010215997695922852,-0.19943377375602722,-0.08989312340385425,-0.007426142692565918,-0.1387280821800232,-0.07701860208875644,0.03086245059967041,-0.2150058150291443,-0.04912120316988933,0.06017118692398071,-0.29302969574928284,-0.07620867182380664,0.08109110593795776,-0.3472009003162384,-0.08267907638914096,0.09725844860076904,-0.4062860310077667,-0.08149356235630023,right
0.0,0.0,0.0,-0.07607787847518921,-0.01657480001449585,-0.028517366189603877,-0.15038681030273438,-0.07993710041046143,-0.04634722209358699,-0.2047176957130432,-0.12741249799728394,-0.06556062287474163,-0.24650442600250244,-0.15536004304885864,-0.08355834967279918,-0.11742508411407471,-0.1957874894142151,-0.031509059283976626,-0.14913499355316162,-0.2981664538383484,-0.056192747119908404,-0.16299331188201904,-0.3520343601703644,-0.0678451347985316,-0.17124712467193604,-0.403799831867218,-0.07561488336706645,-0.07328158617019653,-0.21317058801651,-0.033971926931386065,-0.08679336309432983,-0.2626116871833801,-0.08219191319132335,-0.0710877776145935,-0.18104451894760132,-0.09472529477262981,-0.05951035022735596,-0.12196284532546997,-0.09171578920269496,-0.027017593383789062,-0.21868005394935608,-0.039916409913544726,-0.03549599647521973,-0.2741142809391022,-0.08558403587723262,-0.02828371524810791,-0.19202828407287598,-0.08400896078730113,-0.020471513271331787,-0.1312565803527832,-0.0691489267983485,0.018167734146118164,-0.2173559069633484,-0.048209204141144824,0.040752530097961426,-0.29645514488220215,-0.07696781194592006,0.05750685930252075,-0.35175323486328125,-0.08321057147169597,0.07025653123855591,-0.410957932472229,-0.08160728848362453,right
0.0,0.0,0.0,-0.07127267122268677,-0.010580241680145264,-0.024762641327640722,-0.14863669872283936,-0.07193177938461304,-0.04145735471155376,-0.20656508207321167,-0.11420947313308716,-0.06000495298411579,-0.2516159117221832,-0.1332947015762329,-0.07795170290972919,-0.12640929222106934,-0.1910090446472168,-0.032842334049007604,-0.1629071831703186,-0.29321199655532837,-0.056410018043777654,-0.18010759353637695,-0.34706634283065796,-0.06682844056393833,-0.1911536455154419,-0.3982385993003845,-0.07427470727469654,-0.08561962842941284,-0.2095075249671936,-0.03678103132750721,-0.10682660341262817,-0.25277459621429443,-0.08367576791550846,-0.08696573972702026,-0.16934549808502197,-0.0941838730743143,-0.06964021921157837,-0.1086769700050354,-0.09083740754630298,-0.03916364908218384,-0.21699398756027222,-0.04352845965530605,-0.05219769477844238,-0.2670954167842865,-0.08736458762194843,-0.04127854108810425,-0.18463116884231567,-0.08291601731087894,-0.029832124710083008,-0.12247145175933838,-0.0674437095096323,0.008106231689453125,-0.21844959259033203,-0.0524360906949255,0.02480870485305786,-0.30153173208236694,-0.0796868313720438,0.03930521011352539,-0.35767510533332825,-0.08389447970893116,0.04947853088378906,-0.4140424430370331,-0.08173816247489185,right
0.0,0.0,0.0,-0.07183218002319336,-0.0038753747940063477,-0.02749902541160054,-0.1507980227470398,-0.061236441135406494,-0.04498129682957597,-0.20716029405593872,-0.10713481903076172,-0.06341036009013123,-0.25369155406951904,-0.13284188508987427,-0.08059991496025987,-0.12924492359161377,-0.18234294652938843,-0.03577135848223634,-0.1684044599533081,-0.27848130464553833,-0.06313848840414948,-0.18966144323349,-0.3325570523738861,-0.07679097699343629,-0.2060692310333252,-0.3857196867465973,-0.08676864551722474,-0.08913266658782959,-0.20359492301940918,-0.03840030329644151,-0.1149948239326477,-0.24274340271949768,-0.08857060568749375,-0.09310001134872437,-0.1562138795852661,-0.09931514012038178,-0.07307744026184082,-0.09538137912750244,-0.09599950509488053,-0.04319894313812256,-0.21359819173812866,-0.044318899236316156,-0.06158757209777832,-0.2626670300960541,-0.09091933416544862,-0.05117076635360718,-0.17927151918411255,-0.08438054817139573,-0.03879433870315552,-0.11683851480484009,-0.06719457703053422,0.0038539767265319824,-0.21804529428482056,-0.05266551273285813,0.016587018966674805,-0.30086633563041687,-0.08272216068922944,0.027906715869903564,-0.3573801815509796,-0.08722034441649384,0.035415470600128174,-0.41555535793304443,-0.08491919534623094,right
0.0,0.0,0.0,-0.07044553756713867,-0.010318219661712646,-0.026441550772347,-0.14550256729125977,-0.06966650485992432,-0.043904255103029755,-0.19972515106201172,-0.11307942867279053,-0.0632353452552934,-0.24263125658035278,-0.13793480396270752,-0.08187016374961331,-0.12585997581481934,-0.19024169445037842,-0.03449073336616948,-0.16505074501037598,-0.2891411781311035,-0.06108825929061368,-0.1847636103630066,-0.3421112895011902,-0.07360787964955762,-0.19760340452194214,-0.39256542921066284,-0.0821923194040437,-0.08396178483963013,-0.2087680697441101,-0.038702509324707535,-0.1080242395401001,-0.25352731347084045,-0.08953353292838528,-0.08677220344543457,-0.169031023979187,-0.10235797889129117,-0.06791180372238159,-0.1064942479133606,-0.09985054559604123,-0.03722745180130005,-0.2153128683567047,-0.04605553574458554,-0.052064478397369385,-0.2673277258872986,-0.09303003079787686,-0.04168248176574707,-0.1856061816215515,-0.09021178163186505,-0.030571460723876953,-0.12292426824569702,-0.0751674500812669,0.009423911571502686,-0.2155933976173401,-0.05569257117406323,0.02586197853088379,-0.2988804578781128,-0.08599023796216443,0.04021114110946655,-0.3559591770172119,-0.09222942120925381,0.049655795097351074,-0.414024293422699,-0.09110907740489438,right
0.0,0.0,0.0,-0.07526296377182007,-0.01455378532409668,-0.02598945948062692,-0.1505940556526184,-0.0828331708908081,-0.04184157552896295,-0.20348387956619263,-0.13449031114578247,-0.059059774156196454,-0.24784213304519653,-0.15952980518341064,-0.0754662543791369,-0.12004601955413818,-0.19573161005973816,-0.031555367286784985,-0.15449118614196777,-0.2966015338897705,-0.05523301812587533,-0.17108631134033203,-0.35087788105010986,-0.0661678329366282,-0.18152427673339844,-0.4024469554424286,-0.07386098953662668,-0.07614719867706299,-0.21356412768363953,-0.035200522865636685,-0.09360003471374512,-0.2639123797416687,-0.08325886877952371,-0.07597118616104126,-0.1836645007133484,-0.09566388430772577,-0.06136888265609741,-0.12222760915756226,-0.09290425630985055,-0.029318273067474365,-0.21896326541900635,-0.04178957420168672,-0.03988087177276611,-0.27573060989379883,-0.08678688260494027,-0.03217059373855591,-0.19664117693901062,-0.08487881871639047,-0.023396551609039307,-0.1346292495727539,-0.07050211134134088,0.016788184642791748,-0.21723973751068115,-0.050470335062129834,0.03839665651321411,-0.29894980788230896,-0.07931626739679132,0.05508536100387573,-0.3569658696651459,-0.08584470453439508,0.06702011823654175,-0.41687333583831787,-0.08505543472944055,right
0.0,0.0,0.0,-0.07934486865997314,-0.019050419330596924,-0.02986418833637572,-0.15364837646484375,-0.09178262948989868,-0.0480627548476491,-0.2048298716545105,-0.1501637101173401,-0.06763257650339938,-0.24603092670440674,-0.1870294213294983,-0.08655404863560534,-0.11258143186569214,-0.20201539993286133,-0.0355064664562974,-0.14385390281677246,-0.3051724433898926,-0.061754336633327966,-0.15841293334960938,-0.36029866337776184,-0.07399523077214099,-0.16738462448120117,-0.41296303272247314,-0.08212534157240725,-0.0658920407295227,-0.21804094314575195,-0.038624072500113016,-0.07566642761230469,-0.27408963441848755,-0.08850674150193072,-0.0625385046005249,-0.19260656833648682,-0.10316705522740222,-0.05355948209762573,-0.13070595264434814,-0.10198782948458529,-0.018439829349517822,-0.22095176577568054,-0.04499635664427615,-0.02164071798324585,-0.28379130363464355,-0.09222228644097186,-0.017902612686157227,-0.20479470491409302,-0.09315482346022463,-0.01335442066192627,-0.14415407180786133,-0.08055082527602053,0.026232600212097168,-0.21610984206199646,-0.05368958977663851,0.053933799266815186,-0.29720568656921387,-0.08358975318873263,0.07426482439041138,-0.35363247990608215,-0.09161191252673007,0.09023422002792358,-0.4141543209552765,-0.09200867829525805,right
0.0,0.0,0.0,-0.07800889015197754,-0.024006128311157227,-0.03172565263616889,-0.14874005317687988,-0.0998697280883789,-0.04990994197237342,-0.19732129573822021,-0.1630648374557495,-0.06928180915224402,-0.23809808492660522,-0.20165324211120605,-0.08818074327814429,-0.10461437702178955,-0.2113262414932251,-0.03356893745171874,-0.1311265230178833,-0.3154450058937073,-0.05941974383699744,-0.1417558193206787,-0.3719575107097626,-0.07143611472952216,-0.14629340171813965,-0.42605550587177277,-0.07907566440212577,-0.054978132247924805,-0.22331082820892334,-0.03607069340455382,-0.05623519420623779,-0.28644660115242004,-0.08736994874584525,-0.04229855537414551,-0.2054246962070465,-0.10437823099005072,-0.03431624174118042,-0.14021635055541992,-0.10361785453665107,-0.006445825099945068,-0.2236880362033844,-0.041910298288939885,-0.0015496015548706055,-0.2906557619571686,-0.09097965818750708,0.002445220947265625,-0.2137508988380432,-0.09506822389471381,0.006026804447174072,-0.15244942903518677,-0.0833131523143038,0.038178086280822754,-0.21672630310058594,-0.04998090502726882,0.07193410396575928,-0.29603898525238037,-0.07943048340189307,0.0967668890953064,-0.3513515591621399,-0.08800230187284797,0.11654001474380493,-0.4112700819969177,-0.08847526472914069,right
0.0,0.0,0.0,-0.07907772064208984,-0.030915498733520508,-0.030233039656906158,-0.14929640293121338,-0.1074114441871643,-0.048483717391519576,-0.19736087322235107,-0.172482430934906,-0.06827439660790446,-0.2360401749610901,-0.2154821753501892,-0.08765942896368983,-0.10283231735229492,-0.21991214156150818,-0.03166239256623271,-0.1246880292892456,-0.3267408609390259,-0.059112432549028426,-0.13228720426559448,-0.3838372230529785,-0.07363770450118068,-0.13446283340454102,-0.4376540780067444,-0.08286570305588725,-0.05202209949493408,-0.2289346158504486,-0.03386009405019763,-0.04646646976470947,-0.2920759320259094,-0.08437905753615382,-0.031445980072021484,-0.20926901698112488,-0.10154588813546184,-0.025574684143066406,-0.1448877453804016,-0.10158048863175395,-0.002338886260986328,-0.22777730226516724,-0.03936393479469302,0.009371817111968994,-0.29871922731399536,-0.08678026045325282,0.012930095195770264,-0.2165638506412506,-0.08872576350930217,0.013516604900360107,-0.15312784910202026,-0.07611000830891612,0.04237312078475952,-0.21858897805213928,-0.047107353011398345,0.07784730195999146,-0.29497188329696655,-0.07513218666079524,0.10359996557235718,-0.34614014625549316,-0.0816843538976002,0.12450575828552246,-0.40474367141723633,-0.08071895981791499,right
0.0,0.0,0.0,-0.0766986608505249,-0.025296330451965332,-0.03577529759053277,-0.14558005332946777,-0.10273110866546631,-0.055346505054274076,-0.19189029932022095,-0.16810238361358643,-0.07516540706996011,-0.2317458987236023,-0.2079990804195404,-0.09442900241259622,-0.09915220737457275,-0.2158692479133606,-0.037245248713531964,-0.12235134840011597,-0.3205413818359375,-0.06421772510651635,-0.1303151249885559,-0.37812328338623047,-0.0771764379823594,-0.13250762224197388,-0.43237848579883575,-0.085164287396708,-0.04905509948730469,-0.22658288478851318,-0.03714183838013696,-0.04340958595275879,-0.29028117656707764,-0.09005741895083474,-0.029947936534881592,-0.20670092105865479,-0.10780888915900277,-0.02426224946975708,-0.1389845609664917,-0.1067617696607499,-0.0007197856903076172,-0.22670698165893555,-0.04053779811505365,0.011548101902008057,-0.29325470328330994,-0.09009514124039697,0.013969659805297852,-0.2137737274169922,-0.09451058627013253,0.014784276485443115,-0.1508515477180481,-0.08243766547087716,0.04289966821670532,-0.21902701258659363,-0.04649627701286363,0.07907509803771973,-0.29385825991630554,-0.07561781377438592,0.10582780838012695,-0.3456321358680725,-0.08423033476714181,0.12757432460784912,-0.4033347964286804,-0.08440972239617395,right
0.0,0.0,0.0,-0.07665258646011353,-0.022126495838165283,-0.034446654912812846,-0.14826887845993042,-0.09738343954086304,-0.053253015574796336,-0.19810539484024048,-0.1579444408416748,-0.07269246324597134,-0.23879915475845337,-0.19119447469711304,-0.09137619480191006,-0.10467129945755005,-0.2118905484676361,-0.03428919806776776,-0.13512492179870605,-0.31607747077941895,-0.06045868813691868,-0.14789623022079468,-0.3732050657272339,-0.07301256254015698,-0.15377604961395264,-0.42674410343170166,-0.08065238043366207,-0.05539965629577637,-0.2263871431350708,-0.03483254655895962,-0.056993186473846436,-0.28687557578086853,-0.08706516220865979,-0.04389679431915283,-0.2037932574748993,-0.10414611741600766,-0.036102473735809326,-0.1369708776473999,-0.10232218548355831,-0.007633209228515625,-0.22915977239608765,-0.03900953948198094,-0.0031406283378601074,-0.29362261295318604,-0.08802504285870327,-0.0006957650184631348,-0.21325144171714783,-0.09206562682686581,0.0021389126777648926,-0.14986830949783325,-0.0794439782172276,0.036070406436920166,-0.22420620918273926,-0.04576174363194241,0.06904453039169312,-0.3016139268875122,-0.07513610467015042,0.093239426612854,-0.355770468711853,-0.08369711234865918,0.11297738552093506,-0.414179265499115,-0.08337899490891232,right
0.0,0.0,0.0,-0.0768771767616272,-0.01642400026321411,-0.03365451812801723,-0.15153515338897705,-0.08683586120605469,-0.05280344530997638,-0.2041599154472351,-0.14214199781417847,-0.07295504927692775,-0.2455788254737854,-0.1746777892112732,-0.0923498269921339,-0.11137944459915161,-0.2028324007987976,-0.035753849596360965,-0.1473345160484314,-0.30584460496902466,-0.06226547032652263,-0.16392415761947632,-0.36177775263786316,-0.07527974218187694,-0.17353856563568115,-0.4146382510662079,-0.08344165206013088,-0.06341254711151123,-0.22109869122505188,-0.03665683761296634,-0.07057332992553711,-0.2759128510951996,-0.08868104189691906,-0.05419182777404785,-0.19355851411819458,-0.1059039828187025,-0.04342293739318848,-0.12844526767730713,-0.10500790894089107,-0.015853941440582275,-0.22690212726593018,-0.04099009156284694,-0.01614910364151001,-0.28888827562332153,-0.08881843805370693,-0.011498689651489258,-0.20642268657684326,-0.0917920169240034,-0.006767928600311279,-0.14168518781661987,-0.07929448753652935,0.028309285640716553,-0.22414562106132507,-0.04797682881412868,0.058257222175598145,-0.3027806878089905,-0.07694339722452526,0.08089053630828857,-0.35879695415496826,-0.08515066623745327,0.0989614725112915,-0.419675350189209,-0.0848756876593626,right
0.0,0.0,0.0,-0.07468974590301514,-0.011160850524902344,-0.034181750738824235,-0.15093648433685303,-0.07829791307449341,-0.054368886524642335,-0.20596349239349365,-0.13167881965637207,-0.0754353137554773,-0.24977439641952515,-0.1598799228668213,-0.09563982056995712,-0.1181178092956543,-0.19947141408920288,-0.03861325922032677,-0.15816515684127808,-0.3017052710056305,-0.06689614372869812,-0.17778760194778442,-0.356573224067688,-0.08079106676002823,-0.1897544264793396,-0.40916895866394043,-0.08986853378435455,-0.07040804624557495,-0.2204950451850891,-0.039677872681821214,-0.07988381385803223,-0.2717250883579254,-0.09461424070020996,-0.061531901359558105,-0.18445909023284912,-0.11105485575815521,-0.04842352867126465,-0.11838120222091675,-0.1091221006455072,-0.02244323492050171,-0.22731074690818787,-0.04435270594974838,-0.02428889274597168,-0.2885609567165375,-0.09461053776165329,-0.018454909324645996,-0.20462781190872192,-0.09564340429922424,-0.01297914981842041,-0.13900381326675415,-0.08138829785009705,0.02233225107192993,-0.2255648672580719,-0.05172498094459854,0.050012826919555664,-0.30506059527397156,-0.08354325907846771,0.07122617959976196,-0.36196088790893555,-0.09230224358459793,0.08741039037704468,-0.4237881004810333,-0.09197791981121384,right
0.0,0.0,0.0,-0.07710671424865723,-0.018222332000732422,-0.03466257225140623,-0.15146112442016602,-0.08986073732376099,-0.054121417509165326,-0.20531290769577026,-0.14762550592422485,-0.07403815309866957,-0.24865299463272095,-0.1779780387878418,-0.09306128095253996,-0.11087280511856079,-0.20415091514587402,-0.03496704395278982,-0.14752477407455444,-0.30672281980514526,-0.061657109813538113,-0.16529923677444458,-0.36344242095947266,-0.07516971002682737,-0.17620480060577393,-0.4158870577812195,-0.08390538166626982,-0.06243312358856201,-0.2226715087890625,-0.035539777533855954,-0.06872057914733887,-0.283719927072525,-0.08918512384757094,-0.052075982093811035,-0.20290708541870117,-0.1075931317673593,-0.04034876823425293,-0.13658803701400757,-0.10686266939505629,-0.015246272087097168,-0.22829818725585938,-0.039596331821528,-0.013520479202270508,-0.2973518371582031,-0.08814751874074034,-0.008962154388427734,-0.22147154808044434,-0.09221930574044279,-0.004142403602600098,-0.15917658805847168,-0.08041593204602293,0.027758121490478516,-0.22461214661598206,-0.046353993521776715,0.05779600143432617,-0.30034714937210083,-0.07543715606793455,0.07983559370040894,-0.35531577467918396,-0.08403704832657866,0.09719294309616089,-0.4146132171154022,-0.08418088178500227,right
0.0,0.0,0.0,-0.07563066482543945,-0.021930277347564697,-0.035026148533887635,-0.14654499292373657,-0.09579145908355713,-0.054571860110826265,-0.19581681489944458,-0.15616858005523682,-0.07448780593878723,-0.23647475242614746,-0.18812504410743713,-0.09369996992356278,-0.10466665029525757,-0.20776084065437317,-0.034716569459504854,-0.13771915435791016,-0.30800697207450867,-0.06147077736861206,-0.1530809998512268,-0.36505335569381714,-0.0749236052990625,-0.16136765480041504,-0.4182218909263611,-0.08349861261851288,-0.054199159145355225,-0.222574383020401,-0.03518097532398201,-0.05399954319000244,-0.2879922091960907,-0.08850396481759049,-0.03905749320983887,-0.20580685138702393,-0.10656339732415177,-0.029625117778778076,-0.13748764991760254,-0.10529545006758667,-0.006465435028076172,-0.2254667580127716,-0.039116521006889116,0.0021239519119262695,-0.29616978764533997,-0.08772784528738953,0.005414903163909912,-0.2202615737915039,-0.09134722558266617,0.008409440517425537,-0.1584727168083191,-0.07888813374049164,0.03631192445755005,-0.2190084159374237,-0.04571494517333008,0.06890672445297241,-0.2932177186012268,-0.0736086746812532,0.09234684705734253,-0.3460133969783783,-0.08082094845778443,0.11082309484481812,-0.4035477340221405,-0.08003719953305222,right
0.0,0.0,0.0,-0.07628273963928223,-0.02662593126296997,-0.0360503564047292,-0.14590054750442505,-0.10494434833526611,-0.056309055017180754,-0.19376331567764282,-0.1697624921798706,-0.07652870141143353,-0.23473286628723145,-0.20897087454795837,-0.09612778894776852,-0.10146689414978027,-0.21396607160568237,-0.0372533793019727,-0.13179314136505127,-0.315582811832428,-0.06476192496890576,-0.14506769180297852,-0.3733290433883667,-0.0789038123952821,-0.15114349126815796,-0.4276134520769119,-0.08791605703706296,-0.05091440677642822,-0.2268138825893402,-0.03752387635583432,-0.04563474655151367,-0.2942226231098175,-0.09072728775615246,-0.028898179531097412,-0.21444103121757507,-0.10946683161134274,-0.019302427768707275,-0.14693796634674072,-0.1090987654792741,-0.002803802490234375,-0.2278519570827484,-0.041201713906474424,0.011047720909118652,-0.29951319098472595,-0.08978689782495053,0.017269492149353027,-0.22490563988685608,-0.09397136740560086,0.021199345588684082,-0.16358816623687744,-0.08236390672797711,0.04020148515701294,-0.21979990601539612,-0.0476007679867223,0.0732160210609436,-0.29411083459854126,-0.07568684540862591,0.09900814294815063,-0.3445562422275543,-0.0830118315684274,0.12021064758300781,-0.39959511160850525,-0.08260703407401593,right
0.0,0.0,0.0,-0.0772014856338501,-0.02857762575149536,-0.03863363024307631,-0.14607590436935425,-0.1067766547203064,-0.061172381606830584,-0.1921457052230835,-0.17251908779144287,-0.08346490245772742,-0.2318083643913269,-0.21741458773612976,-0.10505546313239478,-0.10011482238769531,-0.21694189310073853,-0.04176373836113356,-0.12536388635635376,-0.3235262930393219,-0.07010186147405051,-0.13687282800674438,-0.38068145513534546,-0.08376394641114615,-0.1403435468673706,-0.4343174397945404,-0.09199466985179328,-0.04863262176513672,-0.22658351063728333,-0.0413257448048725,-0.03738880157470703,-0.29428237676620483,-0.09593990874005698,-0.02033066749572754,-0.2130284309387207,-0.11516314428759955,-0.010499298572540283,-0.14441907405853271,-0.11495893877459906,0.0001621246337890625,-0.22589397430419922,-0.04428269770456694,0.02062445878982544,-0.30108094215393066,-0.09426472764922522,0.02500706911087036,-0.22303324937820435,-0.09820938539220236,0.026872754096984863,-0.1586894989013672,-0.086160179790987,0.04309976100921631,-0.21623501181602478,-0.05005018841935538,0.07837796211242676,-0.290645569562912,-0.07839160096360587,0.10571074485778809,-0.33876967430114746,-0.08517010938836478,0.129034161567688,-0.39261531829833984,-0.08427847605658911,right
0.0,0.0,0.0,-0.07604795694351196,-0.02765876054763794,-0.03756394551488995,-0.1434270143508911,-0.10355305671691895,-0.059227082295151945,-0.18821418285369873,-0.1681373119354248,-0.08061222301218152,-0.22559243440628052,-0.21427369117736816,-0.10106119082662701,-0.09736067056655884,-0.21392256021499634,-0.04056896956059575,-0.12160295248031616,-0.31981223821640015,-0.06897042260858655,-0.13131624460220337,-0.37644529342651367,-0.08299567119571805,-0.13424956798553467,-0.4298795163631439,-0.09173389093372464,-0.04689270257949829,-0.22382694482803345,-0.040352153939934965,-0.0382499098777771,-0.29038307070732117,-0.09415664092990994,-0.02322530746459961,-0.2104998230934143,-0.1125588299462521,-0.015906929969787598,-0.14475971460342407,-0.1122764231393063,0.0009753704071044922,-0.2227904498577118,-0.043733015073271986,0.018037259578704834,-0.29551440477371216,-0.09322274790498852,0.02265268564224243,-0.22121059894561768,-0.09723044501039624,0.02463221549987793,-0.16066718101501465,-0.08567911700698971,0.043238162994384766,-0.21358081698417664,-0.049891344619723554,0.07869631052017212,-0.28632551431655884,-0.07949728832933545,0.10591435432434082,-0.3352292478084564,-0.08783648477289319,0.12917059659957886,-0.38943684101104736,-0.08808663056585431,right
0.0,0.0,0.0,-0.07485842704772949,-0.024247467517852783,-0.03610158934451135,-0.14261692762374878,-0.10000509023666382,-0.05634536071873697,-0.19076943397521973,-0.16382890939712524,-0.07669260948158296,-0.2313251495361328,-0.19930392503738403,-0.09611152707792314,-0.09731107950210571,-0.21110007166862488,-0.034361014507780396,-0.12485355138778687,-0.31279876828193665,-0.06003188192106279,-0.13550668954849243,-0.36962008476257324,-0.07242966293550523,-0.13965272903442383,-0.4216441512107849,-0.08009053616977724,-0.04844200611114502,-0.22356373071670532,-0.034007640920648896,-0.0459253191947937,-0.2867773771286011,-0.08673921077705415,-0.03233081102371216,-0.20610398054122925,-0.10500269233442339,-0.024653136730194092,-0.13837164640426636,-0.1036591589377025,-0.0016200542449951172,-0.22505837678909302,-0.037162190668354356,0.007839322090148926,-0.2941950857639313,-0.08502618073679002,0.009894132614135742,-0.2204609513282776,-0.08960372059799226,0.011322379112243652,-0.16021311283111572,-0.07778347133852037,0.040567100048065186,-0.21727094054222107,-0.04298500566936525,0.07441049814224243,-0.2886582612991333,-0.06992044150091203,0.0986626148223877,-0.34010207653045654,-0.07727664559341463,0.11761176586151123,-0.39692026376724243,-0.07655986248708757,right
0.0,0.0,0.0,-0.07695388793945312,-0.01985079050064087,-0.034362604071745295,-0.1480255126953125,-0.09087920188903809,-0.05421323438490333,-0.19805890321731567,-0.15043818950653076,-0.07454758246744575,-0.2396029233932495,-0.18484854698181152,-0.0938200216492504,-0.10663986206054688,-0.2043260633945465,-0.033843782891878504,-0.13776397705078125,-0.3050292134284973,-0.05969208960736694,-0.1518956422805786,-0.3601132333278656,-0.07268402089680137,-0.1592678427696228,-0.41201308369636536,-0.08107221980894508,-0.05949532985687256,-0.2205078899860382,-0.034528174599060435,-0.06398224830627441,-0.27919721603393555,-0.0866522725423664,-0.0483783483505249,-0.19879254698753357,-0.10456711908186378,-0.037547767162323,-0.1329849362373352,-0.10389444341267051,-0.012954771518707275,-0.22412928938865662,-0.03870778640116157,-0.011155128479003906,-0.29113835096359253,-0.08601759483421745,-0.008236169815063477,-0.21660968661308289,-0.0897815461953968,-0.004473268985748291,-0.15552014112472534,-0.07813922425116004,0.0296785831451416,-0.21894070506095886,-0.04558291768039169,0.06129521131515503,-0.29376399517059326,-0.07359084596241416,0.08438366651535034,-0.34734660387039185,-0.08159709831083717,0.10296529531478882,-0.40480875968933105,-0.08150059839094581,right
0.0,0.0,0.0,-0.07606613636016846,-0.014866054058074951,-0.03231781609933648,-0.14886289834976196,-0.08260101079940796,-0.05138311423938546,-0.19942784309387207,-0.13785690069198608,-0.07095288001578126,-0.24105370044708252,-0.1706831455230713,-0.08929568045418534,-0.11125177145004272,-0.19676131010055542,-0.03460290916841302,-0.14665448665618896,-0.29613712430000305,-0.06093133874814782,-0.163804829120636,-0.34967225790023804,-0.07478167377989564,-0.17479556798934937,-0.40114736557006836,-0.08431805186550889,-0.0653652548789978,-0.21518167853355408,-0.03596745320241723,-0.07570618391036987,-0.2704159617424011,-0.08786372356694017,-0.05848032236099243,-0.1891281008720398,-0.10528604947607789,-0.045219600200653076,-0.12543237209320068,-0.1052991252450255,-0.01894664764404297,-0.22116249799728394,-0.04068634920399461,-0.021445155143737793,-0.2888675928115845,-0.08659467362444673,-0.01999223232269287,-0.2150469720363617,-0.08845319860260759,-0.016732394695281982,-0.15407609939575195,-0.07676149421017442,0.024027585983276367,-0.21846726536750793,-0.04807803668659005,0.053117990493774414,-0.2941250503063202,-0.07640048377793107,0.07386589050292969,-0.34924083948135376,-0.08457430713455949,0.0902477502822876,-0.4092971682548523,-0.0851252999214438,right
0.0,0.0,0.0,-0.076759934425354,-0.019703149795532227,-0.032067426783569886,-0.14607244729995728,-0.09129941463470459,-0.05085866276694162,-0.19417279958724976,-0.15202867984771729,-0.0702325192518316,-0.23640316724777222,-0.18620699644088745,-0.08844436828566415,-0.10660052299499512,-0.19908732175827026,-0.03175468493772371,-0.13812148571014404,-0.2976265847682953,-0.057396748406418396,-0.15394747257232666,-0.3512340188026428,-0.07112029318285806,-0.1633428931236267,-0.40266603231430054,-0.08068053547812326,-0.060401856899261475,-0.21513518691062927,-0.033394483221300675,-0.0687827467918396,-0.2721896767616272,-0.08519479755831583,-0.05404764413833618,-0.1906532347202301,-0.10312935088349207,-0.042378008365631104,-0.12610012292861938,-0.10327115778399332,-0.013835787773132324,-0.21894797682762146,-0.0384145577676378,-0.014879345893859863,-0.288565069437027,-0.0846036610431753,-0.013821840286254883,-0.21772366762161255,-0.08735843126250131,-0.010766565799713135,-0.1582624912261963,-0.07611405972910745,0.02895951271057129,-0.21416091918945312,-0.04605684180332048,0.05862230062484741,-0.28874292969703674,-0.07393698517752512,0.07949554920196533,-0.34268659353256226,-0.0819314060039602,0.0964663028717041,-0.40078601241111755,-0.08246847365570886,right
0.0,0.0,0.0,-0.0755186676979065,-0.023412466049194336,-0.03272094905643996,-0.142957866191864,-0.09586364030838013,-0.05182404771714744,-0.1901887059211731,-0.15824615955352783,-0.07149791300564345,-0.23075294494628906,-0.19514712691307068,-0.0902040931609207,-0.10110890865325928,-0.20245885848999023,-0.032251163872771826,-0.12987560033798218,-0.30090516805648804,-0.05773309201269683,-0.14296865463256836,-0.35593104362487793,-0.07080732614069518,-0.1495816707611084,-0.407804936170578,-0.07943088889389571,-0.05379617214202881,-0.21625831723213196,-0.03343320593505439,-0.0573388934135437,-0.2778169810771942,-0.08427685082226333,-0.042881011962890625,-0.19977259635925293,-0.10229017168551024,-0.032956600189208984,-0.13476020097732544,-0.10224458158283767,-0.006817281246185303,-0.2183305025100708,-0.03785333365469512,-0.003454148769378662,-0.2887825071811676,-0.08397806763916549,-0.0016594529151916504,-0.21688297390937805,-0.08733904689817962,0.0011790990829467773,-0.15684181451797485,-0.07598600864677962,0.03633755445480347,-0.2113218605518341,-0.04481910124688682,0.06740128993988037,-0.28508293628692627,-0.07159005433588561,0.08926773071289062,-0.33774539828300476,-0.0787595170763069,0.10671734809875488,-0.39444172382354736,-0.07854819625883636,right
0.0,0.0,0.0,-0.07642799615859985,-0.02810567617416382,-0.031093374191797807,-0.14310866594314575,-0.10113406181335449,-0.04949752457348211,-0.18742871284484863,-0.1648901104927063,-0.06853775523511274,-0.22382056713104248,-0.20764774084091187,-0.08697569958773954,-0.09826141595840454,-0.20774656534194946,-0.03292764566747053,-0.12439489364624023,-0.3070288598537445,-0.05963749281970365,-0.13529223203659058,-0.3627360463142395,-0.07398311637250288,-0.13989681005477905,-0.4153772294521332,-0.08338022820559843,-0.04964649677276611,-0.2183099389076233,-0.03482084937301977,-0.04814690351486206,-0.28429388999938965,-0.08483822487202985,-0.03412085771560669,-0.2055869698524475,-0.10232117615548475,-0.02599465847015381,-0.1407548189163208,-0.10256453446952207,-0.0020703673362731934,-0.218192458152771,-0.039841069205678536,0.008772969245910645,-0.2914207875728607,-0.08492172352877958,0.012594342231750488,-0.2219586968421936,-0.08761130116788252,0.015641868114471436,-0.1645490527153015,-0.07657648466435774,0.04027068614959717,-0.20949935913085938,-0.04731779016462667,0.07464206218719482,-0.2822999656200409,-0.07391594938842161,0.09900033473968506,-0.33352696895599365,-0.08067255310622556,0.11926549673080444,-0.3893560767173767,-0.08049074403849943,right
0.0,0.0,0.0,-0.07549309730529785,-0.03076159954071045,-0.03325716189614525,-0.14119058847427368,-0.10953426361083984,-0.05300631902686348,-0.1844976544380188,-0.175914466381073,-0.07347481481305351,-0.22193336486816406,-0.22098609805107117,-0.09335695735684624,-0.09467869997024536,-0.2136637568473816,-0.03472894958726158,-0.11678057909011841,-0.315298855304718,-0.06220274202100029,-0.125188946723938,-0.3724413514137268,-0.0762565337823986,-0.1275203824043274,-0.42583101987838745,-0.085166236083424,-0.043538808822631836,-0.22160077095031738,-0.03682652644387474,-0.03551459312438965,-0.28768205642700195,-0.08994967273942223,-0.020780980587005615,-0.20836567878723145,-0.10912128321400871,-0.01370859146118164,-0.14185810089111328,-0.10940722904673805,0.005292773246765137,-0.21918454766273499,-0.04213968075386276,0.0213165283203125,-0.2928749620914459,-0.09069205604068031,0.026076793670654297,-0.22065392136573792,-0.09460093609563103,0.028221845626831055,-0.1611226499080658,-0.08319838873616447,0.04750579595565796,-0.2085883617401123,-0.04987318597308388,0.0817868709564209,-0.28078269958496094,-0.0777153500126957,0.10844087600708008,-0.3300257623195648,-0.0844660305189251,0.13110047578811646,-0.3845902979373932,-0.0838631593393444,right
0.0,0.0,0.0,-0.07649320363998413,-0.036715149879455566,-0.03979271240324067,-0.13936138153076172,-0.11636197566986084,-0.06255478001922654,-0.18033015727996826,-0.18544864654541016,-0.0845498029121785,-0.21729767322540283,-0.23512613773345947,-0.10535302348226594,-0.09007024765014648,-0.22434380650520325,-0.03886168412655877,-0.10679954290390015,-0.330069899559021,-0.06779004968494462,-0.11394715309143066,-0.3899068832397461,-0.08287539668172883,-0.11463135480880737,-0.4444669783115387,-0.09202983565420197,-0.036619722843170166,-0.22957441210746765,-0.03687734491914796,-0.019267737865447998,-0.2956271767616272,-0.09276740588039445,-0.007998764514923096,-0.2144150733947754,-0.11310528553813981,-0.004873454570770264,-0.1468280553817749,-0.1128904629477887,0.01223224401473999,-0.2250758409500122,-0.03857552967757272,0.035661935806274414,-0.29817017912864685,-0.0896540094146161,0.03705316781997681,-0.22280514240264893,-0.09435309804767655,0.03562980890274048,-0.1610216498374939,-0.08224983103364991,0.05283927917480469,-0.21226119995117188,-0.043029330296221246,0.08666574954986572,-0.27961108088493347,-0.07187658138364839,0.11375129222869873,-0.3208165466785431,-0.07872590757698106,0.13863050937652588,-0.3670031428337097,-0.07729707248300599,right
0.0,0.0,0.0,-0.07691675424575806,-0.02802443504333496,-0.035102670581068196,-0.14380812644958496,-0.10882323980331421,-0.05549195924493233,-0.18616610765457153,-0.1769964098930359,-0.0764224804350988,-0.2215259075164795,-0.2238757610321045,-0.09661292055341164,-0.09480804204940796,-0.21824884414672852,-0.03869239384027878,-0.11605626344680786,-0.32630378007888794,-0.06760004678460518,-0.1237674355506897,-0.3843816816806793,-0.08209798255654732,-0.12445354461669922,-0.4386742562055588,-0.09117109844180504,-0.04347485303878784,-0.22602182626724243,-0.040076722891058125,-0.03324645757675171,-0.2917386293411255,-0.09492797175141732,-0.01888495683670044,-0.2081117033958435,-0.11380272874328057,-0.011594593524932861,-0.13934892416000366,-0.11380190172883431,0.0059119462966918945,-0.2242565155029297,-0.044877307058300175,0.02457606792449951,-0.2994407117366791,-0.09452481338473717,0.028127849102020264,-0.2238914668560028,-0.09809157022925774,0.029970109462738037,-0.1612982153892517,-0.08634304770919243,0.04946589469909668,-0.2145175337791443,-0.05233450749608437,0.08828693628311157,-0.28894299268722534,-0.0810350082227842,0.11719125509262085,-0.3388315439224243,-0.08855125078650872,0.14172053337097168,-0.39410290122032166,-0.08846001842709939,right
0.0,0.0,0.0,-0.07549691200256348,-0.025376200675964355,-0.03478127402644304,-0.14300775527954102,-0.10390549898147583,-0.05514227283578066,-0.18857401609420776,-0.16744458675384521,-0.07614421901683954,-0.2265436053276062,-0.204319030046463,-0.09657643792610315,-0.09594649076461792,-0.21490976214408875,-0.03662682381849436,-0.12308132648468018,-0.3188188374042511,-0.06327387002687601,-0.13321131467819214,-0.3767855167388916,-0.07616623548250345,-0.13713997602462769,-0.4302179217338562,-0.08416176644544748,-0.04634147882461548,-0.22612184286117554,-0.03770752308349756,-0.044139087200164795,-0.2877544164657593,-0.09076875505428461,-0.030405521392822266,-0.2057599425315857,-0.1093312284110084,-0.02318960428237915,-0.13783890008926392,-0.10879105386715082,0.0015171170234680176,-0.22687041759490967,-0.04203758818488268,0.009820938110351562,-0.29685431718826294,-0.08989354280214457,0.011610090732574463,-0.2231791913509369,-0.09442790654878763,0.012837767601013184,-0.16291660070419312,-0.08310975191574244,0.04487204551696777,-0.21828770637512207,-0.048972305482436695,0.08062422275543213,-0.2933400869369507,-0.075732805406858,0.10636365413665771,-0.34692877531051636,-0.08281325606088785,0.126301109790802,-0.4052635431289673,-0.0823275378106132,right
0.0,0.0,0.0,-0.07840824127197266,-0.01920551061630249,-0.03256809255250914,-0.15046298503875732,-0.09453612565994263,-0.051650560555543734,-0.1995154619216919,-0.15793907642364502,-0.07171953758367522,-0.24209821224212646,-0.19450533390045166,-0.09064128538736327,-0.1062508225440979,-0.20452359318733215,-0.0330683506108187,-0.13764137029647827,-0.30855095386505127,-0.05893483301767333,-0.15256017446517944,-0.36381757259368896,-0.07178478231796248,-0.1606629490852356,-0.4169776141643524,-0.08056360772022231,-0.05888664722442627,-0.22115924954414368,-0.035005229619827105,-0.06611979007720947,-0.27444371581077576,-0.0876185103333853,-0.0518873929977417,-0.19015419483184814,-0.10466616144546492,-0.04049164056777954,-0.12445604801177979,-0.1040156438029669,-0.011688232421875,-0.22564643621444702,-0.04042127272256835,-0.012077689170837402,-0.2932479679584503,-0.0878372146762274,-0.011973381042480469,-0.21806886792182922,-0.08946510693201049,-0.009068429470062256,-0.156119704246521,-0.07702877661355956,0.03198975324630737,-0.22142359614372253,-0.04854916324981673,0.06511932611465454,-0.2971871495246887,-0.07733903369077666,0.08865845203399658,-0.3521798849105835,-0.08503875425228102,0.10769116878509521,-0.41101008653640747,-0.08501492729553206,right
0.0,0.0,0.0,-0.07542192935943604,-0.013323664665222168,-0.03288850171992408,-0.1486731767654419,-0.07962530851364136,-0.05276526866981612,-0.20055866241455078,-0.1333363652229309,-0.07348086296150314,-0.24139517545700073,-0.16630703210830688,-0.09296121059486495,-0.11416101455688477,-0.19589930772781372,-0.03623710183927642,-0.14998269081115723,-0.2983750104904175,-0.06322460232803451,-0.16736632585525513,-0.3529725670814514,-0.07640113292762862,-0.17754727602005005,-0.40540367364883423,-0.08546794562170135,-0.06815725564956665,-0.21586823463439941,-0.03809527664014922,-0.08270907402038574,-0.26725122332572937,-0.09194677679369079,-0.06717294454574585,-0.18226826190948486,-0.10817093758413421,-0.05323660373687744,-0.1170123815536499,-0.10692068545648681,-0.020854651927947998,-0.2221447229385376,-0.04360760732123481,-0.027017652988433838,-0.28651103377342224,-0.09221791087219344,-0.026385486125946045,-0.20843857526779175,-0.09280616401264297,-0.022649049758911133,-0.14513123035430908,-0.07954508422443496,0.02390432357788086,-0.22008997201919556,-0.05184382183978187,0.05292034149169922,-0.29706552624702454,-0.08289017139503585,0.07367289066314697,-0.35388344526290894,-0.09155046551057922,0.08998143672943115,-0.4149450659751892,-0.09195121733972655,right
0.0,0.0,0.0,-0.07289886474609375,-0.01295095682144165,-0.03217627940804846,-0.14585137367248535,-0.07951629161834717,-0.05237593961984999,-0.2003229856491089,-0.1315280795097351,-0.07447756914527304,-0.2442266345024109,-0.1585405468940735,-0.09605615673692114,-0.11714112758636475,-0.19697755575180054,-0.036095713210414715,-0.15792304277420044,-0.29925036430358887,-0.06394484726817495,-0.17776137590408325,-0.35311734676361084,-0.07693551568419821,-0.18937897682189941,-0.4036828279495239,-0.0854252213063944,-0.07241666316986084,-0.21656984090805054,-0.038404268157790966,-0.08989053964614868,-0.26568880677223206,-0.0936283924999941,-0.07382857799530029,-0.18004828691482544,-0.10985232232243902,-0.06044250726699829,-0.11381828784942627,-0.10821705399186499,-0.025020956993103027,-0.22274962067604065,-0.044377480578731365,-0.03284257650375366,-0.28379613161087036,-0.09538225172192938,-0.03105694055557251,-0.19963568449020386,-0.0959990852895487,-0.02700132131576538,-0.13338690996170044,-0.0815320694270838,0.02054065465927124,-0.2199433445930481,-0.05293264327676184,0.046500563621520996,-0.29876652359962463,-0.08456722734601385,0.06643295288085938,-0.35568928718566895,-0.09291506646306402,0.08087557554244995,-0.4172385036945343,-0.09273382363946325,right
0.0,0.0,0.0,-0.07437276840209961,-0.01386028528213501,-0.029402489677721633,-0.14761650562286377,-0.08646106719970703,-0.04644864881103672,-0.19826143980026245,-0.14314180612564087,-0.06448105433648266,-0.2408769130706787,-0.17407256364822388,-0.08158518830006756,-0.11063605546951294,-0.19672471284866333,-0.034817126483375205,-0.14743834733963013,-0.2988075017929077,-0.06068658167188801,-0.16658622026443481,-0.35359710454940796,-0.07272597113316692,-0.17910420894622803,-0.4058978259563446,-0.08120238491957821,-0.0646563172340393,-0.2154792845249176,-0.03788083502715267,-0.08088362216949463,-0.26791897416114807,-0.09068847158616222,-0.06644576787948608,-0.18052774667739868,-0.1055067376202885,-0.05257898569107056,-0.11391311883926392,-0.1034589231914822,-0.017315030097961426,-0.2206806242465973,-0.04419485190575756,-0.024197161197662354,-0.28732797503471375,-0.09187565454905666,-0.02425593137741089,-0.21206358075141907,-0.09169976869290508,-0.020526587963104248,-0.1499432921409607,-0.07826719144051708,0.027416527271270752,-0.218032568693161,-0.05284613081877865,0.05674070119857788,-0.2973947525024414,-0.0831654564446751,0.07750624418258667,-0.35434162616729736,-0.09127993592684902,0.09358370304107666,-0.41444525122642517,-0.09164161691134609,right
0.0,0.0,0.0,-0.07582598924636841,-0.01967942714691162,-0.03145218892548485,-0.14872419834136963,-0.09615468978881836,-0.05031064777229233,-0.19865864515304565,-0.15733599662780762,-0.07016295446608467,-0.2400156855583191,-0.19437271356582642,-0.08912579967234535,-0.10734963417053223,-0.20473846793174744,-0.03776486469958229,-0.1395670771598816,-0.30932438373565674,-0.06567448629591865,-0.15629804134368896,-0.3648339509963989,-0.0792542274162571,-0.16615700721740723,-0.4178909361362457,-0.08848738922331734,-0.05890083312988281,-0.2207016944885254,-0.04064284144494934,-0.06888341903686523,-0.27426373958587646,-0.09448743118498726,-0.054952800273895264,-0.18735545873641968,-0.11044014497254295,-0.04333949089050293,-0.12125158309936523,-0.10934508843872948,-0.01014941930770874,-0.22345000505447388,-0.0469283524021904,-0.011114239692687988,-0.2918144166469574,-0.09634409351799889,-0.009983956813812256,-0.21508583426475525,-0.09736781819317741,-0.006801605224609375,-0.15284812450408936,-0.0845107610389988,0.0349733829498291,-0.2183675765991211,-0.055635682033042144,0.06783205270767212,-0.29776233434677124,-0.08692541225407524,0.0912930965423584,-0.35415855050086975,-0.09559392436001701,0.10990911722183228,-0.41498446464538574,-0.09627224756930275,right
0.0,0.0,0.0,-0.07662904262542725,-0.02465200424194336,-0.033024248887301155,-0.14686250686645508,-0.10492515563964844,-0.05232590924620695,-0.19423586130142212,-0.1703454852104187,-0.07280851270675726,-0.23539716005325317,-0.20902273058891296,-0.0928143572402007,-0.10129964351654053,-0.21314552426338196,-0.03576706837534971,-0.13035064935684204,-0.3176313042640686,-0.06310705210685796,-0.1433970332145691,-0.37527239322662354,-0.07626290734529562,-0.14931803941726685,-0.43010056018829346,-0.08488442863941259,-0.04998379945755005,-0.22489553689956665,-0.038310938735008904,-0.05237925052642822,-0.28410804271698,-0.09285160269260473,-0.038601040840148926,-0.19874724745750427,-0.111394011635781,-0.028934478759765625,-0.13079595565795898,-0.11125626530170507,-0.00037229061126708984,-0.2252679169178009,-0.044121557135582634,0.0046471357345581055,-0.2959056794643402,-0.09469026442289419,0.00617450475692749,-0.2195236086845398,-0.09869182224989004,0.0089760422706604,-0.15713787078857422,-0.0868518140506751,0.04489004611968994,-0.21777960658073425,-0.05229271690964765,0.08111882209777832,-0.2951871156692505,-0.08212178315639562,0.10763001441955566,-0.3504795432090759,-0.09036747481346197,0.12867623567581177,-0.4107309877872467,-0.0906384151768691,right
0.0,0.0,0.0,-0.0799054503440857,-0.026783883571624756,-0.03370508587124732,-0.1500757932662964,-0.10677945613861084,-0.053868476656703024,-0.19490832090377808,-0.1759934425354004,-0.07522128557923224,-0.23338311910629272,-0.22415629029273987,-0.09575279837611106,-0.10268718004226685,-0.21983978152275085,-0.0357062186873236,-0.12619423866271973,-0.32910412549972534,-0.06495375221732047,-0.13737565279006958,-0.3873717784881592,-0.07944510167601493,-0.1412661075592041,-0.4421556293964386,-0.08858392423155692,-0.050211191177368164,-0.22940045595169067,-0.03840208089116004,-0.04359304904937744,-0.2919880747795105,-0.09474983101847556,-0.029241204261779785,-0.20437127351760864,-0.11334525829317954,-0.021230220794677734,-0.13489961624145508,-0.11290107702973273,0.0011385679244995117,-0.2281249761581421,-0.044634778407839804,0.016761302947998047,-0.3014703094959259,-0.0969210792160311,0.019318461418151855,-0.2213735580444336,-0.09889543837073234,0.019872188568115234,-0.15679162740707397,-0.08533033764126685,0.04745107889175415,-0.21889162063598633,-0.05333554780247596,0.08433377742767334,-0.2969892621040344,-0.08365887439015296,0.11269670724868774,-0.34777963161468506,-0.08991016483071235,0.13622301816940308,-0.4039698541164398,-0.0884541574693003,right
0.0,0.0,0.0,-0.07689368724822998,-0.03397578001022339,-0.0389764700074835,-0.14118432998657227,-0.11460369825363159,-0.062020616604868906,-0.18263232707977295,-0.18464437127113342,-0.08503080345589353,-0.2211551070213318,-0.23452693223953247,-0.10698801465231611,-0.0932081937789917,-0.22752314805984497,-0.04096959717470838,-0.11100554466247559,-0.33661940693855286,-0.07169917412001325,-0.11783665418624878,-0.39788058400154114,-0.08718327619034483,-0.11779135465621948,-0.4538843482732773,-0.09634639508921339,-0.03896874189376831,-0.23315206170082092,-0.040489932521168726,-0.024367690086364746,-0.29703736305236816,-0.09846306778389646,-0.011156797409057617,-0.21392345428466797,-0.11912729777294828,-0.00641787052154541,-0.1456151008605957,-0.11905207671124174,0.011447548866271973,-0.22935953736305237,-0.04366522841054632,0.0326504111289978,-0.30359888076782227,-0.09753900952536299,0.03498572111129761,-0.22272810339927673,-0.10219773091274931,0.03487187623977661,-0.15758049488067627,-0.08942897803980543,0.05445820093154907,-0.21788421273231506,-0.04946948401529028,0.09009838104248047,-0.28871333599090576,-0.08044360764223768,0.11804544925689697,-0.33358103036880493,-0.08819845504957868,0.14336514472961426,-0.38478124141693115,-0.0871380586167021,right
0.0,0.0,0.0,-0.07856440544128418,-0.027154922485351562,-0.033576220884796726,-0.14474862813949585,-0.10742467641830444,-0.05335000590967809,-0.1860727071762085,-0.17657560110092163,-0.07404590086626683,-0.22165238857269287,-0.2256009578704834,-0.09382299022364293,-0.09862661361694336,-0.22002801299095154,-0.03693184317636167,-0.11879605054855347,-0.32996082305908203,-0.06596105979370748,-0.1262669563293457,-0.38771548867225647,-0.08033847497391378,-0.12747979164123535,-0.4423241913318634,-0.08939870880531942,-0.047488391399383545,-0.22776171565055847,-0.03897016929077779,-0.03828161954879761,-0.29310178756713867,-0.09364054040598546,-0.0220949649810791,-0.2077103853225708,-0.11167034940409337,-0.014601588249206543,-0.140220046043396,-0.11132734702515279,0.0026350021362304688,-0.22644394636154175,-0.04447785826015149,0.019237875938415527,-0.30393072962760925,-0.09441033439325963,0.02309328317642212,-0.22642910480499268,-0.09643632607149755,0.024541795253753662,-0.16369718313217163,-0.08359662877010976,0.04779505729675293,-0.217243492603302,-0.052557111397263157,0.08666515350341797,-0.29280054569244385,-0.08184389458584462,0.11540365219116211,-0.342087060213089,-0.08887914256739293,0.1393665075302124,-0.398352712392807,-0.08827510909723912,right
0.0,0.0,0.0,-0.07466006278991699,-0.02478313446044922,-0.033817530249081074,-0.14225387573242188,-0.10483801364898682,-0.05317563248129886,-0.18700355291366577,-0.17122089862823486,-0.07330548820348781,-0.22594135999679565,-0.21099597215652466,-0.09272069541069072,-0.09686893224716187,-0.2152920365333557,-0.03587713522168201,-0.12150287628173828,-0.3204333186149597,-0.06341327783914608,-0.13168936967849731,-0.37822598218917847,-0.07706011888834041,-0.1347765326499939,-0.43248268961906433,-0.08572362420412105,-0.047347307205200195,-0.2255363166332245,-0.03730988559576076,-0.04588896036148071,-0.285742849111557,-0.0916802441820721,-0.031987667083740234,-0.20153632760047913,-0.11054729727359813,-0.02283787727355957,-0.13266456127166748,-0.11024380532356304,0.0011652112007141113,-0.22569894790649414,-0.04202027675958675,0.008636236190795898,-0.29643696546554565,-0.091223702405415,0.010012626647949219,-0.22292611002922058,-0.09556140807720226,0.01240551471710205,-0.1616445779800415,-0.0839362820729832,0.04549211263656616,-0.21787941455841064,-0.0492395056531052,0.08126199245452881,-0.29355737566947937,-0.07722769734712642,0.10707199573516846,-0.34691372513771057,-0.08480718043895763,0.12796717882156372,-0.4041055142879486,-0.08457538542600673,right
0.0,0.0,0.0,-0.0775306224822998,-0.020747125148773193,-0.033522078358970475,-0.14770424365997314,-0.09692811965942383,-0.053611849957547975,-0.19518250226974487,-0.16142380237579346,-0.07470351230486472,-0.23674583435058594,-0.20019271969795227,-0.09473600011452277,-0.10486352443695068,-0.2046802043914795,-0.03519723337277014,-0.13380181789398193,-0.31003281474113464,-0.06202125322207053,-0.14765268564224243,-0.36560362577438354,-0.07467948418243964,-0.15411287546157837,-0.41869375109672546,-0.08307967852934439,-0.05743056535720825,-0.21976524591445923,-0.03720554109796126,-0.06532001495361328,-0.27384981513023376,-0.0912847570715769,-0.05276894569396973,-0.18857359886169434,-0.10822114121302207,-0.04195934534072876,-0.12179160118103027,-0.1070243246494158,-0.009741127490997314,-0.2220650017261505,-0.04279176291211684,-0.009668052196502686,-0.2881072461605072,-0.09181863587483008,-0.010902583599090576,-0.21283042430877686,-0.09349139552696784,-0.009150207042694092,-0.1514071822166443,-0.08047337602957327,0.034577786922454834,-0.21625524759292603,-0.051081357115350556,0.06717574596405029,-0.2935104966163635,-0.08074044209107001,0.09038317203521729,-0.34947749972343445,-0.08852648507937033,0.10900527238845825,-0.40856873989105225,-0.08833040814980109,right
0.0,0.0,0.0,-0.07446002960205078,-0.014773905277252197,-0.030437631477923333,-0.1463039517402649,-0.08492648601531982,-0.048671318163485466,-0.1950783133506775,-0.14248889684677124,-0.06775259779891485,-0.235451340675354,-0.17752748727798462,-0.08551207738122457,-0.1113588809967041,-0.1984539031982422,-0.03567912610373014,-0.1447417140007019,-0.303099125623703,-0.062027143259854256,-0.16071057319641113,-0.35854655504226685,-0.07486557768783086,-0.1700419783592224,-0.4119950532913208,-0.08373646991452688,-0.0654870867729187,-0.21622782945632935,-0.038207577486844,-0.07947903871536255,-0.2661316692829132,-0.09071858780583852,-0.06427735090255737,-0.18078351020812988,-0.10604508029422277,-0.05118429660797119,-0.11539489030838013,-0.10453938501080984,-0.01798391342163086,-0.22140398621559143,-0.044079953749985634,-0.024616360664367676,-0.28585943579673767,-0.09127528028687948,-0.02313131093978882,-0.2109001874923706,-0.09143356787166113,-0.018651902675628662,-0.14871007204055786,-0.07837191032371038,0.02737373113632202,-0.2191663682460785,-0.05244413571557516,0.056281864643096924,-0.29753145575523376,-0.08230647998055929,0.07672804594039917,-0.3546655774116516,-0.0902795250912618,0.09300440549850464,-0.41436776518821716,-0.0904735456605863,right
0.0,0.0,0.0,-0.07334184646606445,-0.012355029582977295,-0.02976669822714939,-0.14616233110427856,-0.08150213956832886,-0.04774477411888256,-0.1969360113143921,-0.1375586986541748,-0.0671204299189867,-0.2396162748336792,-0.1681022047996521,-0.0854958862521471,-0.11491602659225464,-0.19628798961639404,-0.03465389911912098,-0.151419997215271,-0.2982989549636841,-0.0621484972991766,-0.17018210887908936,-0.3531452417373657,-0.07555435304425373,-0.18230628967285156,-0.4057164788246155,-0.08501636688492908,-0.06936317682266235,-0.21522021293640137,-0.03783477549336567,-0.08822447061538696,-0.26296842098236084,-0.09264110480330601,-0.07141584157943726,-0.1742638349533081,-0.10813764934323444,-0.05592763423919678,-0.10839849710464478,-0.10644387905381336,-0.021780848503112793,-0.22074005007743835,-0.044519972846728706,-0.03081601858139038,-0.282859206199646,-0.09418671284697666,-0.029345571994781494,-0.20372503995895386,-0.09356538657925739,-0.02464127540588379,-0.1398378610610962,-0.07935795639536991,0.023415863513946533,-0.21840912103652954,-0.053651285217029,0.05046272277832031,-0.29577869176864624,-0.08589166854403629,0.07000976800918579,-0.35360589623451233,-0.0947068602301897,0.08446520566940308,-0.4159150719642639,-0.09524203543446674,right
0.0,0.0,0.0,-0.06623435020446777,-0.04366081953048706,-0.031342784174825056,-0.11231982707977295,-0.11443686485290527,-0.05545994103803764,-0.11549639701843262,-0.20062458515167236,-0.07929129362955223,-0.08217126131057739,-0.2587871253490448,-0.10207892418756614,-0.11327987909317017,-0.18900233507156372,-0.036230078199054105,-0.1708659529685974,-0.2716670036315918,-0.0644385090555204,-0.19574028253555298,-0.3259649872779846,-0.08249268145218025,-0.21090292930603027,-0.3702116012573242,-0.0949558413113607,-0.0755929946899414,-0.2109764814376831,-0.030877905198479993,-0.10650742053985596,-0.28014257550239563,-0.05972613231196533,-0.08965909481048584,-0.1994495987892151,-0.06157956481828819,-0.07809621095657349,-0.1690191626548767,-0.05836681113495956,-0.03606724739074707,-0.22550061345100403,-0.02930630394175182,-0.05828303098678589,-0.2861301898956299,-0.05558736459269653,-0.052630841732025146,-0.20463436841964722,-0.046673244097377165,-0.04399675130844116,-0.14564675092697144,-0.03438792214646469,0.007025718688964844,-0.22893905639648438,-0.03143779770388733,0.01884937286376953,-0.3177487254142761,-0.05160738737239967,0.035164713859558105,-0.3793388307094574,-0.0574199466492189,0.04883486032485962,-0.437582790851593,-0.059591526397611005,space
0.0,0.0,0.0,-0.06507569551467896,-0.04565960168838501,-0.03521072347191989,-0.11011266708374023,-0.11645621061325073,-0.06474030618099391,-0.11373645067214966,-0.2053021788597107,-0.09447035048631847,-0.07800102233886719,-0.262841135263443,-0.12369444821504771,-0.11566674709320068,-0.18736913800239563,-0.04215631489185512,-0.17155992984771729,-0.2725484073162079,-0.07331301127103984,-0.19545501470565796,-0.3273431956768036,-0.08936869953302562,-0.20924150943756104,-0.3634025454521179,-0.09813180421022594,-0.07842326164245605,-0.21119624376296997,-0.03505116928843677,-0.10067254304885864,-0.28024524450302124,-0.057937061828653214,-0.08748257160186768,-0.20377373695373535,-0.05129173998264491,-0.07964539527893066,-0.18568795919418335,-0.04244685400752246,-0.03750675916671753,-0.22762545943260193,-0.03272979934243381,-0.05097198486328125,-0.29232358932495117,-0.05556473363665759,-0.04875153303146362,-0.21131104230880737,-0.039624477219859955,-0.04727131128311157,-0.1536414623260498,-0.022622522381226418,0.004102110862731934,-0.23114079236984253,-0.03497090418366611,0.014954328536987305,-0.31694141030311584,-0.05362876359848201,0.030593454837799072,-0.3773300051689148,-0.0568147324445647,0.043566226959228516,-0.43371373414993286,-0.05643315468458354,space
0.0,0.0,0.0,-0.06464159488677979,-0.04806101322174072,-0.03816039328444276,-0.10479563474655151,-0.12395346164703369,-0.06706119169461999,-0.10259723663330078,-0.21142986416816711,-0.09681720127332483,-0.06254315376281738,-0.26727500557899475,-0.1262575074003962,-0.11055904626846313,-0.19585129618644714,-0.03626326684820924,-0.1626652479171753,-0.2766648530960083,-0.06959957470166955,-0.18522167205810547,-0.3287738561630249,-0.08800532509553705,-0.19880342483520508,-0.36658596992492676,-0.09723494042623315,-0.07084554433822632,-0.21635979413986206,-0.028511496530654767,-0.0852479338645935,-0.2789677381515503,-0.058136033164146284,-0.0713965892791748,-0.20636677742004395,-0.05847103734481607,-0.06488418579101562,-0.18330031633377075,-0.05195228223669801,-0.02672111988067627,-0.22930312156677246,-0.026297118784668783,-0.035041213035583496,-0.29065755009651184,-0.055435100840213636,-0.034270524978637695,-0.20748278498649597,-0.046435104952934125,-0.035650014877319336,-0.1505289077758789,-0.03108916272390161,0.015862762928009033,-0.23112866282463074,-0.028440205650213102,0.029698550701141357,-0.3139773905277252,-0.04712010015714441,0.04806685447692871,-0.37081146240234375,-0.050750343398931363,0.0631101131439209,-0.42566971480846405,-0.04958846260774408,space
0.0,0.0,0.0,-0.06355428695678711,-0.04598647356033325,-0.02461915259135594,-0.10343116521835327,-0.12195038795471191,-0.04640133661104073,-0.10085737705230713,-0.20724233984947205,-0.06937494856191506,-0.06676816940307617,-0.2584947645664215,-0.09226250630689492,-0.10674512386322021,-0.1855008602142334,-0.0353123916394793,-0.1593465805053711,-0.26974761486053467,-0.06515999865604272,-0.18259447813034058,-0.3230254054069519,-0.08376400899959435,-0.19592565298080444,-0.362728476524353,-0.09591510129047265,-0.06941139698028564,-0.20946961641311646,-0.03235790115667214,-0.08707678318023682,-0.2754932641983032,-0.05769471061302056,-0.07697319984436035,-0.20033130049705505,-0.05671517533136239,-0.06870466470718384,-0.17608588933944702,-0.052571624339350365,-0.02886199951171875,-0.223985493183136,-0.03227391076160302,-0.03865844011306763,-0.2846372425556183,-0.05481469613386025,-0.040184855461120605,-0.20861339569091797,-0.03973912057352891,-0.03952455520629883,-0.15150892734527588,-0.024188605890401504,0.012253820896148682,-0.22241824865341187,-0.03565691021157136,0.02649599313735962,-0.3064395487308502,-0.05349503439737191,0.0426974892616272,-0.3649449050426483,-0.053870796979197166,0.05602830648422241,-0.4183025658130646,-0.05168534424973359,space
0.0,0.0,0.0,-0.061833322048187256,-0.03615593910217285,-0.02227982732432565,-0.1082301139831543,-0.10942119359970093,-0.035869250474149794,-0.1075429916381836,-0.18933480978012085,-0.0518316239394494,-0.07612484693527222,-0.24259445071220398,-0.0668070301689454,-0.11071538925170898,-0.18543213605880737,-0.016401578141028494,-0.1607213020324707,-0.2591937482357025,-0.04175503033178529,-0.18694984912872314,-0.3069537281990051,-0.05850087705033502,-0.20438152551651,-0.35364291071891785,-0.07018040719407281,-0.07398772239685059,-0.20794564485549927,-0.01809870305436334,-0.0960226058959961,-0.2684635818004608,-0.057946267006570906,-0.07954466342926025,-0.19790399074554443,-0.07044119241612634,-0.06789129972457886,-0.149461030960083,-0.07012031826155862,-0.03297770023345947,-0.21799209713935852,-0.022864422229702086,-0.0465206503868103,-0.27384671568870544,-0.06088970455306253,-0.042862117290496826,-0.19714659452438354,-0.0570084773279973,-0.03660309314727783,-0.13714492321014404,-0.042476741997177214,0.008617639541625977,-0.21847519278526306,-0.029980231476599783,0.020961999893188477,-0.3009955883026123,-0.05490625503438196,0.033975839614868164,-0.3579830527305603,-0.05839050787466249,0.043139636516571045,-0.412101149559021,-0.05548602568882188,space
0.0,0.0,0.0,-0.0632317066192627,-0.030190467834472656,-0.026853313174029836,-0.11334079504013062,-0.09503227472305298,-0.04263867388286258,-0.11763399839401245,-0.17438888549804688,-0.06031933749832774,-0.090190589427948,-0.23309555649757385,-0.07647101159014369,-0.1154821515083313,-0.17673158645629883,-0.016063073154469976,-0.1683993935585022,-0.24895381927490234,-0.04145721669115687,-0.19640105962753296,-0.29678910970687866,-0.058266899984261045,-0.21590334177017212,-0.3422697186470032,-0.06975992346920634,-0.07954633235931396,-0.19981732964515686,-0.016314086940070638,-0.10691004991531372,-0.2576958239078522,-0.05951548690714503,-0.08615875244140625,-0.18772882223129272,-0.07544941778101588,-0.07107317447662354,-0.13686728477478027,-0.07623758490004207,-0.03981959819793701,-0.2122752070426941,-0.020152883108636388,-0.05967837572097778,-0.2645922601222992,-0.06077008272328044,-0.05124175548553467,-0.18914824724197388,-0.060522321116110334,-0.0398373007774353,-0.12894576787948608,-0.04729862089075709,0.0012929439544677734,-0.21616557240486145,-0.026633157830616483,0.0098763108253479,-0.2980186343193054,-0.052095617603441724,0.020048677921295166,-0.3561381697654724,-0.057328339170595655,0.02657318115234375,-0.4099544882774353,-0.055296379577299604,space
0.0,0.0,0.0,-0.061246395111083984,-0.0304337739944458,-0.028497712205847847,-0.11084902286529541,-0.09913194179534912,-0.04429733891387855,-0.114773690700531,-0.18041068315505981,-0.06212730843921577,-0.0861082673072815,-0.23817196488380432,-0.07829915497799789,-0.11403828859329224,-0.17740017175674438,-0.0151476566528288,-0.1661168336868286,-0.247187077999115,-0.0400298437883464,-0.19410288333892822,-0.29284918308258057,-0.05567402530809318,-0.2117871642112732,-0.3391972482204437,-0.06602393601437484,-0.07755881547927856,-0.20115602016448975,-0.015183699767788994,-0.10260564088821411,-0.2614378333091736,-0.06076618794699584,-0.08441531658172607,-0.191986083984375,-0.07832608882685577,-0.06989127397537231,-0.13870245218276978,-0.079111223559579,-0.03704679012298584,-0.21343544125556946,-0.01882091675301467,-0.054409027099609375,-0.27035003900527954,-0.06236510116954719,-0.047936856746673584,-0.1951218843460083,-0.06358150903483306,-0.0388636589050293,-0.13369816541671753,-0.05007058520217811,0.004287600517272949,-0.2164900302886963,-0.025057119767865288,0.011950314044952393,-0.29920756816864014,-0.050280341397723305,0.02123725414276123,-0.3573443293571472,-0.05478797246118461,0.025513887405395508,-0.41136106848716736,-0.051892252158125984,space
0.0,0.0,0.0,-0.0629306435585022,-0.03917419910430908,-0.021527537035183286,-0.10832935571670532,-0.11227667331695557,-0.03525124199910579,-0.10951054096221924,-0.1947198212146759,-0.05234821595473704,-0.07869750261306763,-0.2486376166343689,-0.06901388697548327,-0.11363768577575684,-0.1875457465648651,-0.011350298190848207,-0.16326957941055298,-0.26067864894866943,-0.03658947058244166,-0.1893724799156189,-0.307794451713562,-0.052889776306585645,-0.2054172158241272,-0.35354360938072205,-0.0630975224844974,-0.07664090394973755,-0.210880309343338,-0.014328254277245378,-0.09496104717254639,-0.27379199862480164,-0.05668506108446536,-0.07998049259185791,-0.20605748891830444,-0.0726127036683124,-0.07006889581680298,-0.15320509672164917,-0.07304873399658618,-0.03440505266189575,-0.22170263528823853,-0.020319390001134252,-0.04485630989074707,-0.2816576659679413,-0.06097813777847705,-0.042838990688323975,-0.2077089250087738,-0.060472355114654874,-0.04023706912994385,-0.1477956771850586,-0.04671957425995288,0.007741332054138184,-0.2221950888633728,-0.028245094122723913,0.01754939556121826,-0.30695727467536926,-0.050333564060167646,0.030205368995666504,-0.3639489412307739,-0.05157619796915469,0.03778338432312012,-0.4159117341041565,-0.0469142467550796,space
0.0,0.0,0.0,-0.06099003553390503,-0.04661738872528076,-0.021088182657933885,-0.09933924674987793,-0.12969344854354858,-0.03359220895168846,-0.08961611986160278,-0.21438580751419067,-0.0492624153494603,-0.05228477716445923,-0.2613387107849121,-0.06471718448398178,-0.10561639070510864,-0.19932198524475098,-0.011155376873887235,-0.15458250045776367,-0.27447614073753357,-0.03735965463516777,-0.17940795421600342,-0.32425153255462646,-0.056297573924041444,-0.19542652368545532,-0.3702380657196045,-0.06810415136811798,-0.06571781635284424,-0.21859627962112427,-0.013449724495387727,-0.07676166296005249,-0.283661812543869,-0.057131986796832734,-0.06302976608276367,-0.21471834182739258,-0.07601790475843018,-0.056158602237701416,-0.15938818454742432,-0.07819908457992142,-0.02128612995147705,-0.22698795795440674,-0.018194585770345384,-0.02192521095275879,-0.2896508276462555,-0.05818233984706467,-0.02484351396560669,-0.21510928869247437,-0.05836531493065422,-0.028872966766357422,-0.1534637212753296,-0.0451749970316655,0.02172952890396118,-0.2241537868976593,-0.024813210323429757,0.03614717721939087,-0.3063419461250305,-0.044833399087167436,0.052703917026519775,-0.36157307028770447,-0.04418014335630005,0.06355637311935425,-0.4144083857536316,-0.03825291964409416,space
0.0,0.0,0.0,-0.06241399049758911,-0.05441325902938843,-0.027413419693886,-0.10079962015151978,-0.13803088665008545,-0.04837272620218869,-0.08950382471084595,-0.22794845700263977,-0.0717724182309496,-0.04862695932388306,-0.27739575505256653,-0.0950747497977602,-0.11059349775314331,-0.20852625370025635,-0.024756488636313634,-0.1578693985939026,-0.2937552332878113,-0.05445855414885159,-0.17960494756698608,-0.3491264283657074,-0.0722330727280962,-0.19268733263015747,-0.39486926794052124,-0.08324515005963917,-0.06859034299850464,-0.22942933440208435,-0.021997771471916394,-0.07234400510787964,-0.29074937105178833,-0.05217133766430493,-0.06374251842498779,-0.2166387140750885,-0.05360434880870457,-0.05955219268798828,-0.19160836935043335,-0.048369269132791715,-0.02240687608718872,-0.23815882205963135,-0.02349948628264542,-0.017852365970611572,-0.3017445206642151,-0.054270400911747174,-0.022662103176116943,-0.2186337411403656,-0.041715028941808896,-0.02875494956970215,-0.15826207399368286,-0.024004738092600064,0.01993727684020996,-0.23354297876358032,-0.028537254095255093,0.0379214882850647,-0.31349581480026245,-0.05025361409801121,0.05752307176589966,-0.3694162368774414,-0.051690790116964536,0.0741315484046936,-0.4237056225538254,-0.048335581332622723,space
0.0,0.0,0.0,-0.06352287530899048,-0.05375778675079346,-0.026682216464990915,-0.0963749885559082,-0.14050209522247314,-0.0466064715529626,-0.0793946385383606,-0.22928202152252197,-0.06859943808566982,-0.037534117698669434,-0.27767595648765564,-0.0910224074269479,-0.10763883590698242,-0.2158833146095276,-0.030315547972435297,-0.15270394086837769,-0.3104153871536255,-0.06271356137048656,-0.17364168167114258,-0.37109339237213135,-0.08338149429809505,-0.18543076515197754,-0.4190419018268585,-0.09631490500223094,-0.062288761138916016,-0.2350972592830658,-0.027415919839853586,-0.06430405378341675,-0.2981761395931244,-0.05979205833327228,-0.057919085025787354,-0.21958893537521362,-0.06391596586954051,-0.05430823564529419,-0.1908228099346161,-0.060785753443354906,-0.014380812644958496,-0.24262195825576782,-0.028069777205104174,-0.005229473114013672,-0.3002946376800537,-0.05910442189824039,-0.013356029987335205,-0.21638202667236328,-0.04732882024299556,-0.023392319679260254,-0.15489310026168823,-0.030401406600589098,0.029087960720062256,-0.2362234890460968,-0.03208272696983272,0.049068331718444824,-0.3205489218235016,-0.05467999519359523,0.07348459959030151,-0.3765900135040283,-0.056338438555116,0.09512096643447876,-0.4296954721212387,-0.053128579422349276,space
0.0,0.0,0.0,-0.05779218673706055,-0.04344487190246582,-0.023111612529021386,-0.09051746129989624,-0.12958180904388428,-0.0358078638021766,-0.0723997950553894,-0.20910125970840454,-0.052271963090163354,-0.033720552921295166,-0.2529487907886505,-0.06863308417842973,-0.09663623571395874,-0.2132166028022766,-0.015763397321563843,-0.14222180843353271,-0.29470425844192505,-0.04356753918574441,-0.16525572538375854,-0.3522806167602539,-0.061151680529576424,-0.1782800555229187,-0.40473827719688416,-0.07101120519683946,-0.05401879549026489,-0.229676753282547,-0.018496791825157288,-0.05627471208572388,-0.2881355285644531,-0.06614073830888856,-0.04940575361251831,-0.216777503490448,-0.08515801745699036,-0.048180997371673584,-0.15882998704910278,-0.08581469672964204,-0.007535278797149658,-0.23535600304603577,-0.0238114250753938,-0.001197516918182373,-0.2896610200405121,-0.07015675771282304,-0.009212672710418701,-0.21122008562088013,-0.07227426487253297,-0.017724454402923584,-0.14963573217391968,-0.057874356389504555,0.037419915199279785,-0.23225125670433044,-0.030695428133469704,0.05772256851196289,-0.31949570775032043,-0.05316723230527032,0.07868218421936035,-0.3728448748588562,-0.05220772045896638,0.09440487623214722,-0.42521238327026367,-0.04500186908290971,space
0.0,0.0,0.0,-0.05963617563247681,-0.030604243278503418,-0.02606170767353433,-0.1066862940788269,-0.11317521333694458,-0.03967182108567613,-0.10006070137023926,-0.19412189722061157,-0.05535729372309106,-0.06587374210357666,-0.24358803033828735,-0.06980330639885324,-0.11111021041870117,-0.2012423276901245,-0.021413627577885563,-0.16023904085159302,-0.2837943732738495,-0.047581089226468976,-0.1868913769721985,-0.3409515619277954,-0.06349831217335122,-0.20437520742416382,-0.39392024278640747,-0.07428369068907159,-0.07017165422439575,-0.2225654125213623,-0.02265865498588937,-0.08778280019760132,-0.2772486209869385,-0.0701875179390754,-0.07292044162750244,-0.20028555393218994,-0.08634331965254205,-0.062188923358917236,-0.14391815662384033,-0.08571985506819146,-0.025874733924865723,-0.23110532760620117,-0.02672887922631162,-0.036028146743774414,-0.28208351135253906,-0.07203218483732599,-0.034458816051483154,-0.20206588506698608,-0.07094861709879297,-0.031092703342437744,-0.13834911584854126,-0.055442371902927334,0.01797574758529663,-0.23104888200759888,-0.03298892968700784,0.03461700677871704,-0.3185434341430664,-0.061264955935939724,0.05205291509628296,-0.3774690628051758,-0.06523232304857629,0.06419813632965088,-0.4342697858810425,-0.06120533639000314,space
0.0,0.0,0.0,-0.06005638837814331,-0.024809956550598145,-0.025414742575776472,-0.1159711480140686,-0.09592515230178833,-0.04111598809231509,-0.11966115236282349,-0.17263847589492798,-0.058486033277404204,-0.09063106775283813,-0.2285456657409668,-0.0739458464549898,-0.11942529678344727,-0.1870894432067871,-0.025275692390096083,-0.1713346242904663,-0.26669082045555115,-0.05521957580913295,-0.20351189374923706,-0.3210674226284027,-0.0752598084973215,-0.2278599739074707,-0.371876060962677,-0.08968634535540332,-0.08074325323104858,-0.2099587321281433,-0.02707102899421443,-0.10611039400100708,-0.25653722882270813,-0.07411849130858172,-0.08498609066009521,-0.17853915691375732,-0.08920495589245547,-0.06959861516952515,-0.12731093168258667,-0.08969515939224948,-0.03797787427902222,-0.2225862443447113,-0.031922344164740935,-0.05504047870635986,-0.27197644114494324,-0.0742139630483507,-0.045656681060791016,-0.1898464560508728,-0.06841726978291263,-0.03479921817779541,-0.12459903955459595,-0.051710039423596754,0.0054743289947509766,-0.22841152548789978,-0.03949473802913417,0.015704095363616943,-0.3157871961593628,-0.06995116551388492,0.02843111753463745,-0.37756410241127014,-0.07488450040091266,0.037676453590393066,-0.4365626573562622,-0.07171664764155139,space
0.0,0.0,0.0,-0.06080937385559082,-0.0148087739944458,-0.029426241940456066,-0.12144410610198975,-0.0799829363822937,-0.048890256038504276,-0.13282710313796997,-0.15848326683044434,-0.06915746693928781,-0.10475337505340576,-0.22014492750167847,-0.08676859801133219,-0.12993109226226807,-0.18581241369247437,-0.02802216140051428,-0.1832231879234314,-0.26556336879730225,-0.06074673747141901,-0.2189655900001526,-0.3151657283306122,-0.08099787746985498,-0.2453429102897644,-0.36157286167144775,-0.09545896267016474,-0.09178709983825684,-0.21082007884979248,-0.02819622745235506,-0.12312304973602295,-0.25363388657569885,-0.07612329786141458,-0.09630703926086426,-0.16997390985488892,-0.08798488294203821,-0.07576507329940796,-0.12163692712783813,-0.08549125557263437,-0.04829061031341553,-0.22296291589736938,-0.032722410461502704,-0.07027697563171387,-0.26798000931739807,-0.07562509988864008,-0.05382806062698364,-0.18474900722503662,-0.0695607594164187,-0.03677242994308472,-0.12365734577178955,-0.05273625319321695,-0.0032899975776672363,-0.23079228401184082,-0.04034743150194231,0.0013475418090820312,-0.3161203861236572,-0.07431806688626352,0.010891735553741455,-0.3786740303039551,-0.08399091725667063,0.017806053161621094,-0.44138720631599426,-0.08392120962460581,space
0.0,0.0,0.0,-0.06093311309814453,-0.02154439687728882,-0.028961161900127763,-0.12048441171646118,-0.08710944652557373,-0.04739715978857362,-0.13278478384017944,-0.16492903232574463,-0.06697905138489091,-0.10692799091339111,-0.22437795996665955,-0.08446924463268601,-0.12803387641906738,-0.18429338932037354,-0.025483964759672517,-0.17866045236587524,-0.2653914988040924,-0.05618072376009309,-0.21127969026565552,-0.3169175386428833,-0.07558522448297822,-0.235637366771698,-0.3659035265445709,-0.08939455524441087,-0.08994227647781372,-0.20934325456619263,-0.02646330446359002,-0.12017887830734253,-0.25577664375305176,-0.07448021397348725,-0.09671038389205933,-0.1760430932044983,-0.08918479904886567,-0.07893252372741699,-0.12310028076171875,-0.08841043785568559,-0.046475350856781006,-0.2216750979423523,-0.031368826333249444,-0.06800293922424316,-0.27055519819259644,-0.07515946105476701,-0.053250133991241455,-0.192460834980011,-0.07173313275333726,-0.03831517696380615,-0.13089048862457275,-0.0560697585379728,-0.0024219155311584473,-0.22787782549858093,-0.03909983188268029,0.0034429430961608887,-0.3140389323234558,-0.07074432894941651,0.013299167156219482,-0.37661948800086975,-0.07845837697740876,0.019477665424346924,-0.437061607837677,-0.0772007636761316,space
0.0,0.0,0.0,-0.06036663055419922,-0.03112626075744629,-0.029695145967707504,-0.11453676223754883,-0.10127907991409302,-0.047270072805986274,-0.12089735269546509,-0.18074113130569458,-0.06707766484032618,-0.09258729219436646,-0.23941883444786072,-0.08494861255894648,-0.1187666654586792,-0.1878979206085205,-0.020133305522904266,-0.17232239246368408,-0.26491841673851013,-0.04938669334660517,-0.20345556735992432,-0.3175220787525177,-0.06729703228484141,-0.22556835412979126,-0.3661690354347229,-0.07893002610217081,-0.0805709958076477,-0.21123826503753662,-0.021431071865663398,-0.1056094765663147,-0.26681822538375854,-0.07194532285939204,-0.08483767509460449,-0.19426143169403076,-0.09036553483019816,-0.06916272640228271,-0.13805294036865234,-0.09081183950911509,-0.03788292407989502,-0.2223571538925171,-0.02648695576499449,-0.05484747886657715,-0.27392348647117615,-0.07474765013466822,-0.046368956565856934,-0.19539636373519897,-0.0742366595150088,-0.036122679710388184,-0.1308128833770752,-0.05815538968454348,0.004617631435394287,-0.2248375415802002,-0.03425271641026484,0.015122950077056885,-0.3105851113796234,-0.0643482414961909,0.02672410011291504,-0.3713500499725342,-0.06905345450650202,0.03289473056793213,-0.4264407157897949,-0.06504319440136896,space
0.0,0.0,0.0,-0.05808812379837036,-0.03605586290359497,-0.024260673892371187,-0.10387110710144043,-0.11338561773300171,-0.03772166020857526,-0.10003077983856201,-0.19186633825302124,-0.05373096488105489,-0.07144284248352051,-0.24637877941131592,-0.06843934975253774,-0.10853177309036255,-0.1978406310081482,-0.018367396888010035,-0.15734004974365234,-0.27660244703292847,-0.04386798686968518,-0.18393194675445557,-0.3310258984565735,-0.06007914267169667,-0.20051491260528564,-0.3827301859855652,-0.07099556199895574,-0.06733530759811401,-0.21690824627876282,-0.020655481365196238,-0.08762991428375244,-0.2739745080471039,-0.067179270309083,-0.07089275121688843,-0.19950640201568604,-0.08450024597036077,-0.05756533145904541,-0.14218974113464355,-0.0850007834254427,-0.022886574268341064,-0.224258154630661,-0.02560089923130704,-0.033573687076568604,-0.2763757109642029,-0.06885938368426991,-0.02916496992111206,-0.19675213098526,-0.06779545567619039,-0.023810267448425293,-0.13179820775985718,-0.05275568388091756,0.021037817001342773,-0.2232222855091095,-0.03279252744900418,0.034542083740234375,-0.3094716966152191,-0.05908570460664464,0.04900050163269043,-0.368009477853775,-0.06199405736910535,0.058012962341308594,-0.4233223795890808,-0.057397078943125734,space
0.0,0.0,0.0,-0.061830341815948486,-0.04493081569671631,-0.022760628956916662,-0.10087776184082031,-0.1280137300491333,-0.036586004543664785,-0.09074819087982178,-0.21178939938545227,-0.05399438296592507,-0.05171304941177368,-0.2586355209350586,-0.07164539699590478,-0.10476815700531006,-0.2047787308692932,-0.014518439072730871,-0.15232902765274048,-0.2850703299045563,-0.042458049255969854,-0.1761283278465271,-0.3404606282711029,-0.0610109299901751,-0.19050687551498413,-0.3912416398525238,-0.0719357535723475,-0.0638396143913269,-0.2234598696231842,-0.01678326097464833,-0.0727611780166626,-0.283418744802475,-0.061955294806125494,-0.06053858995437622,-0.21162354946136475,-0.07996292715108666,-0.0550609827041626,-0.15692031383514404,-0.08091472392118249,-0.01863771677017212,-0.23100629448890686,-0.021826979938509794,-0.01863396167755127,-0.28692886233329773,-0.06514758919513497,-0.020205020904541016,-0.20716148614883423,-0.06560282712018761,-0.02350294589996338,-0.1445009708404541,-0.051145120758178564,0.02480238676071167,-0.22850266098976135,-0.02862455812430653,0.04045301675796509,-0.31541308760643005,-0.050328239101531835,0.0594099760055542,-0.369628369808197,-0.049561857480171057,0.07317173480987549,-0.42096179723739624,-0.04279384692347321,space
0.0,0.0,0.0,-0.06223684549331665,-0.052990853786468506,-0.025692266574367295,-0.09827601909637451,-0.13950395584106445,-0.042281237593158494,-0.08190393447875977,-0.22724908590316772,-0.06148298194096924,-0.039713144302368164,-0.27575352787971497,-0.0807890642194593,-0.10856389999389648,-0.2135772407054901,-0.02043618557439686,-0.15316206216812134,-0.3018214702606201,-0.04846749936626793,-0.17475944757461548,-0.3565495014190674,-0.06639286612556816,-0.18745523691177368,-0.4067160487174988,-0.07775965814875008,-0.06454259157180786,-0.23241698741912842,-0.019936402490600358,-0.06536227464675903,-0.29362812638282776,-0.058452063402398835,-0.056753337383270264,-0.21751174330711365,-0.06985702847526909,-0.05406343936920166,-0.17461353540420532,-0.0693115565686071,-0.01748436689376831,-0.2387775480747223,-0.022768902754648934,-0.006066262722015381,-0.29863211512565613,-0.06105783318565727,-0.012408196926116943,-0.2154991328716278,-0.05613498871611,-0.02068537473678589,-0.15324455499649048,-0.04100219642208458,0.025290727615356445,-0.23298317193984985,-0.028184407552942048,0.044560253620147705,-0.3151208758354187,-0.051177759817107926,0.06600403785705566,-0.3678359091281891,-0.05264576261328102,0.0838010311126709,-0.41931629180908203,-0.04861159359501244,space
0.0,0.0,0.0,-0.060737013816833496,-0.048171043395996094,-0.023813685655170502,-0.09408801794052124,-0.1372053027153015,-0.03676083895521742,-0.07637965679168701,-0.22055187821388245,-0.05293647783952338,-0.03625446557998657,-0.26831260323524475,-0.06931777882533652,-0.09682732820510864,-0.20957466959953308,-0.013588343068533959,-0.13973349332809448,-0.2918640673160553,-0.039548034101301255,-0.16006547212600708,-0.34666597843170166,-0.05618258032160384,-0.17113399505615234,-0.39745408296585083,-0.0659858419294892,-0.0544169545173645,-0.22496122121810913,-0.015103923409753861,-0.05801016092300415,-0.2834882140159607,-0.0593865274186669,-0.04970049858093262,-0.2138209342956543,-0.07697275119977576,-0.04659014940261841,-0.16150379180908203,-0.07779416280942542,-0.00919950008392334,-0.22891047596931458,-0.019534634679132523,-0.002902507781982422,-0.28365451097488403,-0.06320740866618735,-0.010431170463562012,-0.20554205775260925,-0.06397606271463019,-0.018027424812316895,-0.14423739910125732,-0.049685025840574326,0.03311437368392944,-0.223056823015213,-0.02574085096972567,0.0532374382019043,-0.30576184391975403,-0.0484554304476319,0.07528024911880493,-0.3579615354537964,-0.048747023820453705,0.09283417463302612,-0.4079434871673584,-0.042722100644880356,space
0.0,0.0,0.0,-0.05830883979797363,-0.04297530651092529,-0.022581614474461276,-0.09616947174072266,-0.12932968139648438,-0.03406590401630183,-0.08397692441940308,-0.20870313048362732,-0.04849673613409777,-0.049811363220214844,-0.25606727600097656,-0.062030287380025584,-0.09858566522598267,-0.20608842372894287,-0.013904565865800578,-0.14344924688339233,-0.2860772907733917,-0.038101354534433085,-0.16559791564941406,-0.3402710258960724,-0.052519289697215754,-0.17831021547317505,-0.3912201523780823,-0.061555927539870936,-0.05822873115539551,-0.22301185131072998,-0.01654415755967875,-0.0706331729888916,-0.28083884716033936,-0.06232222720484515,-0.05982083082199097,-0.2096676230430603,-0.07872792139153262,-0.051964640617370605,-0.15331703424453735,-0.07805195256571551,-0.015028715133666992,-0.22800013422966003,-0.02197530112664481,-0.020989418029785156,-0.280357301235199,-0.06618518933157702,-0.023910701274871826,-0.20486149191856384,-0.06615462704996844,-0.023967862129211426,-0.14330238103866577,-0.05124126180510302,0.026893913745880127,-0.22481709718704224,-0.029249101797745425,0.047594308853149414,-0.30551236867904663,-0.05434476389984866,0.06674075126647949,-0.3602820634841919,-0.05642748057346125,0.08032083511352539,-0.41284888982772827,-0.051427604551122386,space
0.0,0.0,0.0,-0.05755847692489624,-0.030596137046813965,-0.024539336390489552,-0.10758465528488159,-0.10896193981170654,-0.03906207514523885,-0.10636025667190552,-0.18733125925064087,-0.05568267387866399,-0.07360494136810303,-0.23818764090538025,-0.07087829319357297,-0.10550469160079956,-0.19186186790466309,-0.019621226764911626,-0.15341204404830933,-0.2736757695674896,-0.044978745110029195,-0.18037736415863037,-0.32714229822158813,-0.06066384521841428,-0.19874387979507446,-0.37534046173095703,-0.07159400341629407,-0.06767970323562622,-0.21078449487686157,-0.021586080841416333,-0.08840012550354004,-0.2662135064601898,-0.06541250256418607,-0.07263845205307007,-0.19438260793685913,-0.08000485954403302,-0.059758543968200684,-0.14321380853652954,-0.07972350326895139,-0.026427805423736572,-0.2185293436050415,-0.02642726322233102,-0.03869861364364624,-0.2709346413612366,-0.06784347800135038,-0.03655475378036499,-0.19044160842895508,-0.06378301588415525,-0.030890464782714844,-0.1264163851737976,-0.04781209287762067,0.015348553657531738,-0.21891343593597412,-0.033693149514192555,0.030333399772644043,-0.30109941959381104,-0.06134518591284177,0.047024667263031006,-0.35904890298843384,-0.065107013858551,0.05988842248916626,-0.4137348532676697,-0.06141507980942151,space
0.0,0.0,0.0,-0.058766722679138184,-0.02133309841156006,-0.02377700178971054,-0.11598724126815796,-0.09298187494277954,-0.03704117915680172,-0.12265366315841675,-0.16963797807693481,-0.05224749750544788,-0.09630370140075684,-0.2265172004699707,-0.06555187261750461,-0.11741673946380615,-0.1878679394721985,-0.02066484025766613,-0.16787439584732056,-0.26860302686691284,-0.048651064998409765,-0.20024651288986206,-0.3205334544181824,-0.06580124355008365,-0.22284018993377686,-0.36822617053985596,-0.07747173613955738,-0.08065783977508545,-0.20857244729995728,-0.022838031194112318,-0.10848391056060791,-0.2542940378189087,-0.0694777623479581,-0.08898383378982544,-0.17647582292556763,-0.08443457192828419,-0.07262414693832397,-0.12132269144058228,-0.08374963260342838,-0.03871619701385498,-0.21839046478271484,-0.028195210984847563,-0.05704355239868164,-0.26707473397254944,-0.07167997515847446,-0.044853031635284424,-0.18780195713043213,-0.06924683160235645,-0.0303155779838562,-0.12357348203659058,-0.053955483502647894,0.005522370338439941,-0.22316831350326538,-0.035768895662329214,0.015996277332305908,-0.3082342743873596,-0.06639813191344501,0.02894669771194458,-0.36820071935653687,-0.07327112115075352,0.03925043344497681,-0.42481446266174316,-0.07123364067723514,space
0.0,0.0,0.0,-0.05887550115585327,-0.013424813747406006,-0.029767797708046828,-0.1180298924446106,-0.07831799983978271,-0.04844110590173045,-0.12967514991760254,-0.1528642773628235,-0.06797759365989009,-0.10579419136047363,-0.21239733695983887,-0.08500447255326549,-0.12418007850646973,-0.1843857765197754,-0.030152381777298842,-0.17309439182281494,-0.2644179165363312,-0.062389542728197966,-0.2053980827331543,-0.3138659596443176,-0.08231121432734767,-0.22972846031188965,-0.3619039058685303,-0.09658816587878505,-0.08688455820083618,-0.2087564468383789,-0.03110405002487937,-0.1182870864868164,-0.248136967420578,-0.08134162557078639,-0.09491151571273804,-0.16231882572174072,-0.09556426984025279,-0.07629269361495972,-0.10672158002853394,-0.09468905758811275,-0.04371511936187744,-0.2194916009902954,-0.03607266899896899,-0.06506466865539551,-0.266775518655777,-0.08138626944972316,-0.05052542686462402,-0.1851886510848999,-0.07647004109574596,-0.03507554531097412,-0.12191152572631836,-0.06020588558865825,0.0007987022399902344,-0.22434699535369873,-0.0440246662194852,0.00904017686843872,-0.3095400333404541,-0.07735705506755153,0.02021557092666626,-0.37036192417144775,-0.08546310049248973,0.027715563774108887,-0.4315603971481323,-0.08465814721537868,space
0.0,0.0,0.0,-0.0593411922454834,-0.025426089763641357,-0.025947711209170166,-0.1154218316078186,-0.09404498338699341,-0.042635789851061645,-0.12241727113723755,-0.1694663166999817,-0.06091680634986574,-0.09444421529769897,-0.22436362504959106,-0.07742071781527216,-0.11872965097427368,-0.1854894757270813,-0.023972297797314468,-0.16525137424468994,-0.2675589919090271,-0.05337756011854822,-0.19463646411895752,-0.3187153935432434,-0.07141935710083658,-0.21612507104873657,-0.3673514127731323,-0.08409587923657114,-0.07961118221282959,-0.20772743225097656,-0.025985670054666343,-0.1052473783493042,-0.2538664638996124,-0.0726823869742077,-0.08575624227523804,-0.17579859495162964,-0.08632600192200357,-0.070232093334198,-0.1228218674659729,-0.08519455675255472,-0.03621107339859009,-0.21666193008422852,-0.031590509007088485,-0.052945852279663086,-0.26403170824050903,-0.07513754699598962,-0.042711734771728516,-0.18572646379470825,-0.07088068012367899,-0.031061232089996338,-0.12340313196182251,-0.05468151975642854,0.007028162479400635,-0.21946948766708374,-0.039660135994068924,0.016711652278900146,-0.30404597520828247,-0.07108169678818399,0.02791231870651245,-0.36495959758758545,-0.07791465405594522,0.03580272197723389,-0.4228600859642029,-0.07601798210512811,space
0.0,0.0,0.0,-0.058426618576049805,-0.034644126892089844,-0.02615706694237474,-0.10915923118591309,-0.11086177825927734,-0.04177826900891546,-0.10997653007507324,-0.1880505084991455,-0.05935546268634084,-0.08025592565536499,-0.24028831720352173,-0.07495400567464117,-0.10925984382629395,-0.19497603178024292,-0.019872636319320236,-0.15601348876953125,-0.2791427969932556,-0.0452702555518556,-0.1828894019126892,-0.3326978087425232,-0.06021474187187437,-0.20072734355926514,-0.3815501034259796,-0.0702660854618955,-0.0702163577079773,-0.213476300239563,-0.021612333850185905,-0.09022128582000732,-0.268376886844635,-0.06699398417882207,-0.07461994886398315,-0.19770550727844238,-0.08248189349583868,-0.06220388412475586,-0.1443178653717041,-0.08210006614140752,-0.027704179286956787,-0.2203652262687683,-0.026460514188926254,-0.039257168769836426,-0.26988333463668823,-0.07014931251219991,-0.035859525203704834,-0.19249475002288818,-0.06786249090842489,-0.02967923879623413,-0.12985962629318237,-0.05210510154179815,0.014815270900726318,-0.21904557943344116,-0.03365460296086553,0.030310750007629395,-0.3010038733482361,-0.06168422360829595,0.045213520526885986,-0.35871511697769165,-0.06561853249482397,0.05474066734313965,-0.41265612840652466,-0.06161778305582288,space
0.0,0.0,0.0,-0.05705493688583374,-0.0432620644569397,-0.01961858378740544,-0.09606152772903442,-0.12668997049331665,-0.03165440442057843,-0.08722168207168579,-0.20543763041496277,-0.04760606767626996,-0.053581178188323975,-0.2509518265724182,-0.06349966110678906,-0.09824270009994507,-0.20485451817512512,-0.014446348827505062,-0.144223153591156,-0.2854302227497101,-0.03985455812903638,-0.16750359535217285,-0.34095868468284607,-0.055552659500563095,-0.1802295446395874,-0.392351895570755,-0.06515976967307324,-0.05796372890472412,-0.22157305479049683,-0.01855907211097474,-0.0678260326385498,-0.2816322147846222,-0.06328994961472745,-0.058686673641204834,-0.21204623579978943,-0.07949363620969052,-0.05329781770706177,-0.15501677989959717,-0.07915100635977979,-0.013572216033935547,-0.2265520989894867,-0.024963527862155388,-0.016713440418243408,-0.283687561750412,-0.06741922529431577,-0.02102726697921753,-0.2084246277809143,-0.06623110355826611,-0.02363675832748413,-0.1460251808166504,-0.051170652676546524,0.029882431030273438,-0.2223895788192749,-0.03297695325704808,0.04897063970565796,-0.30620282888412476,-0.055551355648958634,0.06729644536972046,-0.3607218861579895,-0.05530722619982953,0.07994556427001953,-0.41165363788604736,-0.04905606614443059,space
0.0,0.0,0.0,-0.057044386863708496,-0.052416205406188965,-0.024078318631978846,-0.09225231409072876,-0.1412528157234192,-0.03818763211998544,-0.07630014419555664,-0.2238420844078064,-0.05608909369144044,-0.03440934419631958,-0.2707822918891907,-0.07386499435338578,-0.09705257415771484,-0.21965119242668152,-0.012206309257777548,-0.13772106170654297,-0.30151158571243286,-0.03809921608004174,-0.15752536058425903,-0.3564000725746155,-0.05377757713827691,-0.16773730516433716,-0.40854543447494507,-0.06294368744525514,-0.05357462167739868,-0.232975572347641,-0.015304719812007761,-0.05467873811721802,-0.29082056879997253,-0.06155262679490647,-0.04618573188781738,-0.2213098406791687,-0.0792554074588736,-0.042892396450042725,-0.16636401414871216,-0.07936628699931703,-0.00727611780166626,-0.23328527808189392,-0.02156489134463868,0.0036568641662597656,-0.2878971993923187,-0.06852131873998246,-0.0046027302742004395,-0.20966622233390808,-0.06882189006242356,-0.013589262962341309,-0.1471940279006958,-0.053082199550004816,0.03609931468963623,-0.22474917769432068,-0.02957210295531354,0.059259891510009766,-0.30635395646095276,-0.05444833428296647,0.08228695392608643,-0.35844337940216064,-0.054549759036632395,0.10000616312026978,-0.40838736295700073,-0.04773853511247239,space
0.0,0.0,0.0,-0.058245301246643066,-0.05804705619812012,-0.02550511326802507,-0.09009695053100586,-0.14885342121124268,-0.039519333133227974,-0.0696479082107544,-0.23436346650123596,-0.05692517090750471,-0.027617156505584717,-0.28005269169807434,-0.07384207178068891,-0.09697556495666504,-0.23302128911018372,-0.013448931129403263,-0.13221365213394165,-0.32106736302375793,-0.03855081353498235,-0.14673370122909546,-0.37542924284935,-0.053057049253709465,-0.15287458896636963,-0.43099962174892426,-0.061950866916902214,-0.05168718099594116,-0.24550965428352356,-0.015896524155266434,-0.04535490274429321,-0.30618637800216675,-0.061476827451713234,-0.040453195571899414,-0.2316308617591858,-0.07800954658699766,-0.04148983955383301,-0.1788519024848938,-0.07779381502581373,-0.00419992208480835,-0.24429792165756226,-0.02169273872090116,0.014673709869384766,-0.30006933212280273,-0.06864222217512861,0.0027832984924316406,-0.21917572617530823,-0.06851223934603468,-0.010486960411071777,-0.1580827832221985,-0.05314580056978002,0.03853106498718262,-0.23292547464370728,-0.029430021384484917,0.06667190790176392,-0.31008970737457275,-0.054765620121486336,0.09119105339050293,-0.3576532304286957,-0.055957917907960564,0.11061680316925049,-0.4061606526374817,-0.05046773407769933,space
0.0,0.0,0.0,-0.05918169021606445,-0.05808675289154053,-0.02353696346307288,-0.0895807147026062,-0.15173888206481934,-0.036943493485694034,-0.0665169358253479,-0.23578870296478271,-0.05354531675601493,-0.023728013038635254,-0.27857720851898193,-0.06998967573071013,-0.09330558776855469,-0.22884029150009155,-0.015006229356174572,-0.12668609619140625,-0.31750500202178955,-0.039958262890820606,-0.14041149616241455,-0.3716418147087097,-0.05482191413665305,-0.14637118577957153,-0.4261365532875061,-0.06399795606756697,-0.04965651035308838,-0.24083617329597473,-0.01760691411817561,-0.044841766357421875,-0.3007814884185791,-0.06108728989983092,-0.04059487581253052,-0.22803226113319397,-0.07658969804668914,-0.041390299797058105,-0.1763182282447815,-0.0765306819977809,-0.0033574700355529785,-0.23977965116500854,-0.02310882329965125,0.013644218444824219,-0.2953607738018036,-0.06680845662975798,0.0013025999069213867,-0.2157628834247589,-0.06522425457859526,-0.011779725551605225,-0.15524107217788696,-0.05004123792076598,0.03865772485733032,-0.22869780659675598,-0.030496334731822117,0.0661821961402893,-0.30701643228530884,-0.05378840312386046,0.09143602848052979,-0.3546660542488098,-0.05384621590400229,0.1122140884399414,-0.40227243304252625,-0.04810506671691428,space
0.0,0.0,0.0,-0.05507183074951172,-0.049817800521850586,-0.022645838452746148,-0.08717185258865356,-0.13857603073120117,-0.03495164204971957,-0.07070231437683105,-0.21712642908096313,-0.05077357207076716,-0.03162205219268799,-0.2596941590309143,-0.06654616434710192,-0.08756262063980103,-0.21181651949882507,-0.013322116701175446,-0.12706458568572998,-0.29487866163253784,-0.03810080875294375,-0.1449580192565918,-0.3515785336494446,-0.05264250923531222,-0.15366721153259277,-0.40428632497787476,-0.061170339478422875,-0.04588437080383301,-0.22465220093727112,-0.016343990234901185,-0.05079531669616699,-0.28462323546409607,-0.06254339207546877,-0.04533261060714722,-0.21647274494171143,-0.08017048974173235,-0.04320967197418213,-0.15977489948272705,-0.08007338632481265,-0.0015246272087097168,-0.22583335638046265,-0.02217562299804854,8.803606033325195e-05,-0.2831062078475952,-0.06791289140122103,-0.008700132369995117,-0.20941314101219177,-0.06999806304114031,-0.015346109867095947,-0.14825260639190674,-0.05594839890139269,0.0405501127243042,-0.21867170929908752,-0.02954469424324202,0.06397950649261475,-0.3001377582550049,-0.053837548835446114,0.08574098348617554,-0.35335278511047363,-0.05558285106556582,0.10192465782165527,-0.40403658151626587,-0.05046305794851946,space
0.0,0.0,0.0,-0.05625194311141968,-0.0370790958404541,-0.023979395749336163,-0.09920114278793335,-0.12085062265396118,-0.03653471556521026,-0.09148663282394409,-0.19931161403656006,-0.05127612513518898,-0.059368014335632324,-0.24866899847984314,-0.06441203889465896,-0.0990602970123291,-0.2036685347557068,-0.018084822343951146,-0.14017444849014282,-0.2937493622303009,-0.042538102837568204,-0.16289126873016357,-0.35124102234840393,-0.057009000452524106,-0.17568683624267578,-0.40393000841140747,-0.0666629934034404,-0.05845999717712402,-0.2193639874458313,-0.019722141446834485,-0.07186645269393921,-0.2755269408226013,-0.06449949380970565,-0.06044578552246094,-0.20099303126335144,-0.07962295052624313,-0.051009953022003174,-0.14579999446868896,-0.07856323209620086,-0.015254974365234375,-0.22451290488243103,-0.024133117990857045,-0.020896971225738525,-0.2790536880493164,-0.06649289664841262,-0.022201180458068848,-0.19864845275878906,-0.0641191193184909,-0.018920600414276123,-0.1331801414489746,-0.0482194722912368,0.027767300605773926,-0.22202330827713013,-0.030697357030874173,0.049436748027801514,-0.302043616771698,-0.05761832756019203,0.06826454401016235,-0.35832804441452026,-0.06176608067966072,0.08321362733840942,-0.41264718770980835,-0.057918593408828656,space
0.0,0.0,0.0,-0.05940467119216919,-0.03009718656539917,-0.025710337539749162,-0.1110987663269043,-0.10549116134643555,-0.04106925868018152,-0.11257636547088623,-0.1822417974472046,-0.058895774861412065,-0.08047318458557129,-0.2336960732936859,-0.07521782510502817,-0.1120259165763855,-0.19351285696029663,-0.017459324305491464,-0.1541379690170288,-0.27377763390541077,-0.044199743052558915,-0.17985570430755615,-0.32830098271369934,-0.06032102250082971,-0.1980246901512146,-0.3787083923816681,-0.07108429514391901,-0.07235139608383179,-0.21488243341445923,-0.02017140269799711,-0.09228450059890747,-0.265316367149353,-0.0669847770832348,-0.07587605714797974,-0.1917499303817749,-0.08289443396552088,-0.06391263008117676,-0.13728100061416626,-0.08222704075797083,-0.028893649578094482,-0.22346749901771545,-0.026368780737357156,-0.04027354717254639,-0.27335357666015625,-0.07168374650700571,-0.03502976894378662,-0.19269907474517822,-0.06950656764729501,-0.029210925102233887,-0.12746858596801758,-0.05307775058372499,0.014746010303497314,-0.2252770960330963,-0.034852740099267976,0.028823435306549072,-0.3113864064216614,-0.06375430219395639,0.04414701461791992,-0.36941468715667725,-0.06783117794020654,0.05448317527770996,-0.4232996106147766,-0.06366894834263803,space
0.0,0.0,0.0,-0.05952334403991699,-0.02473604679107666,-0.03208493520364186,-0.120280921459198,-0.09284615516662598,-0.05332534839257619,-0.13281095027923584,-0.16977059841156006,-0.0766984045957031,-0.10374999046325684,-0.23008286952972412,-0.09759855721935651,-0.12022048234939575,-0.19747459888458252,-0.029150864899605722,-0.16999799013137817,-0.2794782519340515,-0.06121003706797978,-0.20112931728363037,-0.3332633972167969,-0.0789116591666641,-0.22364801168441772,-0.38476431369781494,-0.09010209594711682,-0.08252418041229248,-0.2175213098526001,-0.030654930368513078,-0.11240971088409424,-0.26251381635665894,-0.08421642039760968,-0.09186244010925293,-0.18093723058700562,-0.10129248802408597,-0.07497954368591309,-0.1217113733291626,-0.10064948801741025,-0.038282692432403564,-0.22613173723220825,-0.035898656443208665,-0.05907386541366577,-0.27256685495376587,-0.08653227691397092,-0.04878687858581543,-0.18943685293197632,-0.08431545351490399,-0.03632849454879761,-0.12432259321212769,-0.06691790823683164,0.006377458572387695,-0.22785484790802002,-0.04399963919863126,0.015219509601593018,-0.316908061504364,-0.07513733659729382,0.02716803550720215,-0.37749403715133667,-0.07881845985397717,0.03376758098602295,-0.43452727794647217,-0.07391842161163709,space
0.0,0.0,0.0,-0.06078231334686279,-0.030350804328918457,-0.03171261144959203,-0.11648976802825928,-0.10047143697738647,-0.052396496070258536,-0.12242007255554199,-0.1800142526626587,-0.07506464539252988,-0.08813560009002686,-0.23680183291435242,-0.09579482792102567,-0.1169431209564209,-0.1961267590522766,-0.02509393474244348,-0.16352248191833496,-0.27891191840171814,-0.05651198072516195,-0.19108301401138306,-0.33560416102409363,-0.07591468958341352,-0.2109379768371582,-0.3893275558948517,-0.08906819788896314,-0.07635498046875,-0.21694451570510864,-0.026160001067154326,-0.10119414329528809,-0.2671106457710266,-0.07743436215602628,-0.08068978786468506,-0.18985897302627563,-0.09542646376573316,-0.06666243076324463,-0.13445603847503662,-0.096386947912805,-0.031302452087402344,-0.22527700662612915,-0.031203472299210944,-0.04788851737976074,-0.2759841978549957,-0.08010957507573835,-0.03894609212875366,-0.1945318579673767,-0.07917165873729459,-0.02988409996032715,-0.12967169284820557,-0.06337106345378629,0.013118743896484375,-0.22619980573654175,-0.03908724082791082,0.02380812168121338,-0.3130759596824646,-0.07037736592971555,0.03671830892562866,-0.37247395515441895,-0.07572320966207258,0.04403597116470337,-0.4282432794570923,-0.07239109395229093,space
0.0,0.0,0.0,-0.05914020538330078,-0.0348932147026062,-0.027482190596799683,-0.10870033502578735,-0.11461800336837769,-0.04230613956127627,-0.10606265068054199,-0.1947285532951355,-0.05935190567646487,-0.07502061128616333,-0.24897751212120056,-0.07473532432589991,-0.10779672861099243,-0.20191657543182373,-0.019251882526020836,-0.15448296070098877,-0.2861192226409912,-0.04461621442709429,-0.17988675832748413,-0.3431498408317566,-0.05941112289104922,-0.1961970329284668,-0.39590007066726685,-0.0691985967186497,-0.06646728515625,-0.2193591594696045,-0.020778787749748062,-0.08680939674377441,-0.27602189779281616,-0.06964610094104273,-0.0713886022567749,-0.20083296298980713,-0.08757876926932795,-0.05903053283691406,-0.14163464307785034,-0.08758177185330851,-0.021862030029296875,-0.22528666257858276,-0.02541407706115706,-0.03345245122909546,-0.2769998610019684,-0.0721893044737385,-0.028831422328948975,-0.19805306196212769,-0.07299965942178233,-0.022275805473327637,-0.13250893354415894,-0.05804765174065096,0.022153019905090332,-0.22337552905082703,-0.03236322427068217,0.03784453868865967,-0.3102845847606659,-0.061347975823025536,0.05339246988296509,-0.3717380166053772,-0.06660395437751276,0.06327736377716064,-0.4290541708469391,-0.06325829351220591,space
0.0,0.0,0.0,-0.05735576152801514,-0.04125392436981201,-0.024222971449432862,-0.10021179914474487,-0.1272173523902893,-0.037821620280681145,-0.09172195196151733,-0.2079734206199646,-0.054712958211837304,-0.057083845138549805,-0.25630858540534973,-0.07087747337931205,-0.09853392839431763,-0.21130424737930298,-0.018077892760572922,-0.14465540647506714,-0.2949998378753662,-0.04419795009010841,-0.16742950677871704,-0.3521970510482788,-0.0596844214450698,-0.17959606647491455,-0.4061298668384552,-0.06927285673731376,-0.056533873081207275,-0.22641673684120178,-0.020847167397676003,-0.0690276026725769,-0.28681063652038574,-0.0698273885499816,-0.058138906955718994,-0.21199017763137817,-0.08766544940584708,-0.05058300495147705,-0.152371346950531,-0.0872633564721923,-0.01140594482421875,-0.23027417063713074,-0.026244081134734643,-0.016325771808624268,-0.2860305905342102,-0.0730329710494857,-0.01767176389694214,-0.2054539918899536,-0.07350202980154563,-0.017795145511627197,-0.14020782709121704,-0.057963680053887856,0.03219616413116455,-0.2255762815475464,-0.033497087235389245,0.05146288871765137,-0.31129157543182373,-0.059717550451694024,0.07006734609603882,-0.3685760796070099,-0.061820882881818306,0.0826234221458435,-0.4239116907119751,-0.05630318033212234,space
0.0,0.0,0.0,-0.059673845767974854,-0.050363898277282715,-0.022353771628218055,-0.09659135341644287,-0.13822144269943237,-0.03600396171339071,-0.08392316102981567,-0.2226864993572235,-0.05264507934577978,-0.043003201484680176,-0.2666938900947571,-0.06964545279868162,-0.09435850381851196,-0.2155061960220337,-0.017914654241280914,-0.13595545291900635,-0.30483826994895935,-0.04425627693660772,-0.15428829193115234,-0.36234036087989807,-0.06171185106165922,-0.16379958391189575,-0.4162062108516693,-0.07290961921341932,-0.051899731159210205,-0.2291783094406128,-0.01937798179812944,-0.059445977210998535,-0.2906839847564697,-0.06233582973607099,-0.05163991451263428,-0.21503162384033203,-0.07908163547642744,-0.049402058124542236,-0.16217410564422607,-0.08075419396288908,-0.0063103437423706055,-0.23200145363807678,-0.023322971091943145,-0.005923867225646973,-0.29128333926200867,-0.06400624245532072,-0.011684238910675049,-0.21094176173210144,-0.06468817919619596,-0.017606019973754883,-0.1482454538345337,-0.05219292596109426,0.03668808937072754,-0.22492700815200806,-0.02902015440292871,0.05801898241043091,-0.31106334924697876,-0.051905538441019416,0.07958459854125977,-0.3665744960308075,-0.05455147802956617,0.09566771984100342,-0.4204474687576294,-0.05112636417277372,space
0.0,0.0,0.0,-0.0589713454246521,-0.05903810262680054,-0.026807778268505444,-0.09417468309402466,-0.14334982633590698,-0.047065247535158505,-0.082069993019104,-0.22981584072113037,-0.06910498136227261,-0.039603352546691895,-0.27451953291893005,-0.09098945254032742,-0.09781688451766968,-0.2180417776107788,-0.030454897075344434,-0.1353018879890442,-0.31571027636528015,-0.05911697515790593,-0.1484500765800476,-0.37646710872650146,-0.07472648167555462,-0.1539176106452942,-0.4264860451221466,-0.08427076482718121,-0.05547136068344116,-0.2317841649055481,-0.027635943829466214,-0.05821847915649414,-0.29273146390914917,-0.058671493768144956,-0.052928388118743896,-0.21524900197982788,-0.060309027075220456,-0.05099302530288696,-0.18445441126823425,-0.05518034169023167,-0.009641408920288086,-0.23588111996650696,-0.028506730436731686,-0.005321800708770752,-0.29577070474624634,-0.059808519422460904,-0.011963486671447754,-0.2134491503238678,-0.049265541821171155,-0.01948070526123047,-0.15415465831756592,-0.032969710170675626,0.032125115394592285,-0.2283894419670105,-0.032456480651546826,0.05488145351409912,-0.30876943469047546,-0.055496555506636014,0.07891225814819336,-0.3622061014175415,-0.05935384774153363,0.1001056432723999,-0.4140715003013611,-0.05785252967422139,space
0.0,0.0,0.0,-0.0561029314994812,-0.051241159439086914,-0.01930195856252226,-0.09009659290313721,-0.14149564504623413,-0.030079437600164738,-0.07259386777877808,-0.22126683592796326,-0.0440823772863439,-0.03153032064437866,-0.2635432183742523,-0.05793377775111708,-0.08498656749725342,-0.21049636602401733,-0.01245951391169342,-0.12069857120513916,-0.2955626845359802,-0.035460327001004543,-0.13542383909225464,-0.3499346673488617,-0.049792804004340496,-0.14200598001480103,-0.4027172923088074,-0.05901731941261801,-0.044833481311798096,-0.22090011835098267,-0.015192006895034638,-0.04976707696914673,-0.27916622161865234,-0.057456351997046795,-0.04145622253417969,-0.20882007479667664,-0.07327957096853766,-0.03791391849517822,-0.15602385997772217,-0.07363077643671545,-0.002102673053741455,-0.22129827737808228,-0.02025165799418005,-0.0005954504013061523,-0.27769678831100464,-0.06090353447356733,-0.00672459602355957,-0.20148074626922607,-0.060809165419726696,-0.011624813079833984,-0.14011859893798828,-0.04712491128006491,0.03869175910949707,-0.21302103996276855,-0.026816358970194187,0.06006968021392822,-0.29242101311683655,-0.049782101245313015,0.08119732141494751,-0.3441936671733856,-0.051991015853076306,0.09782183170318604,-0.3942289650440216,-0.04774582404056105,space
0.0,0.0,0.0,-0.057930171489715576,-0.04131525754928589,-0.021620687994442278,-0.10091334581375122,-0.12458890676498413,-0.03272756278821021,-0.09269911050796509,-0.20269939303398132,-0.046373796615085894,-0.059698402881622314,-0.24625644087791443,-0.058635973337374026,-0.09845304489135742,-0.2009507715702057,-0.011642478372237974,-0.1344854235649109,-0.2888191342353821,-0.03297662079640418,-0.15175354480743408,-0.3423372209072113,-0.04542354956575423,-0.1623590588569641,-0.3918025493621826,-0.05350540668078452,-0.05898857116699219,-0.2159559428691864,-0.014072935994050795,-0.07070648670196533,-0.2729782164096832,-0.05593760028787642,-0.05892646312713623,-0.20187783241271973,-0.07047319874473601,-0.050961077213287354,-0.14758920669555664,-0.06918957546659499,-0.016781628131866455,-0.2202848494052887,-0.01935892269321471,-0.021354198455810547,-0.2726246118545532,-0.059869685176096255,-0.021581947803497314,-0.19753116369247437,-0.05872344315358191,-0.019683420658111572,-0.13600021600723267,-0.04390011444994002,0.025171995162963867,-0.21683025360107422,-0.02656940087982207,0.044850826263427734,-0.2955082058906555,-0.05063739881225615,0.061540186405181885,-0.3496031165122986,-0.05378053799577742,0.0734434723854065,-0.4011678099632263,-0.04977446511693984,space
0.0,0.0,0.0,-0.06111764907836914,-0.02909219264984131,-0.017344580601843518,-0.11116546392440796,-0.10494935512542725,-0.02744615973153941,-0.11136645078659058,-0.18500322103500366,-0.039082886289747876,-0.08365374803543091,-0.2372892200946808,-0.04974002541223399,-0.10859745740890503,-0.18026381731033325,-0.018031421687396687,-0.15153217315673828,-0.2631344795227051,-0.04320793376484744,-0.17577975988388062,-0.31756162643432617,-0.06076165066281192,-0.1926642656326294,-0.3661251664161682,-0.07371285707870356,-0.07275724411010742,-0.20167791843414307,-0.019886772718223256,-0.09446990489959717,-0.26087501645088196,-0.05697916598239772,-0.07808762788772583,-0.18848514556884766,-0.0672551483027064,-0.06612110137939453,-0.13895583152770996,-0.06643104703346125,-0.03299230337142944,-0.21298018097877502,-0.024094052251371068,-0.047756314277648926,-0.2666414976119995,-0.05650065989414088,-0.04171335697174072,-0.1905563473701477,-0.04932251350203387,-0.032099008560180664,-0.12651604413986206,-0.03481753693142764,0.009376466274261475,-0.2173062562942505,-0.03052262180665366,0.02370893955230713,-0.29910048842430115,-0.056239602725895566,0.03557395935058594,-0.3578011095523834,-0.061838583659323376,0.04527878761291504,-0.41176605224609375,-0.060970434557589215,space
0.0,0.0,0.0,-0.05712395906448364,-0.019878029823303223,-0.021580147750853484,-0.11643391847610474,-0.08677566051483154,-0.034594393529175704,-0.12710881233215332,-0.16027742624282837,-0.04967243895697493,-0.10182219743728638,-0.21504300832748413,-0.06315979287791151,-0.11437004804611206,-0.1756753921508789,-0.020039499931215232,-0.16126751899719238,-0.2579882740974426,-0.04703285471367735,-0.19168299436569214,-0.30900222063064575,-0.06404357329773802,-0.21342039108276367,-0.35483628511428833,-0.07580173686909575,-0.07888370752334595,-0.19690340757369995,-0.02208791226911444,-0.10854107141494751,-0.23927533626556396,-0.06586196944880385,-0.0895317792892456,-0.16214126348495483,-0.07914941684174437,-0.07331925630569458,-0.1081511378288269,-0.07834336087870497,-0.03856867551803589,-0.20852714776992798,-0.02716996447014708,-0.060676515102386475,-0.2559780776500702,-0.06684918627905745,-0.04790782928466797,-0.18090283870697021,-0.06376179233956236,-0.031942665576934814,-0.11811321973800659,-0.04941131100821394,0.004543781280517578,-0.2152693271636963,-0.03441618309187788,0.01254338026046753,-0.2991328835487366,-0.06325200871395964,0.02047741413116455,-0.358268141746521,-0.0702779285686006,0.02550685405731201,-0.41263705492019653,-0.06899622008967299,space
0.0,0.0,0.0,-0.061091840267181396,-0.01414191722869873,-0.029354676364647503,-0.12289750576019287,-0.07610410451889038,-0.04741813404737627,-0.138930082321167,-0.14880913496017456,-0.0671786868411175,-0.11919879913330078,-0.21068435907363892,-0.08466121344147837,-0.12991279363632202,-0.17755526304244995,-0.023432837559568043,-0.17733234167099,-0.25797054171562195,-0.0526070238488785,-0.2070140242576599,-0.30523383617401123,-0.06906281946478998,-0.22954553365707397,-0.35208386182785034,-0.08005386380730783,-0.09322363138198853,-0.20401662588119507,-0.025163858889328594,-0.12266027927398682,-0.2407442331314087,-0.07576779810963785,-0.09901773929595947,-0.15864723920822144,-0.09104703901587641,-0.08085078001022339,-0.10041183233261108,-0.0895197146969906,-0.050369083881378174,-0.2170776128768921,-0.031033430008875484,-0.07319468259811401,-0.26326000690460205,-0.07754405377684748,-0.05798661708831787,-0.18553006649017334,-0.0746818759876362,-0.04233425855636597,-0.1230514645576477,-0.05838656960307276,-0.005932331085205078,-0.22447943687438965,-0.03969318954526102,-0.0030527114868164062,-0.31046777963638306,-0.07016508071004068,0.003430485725402832,-0.3700728118419647,-0.07609700946389353,0.005644857883453369,-0.42667704820632935,-0.07345907179890787,space
0.0,0.0,0.0,-0.05976402759552002,-0.019685447216033936,-0.02568916122339715,-0.11926370859146118,-0.08553558588027954,-0.041382594806179895,-0.13364815711975098,-0.16103512048721313,-0.05803435186766137,-0.10853666067123413,-0.2204744815826416,-0.07277012134812821,-0.12253379821777344,-0.17633795738220215,-0.02361328604541768,-0.16656750440597534,-0.26032334566116333,-0.05284064526580323,-0.19426536560058594,-0.3107836842536926,-0.07052026207469453,-0.21643030643463135,-0.3593263626098633,-0.0834948893906926,-0.08549755811691284,-0.2022993564605713,-0.02471395286642064,-0.1176568865776062,-0.24388718605041504,-0.07124962921164979,-0.09491628408432007,-0.16197651624679565,-0.08318499739192475,-0.07568633556365967,-0.10879909992218018,-0.08091524506829728,-0.04316622018814087,-0.2138407826423645,-0.029632697653994455,-0.06736135482788086,-0.25738778710365295,-0.07168928797267426,-0.05355048179626465,-0.1836673617362976,-0.06637496019624223,-0.03708052635192871,-0.12445259094238281,-0.0501360435309266,-3.3855438232421875e-05,-0.2199987769126892,-0.037171992314085855,0.004577934741973877,-0.30535611510276794,-0.06969569886945237,0.009913265705108643,-0.3666742146015167,-0.07835683490060319,0.01238548755645752,-0.4235186278820038,-0.07789002622388352,space
0.0,0.0,0.0,-0.059870898723602295,-0.02148336172103882,-0.023616191347826998,-0.11712008714675903,-0.09242624044418335,-0.03755538572906403,-0.1250920295715332,-0.16937971115112305,-0.05218340863822846,-0.09932589530944824,-0.22629284858703613,-0.06509267946123032,-0.11951601505279541,-0.17723309993743896,-0.025004512047161143,-0.16064238548278809,-0.26550984382629395,-0.05178104748367218,-0.18438714742660522,-0.3175770342350006,-0.06715880741714386,-0.2025357484817505,-0.3664560914039612,-0.07836670090793518,-0.08140337467193604,-0.20144957304000854,-0.026222085928310435,-0.10568457841873169,-0.2521483302116394,-0.06996395846246628,-0.08608591556549072,-0.17528384923934937,-0.08017562737106232,-0.07046246528625488,-0.12190228700637817,-0.07707360794185547,-0.03864431381225586,-0.21130290627479553,-0.030587423940886538,-0.05675262212753296,-0.26070255041122437,-0.07090732117532639,-0.04580807685852051,-0.18649530410766602,-0.06459995766519455,-0.032644033432006836,-0.12466686964035034,-0.047996111562241595,0.004703819751739502,-0.21518898010253906,-0.03722715412615685,0.012509524822235107,-0.301543265581131,-0.06907173653482346,0.01922065019607544,-0.36329174041748047,-0.07718418200849442,0.023274898529052734,-0.419258177280426,-0.07649162073968796,space
0.0,0.0,0.0,-0.06282776594161987,-0.03178197145462036,-0.02559696570509118,-0.11440503597259521,-0.10848218202590942,-0.03889250256591481,-0.11454236507415771,-0.18865835666656494,-0.05420232810550374,-0.08781945705413818,-0.2427080273628235,-0.06740286075049085,-0.1154780387878418,-0.19183433055877686,-0.015366872442001522,-0.1578364372253418,-0.2784132659435272,-0.03932579853110951,-0.17967844009399414,-0.3298359513282776,-0.05247020595245999,-0.19380420446395874,-0.3798174262046814,-0.06127624460035008,-0.0761498212814331,-0.21235370635986328,-0.01707631037109536,-0.0971459150314331,-0.27028369903564453,-0.06226460136943501,-0.0811547040939331,-0.1943831443786621,-0.07636391245299023,-0.06850242614746094,-0.13788574934005737,-0.07424370073252362,-0.03323477506637573,-0.22012731432914734,-0.022326095630461396,-0.04486870765686035,-0.2734948396682739,-0.06642503910236996,-0.037090182304382324,-0.19403833150863647,-0.06395346545153302,-0.027778983116149902,-0.13003897666931152,-0.04749817274981183,0.009069085121154785,-0.21932891011238098,-0.0299112802790944,0.022055745124816895,-0.30199939012527466,-0.058334390302235306,0.03311806917190552,-0.3606422245502472,-0.06354940556460065,0.0395050048828125,-0.41710829734802246,-0.060438177217776,space
0.0,0.0,0.0,-0.06078070402145386,-0.037389397621154785,-0.027232936845933864,-0.10840696096420288,-0.11266195774078369,-0.04229855656794257,-0.1081552505493164,-0.19270586967468262,-0.05943197503856368,-0.07828307151794434,-0.24649086594581604,-0.07503455624154753,-0.10754388570785522,-0.1982090175151825,-0.018595588655983875,-0.15015661716461182,-0.2842508554458618,-0.04321943715385146,-0.17018866539001465,-0.3396613299846649,-0.057659079583203265,-0.18218839168548584,-0.3926055133342743,-0.06737851098350234,-0.0667581558227539,-0.21620169281959534,-0.01949342459610648,-0.08707833290100098,-0.27534791827201843,-0.06510089829734511,-0.07024341821670532,-0.20122119784355164,-0.08132646724752135,-0.05797082185745239,-0.1452961564064026,-0.08121680215171523,-0.023186981678009033,-0.22206982970237732,-0.023704198451554248,-0.03555029630661011,-0.2735542356967926,-0.0671024967747087,-0.02911919355392456,-0.19599464535713196,-0.06735071286729521,-0.022602438926696777,-0.13310199975967407,-0.05325026557019896,0.019298851490020752,-0.21897083520889282,-0.03036637164822764,0.03373163938522339,-0.3037961721420288,-0.05713727072051711,0.04834127426147461,-0.3624473214149475,-0.06217522666028685,0.057096898555755615,-0.4171403646469116,-0.059374337347065875,space
0.0,0.0,0.0,-0.06033778190612793,-0.04267990589141846,-0.02586184113795298,-0.10344851016998291,-0.1200670599937439,-0.041066071461386855,-0.09997010231018066,-0.20365002751350403,-0.05812928683633345,-0.06469815969467163,-0.254404753446579,-0.07438741109842795,-0.10120171308517456,-0.2057267129421234,-0.01891230649823683,-0.14336234331130981,-0.2904573678970337,-0.0440387637125923,-0.16173183917999268,-0.34462377429008484,-0.06024788550610083,-0.17044854164123535,-0.3977682590484619,-0.0710409902739002,-0.0600394606590271,-0.22112548351287842,-0.018726934190340216,-0.07591062784194946,-0.2812904417514801,-0.06182858950967329,-0.0632016658782959,-0.20372238755226135,-0.07793072096581,-0.05590641498565674,-0.14965921640396118,-0.07875215492720145,-0.01672440767288208,-0.22551119327545166,-0.021456897701568778,-0.026037752628326416,-0.2796012759208679,-0.06185250587338942,-0.023152172565460205,-0.20068120956420898,-0.06257031343454855,-0.02013498544692993,-0.13888466358184814,-0.04996249310249823,0.0250244140625,-0.22057032585144043,-0.026352365012712653,0.040342509746551514,-0.30489370226860046,-0.050123034487910445,0.057857394218444824,-0.3617314100265503,-0.05422187082047003,0.0705522894859314,-0.4156331717967987,-0.0514908567773773,space
0.0,0.0,0.0,-0.062474846839904785,-0.03572118282318115,-0.031804665401438115,-0.10790252685546875,-0.10861730575561523,-0.0482735405115875,-0.10762763023376465,-0.1894768476486206,-0.06654376856968724,-0.0757250189781189,-0.2436717450618744,-0.08301992289707982,-0.10548824071884155,-0.19619879126548767,-0.013967705368855832,-0.1471748948097229,-0.2781767249107361,-0.038279450908163426,-0.1670733094215393,-0.33108198642730713,-0.05267332069561803,-0.17819732427597046,-0.3820191025733948,-0.06157065875814283,-0.06547755002975464,-0.21160733699798584,-0.012444776892522214,-0.08609694242477417,-0.26762378215789795,-0.06019509904072606,-0.07152116298675537,-0.19480270147323608,-0.07988991163657033,-0.06038278341293335,-0.14052391052246094,-0.08089231275008046,-0.023443877696990967,-0.21697887778282166,-0.015092008225479958,-0.03710657358169556,-0.2672615051269531,-0.061134699210384724,-0.033861517906188965,-0.1919260025024414,-0.06691485218689763,-0.028083622455596924,-0.1316125988960266,-0.05510835669920766,0.017730295658111572,-0.21506419777870178,-0.02029874682412469,0.029632925987243652,-0.29690393805503845,-0.04616988398120725,0.04270416498184204,-0.35554587841033936,-0.05324514158056104,0.05120980739593506,-0.40988993644714355,-0.051639418527344105,space
0.0,0.0,0.0,-0.05845069885253906,-0.06327152252197266,0.07334468005586814,-0.07392919063568115,-0.12378370761871338,0.11144342510391425,-0.07896095514297485,-0.172821044921875,0.1302348548023815,-0.08551043272018433,-0.22044497728347778,0.14459735392023276,-0.043710172176361084,-0.25236812233924866,0.11870251832891654,-0.04607844352722168,-0.33227264881134033,0.141067402943861,-0.04851186275482178,-0.38702335953712463,0.1478192829935665,-0.048199355602264404,-0.43561285734176636,0.14675346253801536,-0.03161269426345825,-0.25861552357673645,0.07026148079324912,-0.03486722707748413,-0.36288273334503174,0.08374770967651557,-0.03898799419403076,-0.4304613173007965,0.08161448179174613,-0.04114639759063721,-0.4876612573862076,0.0756231942622776,-0.025710105895996094,-0.2563886344432831,0.020536076784026136,-0.028896868228912354,-0.3574525713920593,0.022209480911385526,-0.030437767505645752,-0.42493805289268494,0.016146665945541372,-0.03280162811279297,-0.4816470891237259,0.008056432515274992,-0.025164127349853516,-0.2500613331794739,-0.0251280660332327,-0.03227376937866211,-0.33852505683898926,-0.03307796032737542,-0.03725236654281616,-0.396669864654541,-0.04005069793771554,-0.04014521837234497,-0.45025235414505005,-0.04851072044681359,idle
0.0,0.0,0.0,-0.053070783615112305,-0.057878732681274414,0.07846039192364174,-0.06796294450759888,-0.11453664302825928,0.12102412836239296,-0.07386094331741333,-0.1605817675590515,0.1436222981064077,-0.07872426509857178,-0.20791888236999512,0.1619667749254461,-0.03216445446014404,-0.2338043451309204,0.13052997396872001,-0.03841733932495117,-0.31025442481040955,0.15893553601191002,-0.04168647527694702,-0.36261647939682007,0.16969265447542625,-0.04346340894699097,-0.4081798791885376,0.17148019777224022,-0.02272951602935791,-0.24133872985839844,0.08190697090313392,-0.02892625331878662,-0.342784583568573,0.1021144952027555,-0.035017549991607666,-0.4095402657985687,0.10304316537067848,-0.03959214687347412,-0.4654415398836136,0.09924273596689659,-0.019649624824523926,-0.24186265468597412,0.03208787770554977,-0.02684122323989868,-0.3402389585971832,0.039137069448685224,-0.02895641326904297,-0.40586555004119873,0.035103541180347975,-0.031668245792388916,-0.4606107473373413,0.02834417888507801,-0.021983683109283447,-0.23985645174980164,-0.013351437322938864,-0.02991926670074463,-0.32436084747314453,-0.017577968225026552,-0.03437840938568115,-0.3792630434036255,-0.022837055534267847,-0.0358356237411499,-0.4288167357444763,-0.02988665892198128,idle
0.0,0.0,0.0,-0.05029928684234619,-0.04177999496459961,0.06093758797628368,-0.06385886669158936,-0.09942454099655151,0.09695794141275371,-0.06953519582748413,-0.14161419868469238,0.11589356964809383,-0.07572710514068604,-0.1853664517402649,0.13171010917407955,-0.03354179859161377,-0.21049895882606506,0.11955263173562969,-0.03662222623825073,-0.2827077805995941,0.14719509786350216,-0.03947573900222778,-0.33307889103889465,0.15595760649425472,-0.0425836443901062,-0.3777066767215729,0.1567167014477917,-0.023228049278259277,-0.2188500463962555,0.08040608918649639,-0.029163897037506104,-0.30540603399276733,0.10368381148559536,-0.036733388900756836,-0.36724111437797546,0.10321017807704891,-0.0416945219039917,-0.4191126823425293,0.0978517056105801,-0.018877387046813965,-0.22229734063148499,0.03905519551021541,-0.025206685066223145,-0.30819636583328247,0.05227243980748142,-0.029568970203399658,-0.36901605129241943,0.04874073049408878,-0.03365015983581543,-0.42150548100471497,0.04108636161667789,-0.02001190185546875,-0.2217927873134613,2.558003556885069e-05,-0.027863144874572754,-0.2981094717979431,0.004199471197850357,-0.034487783908843994,-0.3473894000053406,0.00314527294953848,-0.039581894874572754,-0.39294272661209106,-0.0016600701596445333,idle
0.0,0.0,0.0,-0.061203837394714355,-0.049797654151916504,0.009742212275298812,-0.07994836568832397,-0.12458616495132446,0.017339355105789878,-0.08455073833465576,-0.17518067359924316,0.017224653417500235,-0.0977126955986023,-0.2149468958377838,0.015285317579539992,-0.056573450565338135,-0.24901756644248962,0.03944514578047631,-0.05719786882400513,-0.33202409744262695,0.034994336569937445,-0.057600438594818115,-0.39068764448165894,0.023284719119104125,-0.057221949100494385,-0.44412484765052795,0.01192256601366637,-0.041333019733428955,-0.25577929615974426,0.02084920814100144,-0.045777738094329834,-0.3522680997848511,0.016557221094402053,-0.049585044384002686,-0.4182853102684021,0.0034223406373286025,-0.05032128095626831,-0.48060961067676544,-0.009128800799814485,-0.02715456485748291,-0.2520004212856293,-0.0013501690437323077,-0.031357645988464355,-0.34561461210250854,-0.009953913485375665,-0.0343741774559021,-0.409160315990448,-0.02158790568050506,-0.03739428520202637,-0.46607260406017303,-0.03158214802083137,-0.014563798904418945,-0.23957780003547668,-0.02474308127698066,-0.021274149417877197,-0.31928765773773193,-0.032948107665148996,-0.02727365493774414,-0.3729817271232605,-0.03810348475512626,-0.03283822536468506,-0.42397791147232056,-0.04389120007094505,idle
0.0,0.0,0.0,-0.06228822469711304,-0.04820394515991211,0.0005138422463559777,-0.08383077383041382,-0.13005369901657104,0.0038911234921314986,-0.08882170915603638,-0.1876535415649414,0.0015633370828354032,-0.10328614711761475,-0.23295184969902039,-0.0016041600277176826,-0.06038945913314819,-0.25730395317077637,0.026309761484945682,-0.05862832069396973,-0.3517951965332031,0.01720082693346825,-0.055828869342803955,-0.4158923029899597,0.0036346200256147654,-0.052377939224243164,-0.47280727326869965,-0.00800079453191671,-0.04304945468902588,-0.2654799818992615,0.011520021861279872,-0.042413532733917236,-0.37075716257095337,0.003843746414268878,-0.043376386165618896,-0.4425318241119385,-0.010066198850189778,-0.04127633571624756,-0.5089966952800751,-0.02218312277845058,-0.02526336908340454,-0.26220399141311646,-0.0072704075967422455,-0.02371847629547119,-0.3637468218803406,-0.016969158047949406,-0.023850619792938232,-0.4329555630683899,-0.028513534659659,-0.023740172386169434,-0.4946037381887436,-0.03788244045725975,-0.0078067779541015625,-0.24893862009048462,-0.028152503738319012,-0.008253931999206543,-0.33374691009521484,-0.03639718956700477,-0.010619401931762695,-0.3907586634159088,-0.0414262346123806,-0.012710332870483398,-0.44322073459625244,-0.04659025810114059,idle
0.0,0.0,0.0,-0.07047981023788452,-0.05869036912918091,0.0130032100004982,-0.0928947925567627,-0.14519518613815308,0.02167925650606861,-0.09729528427124023,-0.2074599266052246,0.021583259500367546,-0.11033910512924194,-0.2588649392127991,0.01919559242556801,-0.06284302473068237,-0.28117474913597107,0.039700603507263565,-0.05831271409988403,-0.38346314430236816,0.03297466265390625,-0.053071439266204834,-0.4517019987106323,0.020070240296227837,-0.04595470428466797,-0.5124576240777969,0.008269016094310189,-0.04255783557891846,-0.2882750332355499,0.016730728022558594,-0.03863382339477539,-0.40326374769210815,0.00983980989436617,-0.03712886571884155,-0.4838118553161621,-0.005190059147970771,-0.03202885389328003,-0.5537034571170807,-0.01845316921939144,-0.023883700370788574,-0.28049328923225403,-0.009760242492156124,-0.019747614860534668,-0.39212706685066223,-0.019487443916695213,-0.017891526222229004,-0.4687483012676239,-0.032405359275834655,-0.01560366153717041,-0.5351211130619049,-0.04331100133826027,-0.006437957286834717,-0.2600181996822357,-0.037358412124412155,-0.004063963890075684,-0.35543394088745117,-0.04753889290262947,-0.00473475456237793,-0.4198603630065918,-0.05417070684601555,-0.004604756832122803,-0.4793122410774231,-0.06082471979429016,idle
0.0,0.0,0.0,-0.0600048303604126,-0.050890207290649414,0.004638245733462831,-0.07627791166305542,-0.12580054998397827,0.008453841259711048,-0.07832133769989014,-0.17714089155197144,0.005755861694001219,-0.08936649560928345,-0.21901372075080872,0.0014339718585913985,-0.05205196142196655,-0.2524043619632721,0.028745070038371345,-0.05065953731536865,-0.33938413858413696,0.020698547301821968,-0.049551188945770264,-0.40000391006469727,0.0073484544958999365,-0.046910881996154785,-0.4538303017616272,-0.004695965504265764,-0.036805927753448486,-0.2572723925113678,0.012263623936109802,-0.03909498453140259,-0.35968947410583496,0.004558513345204851,-0.04035162925720215,-0.42764365673065186,-0.009668962160117367,-0.037711918354034424,-0.4921189695596695,-0.022754412205881813,-0.022659003734588623,-0.25164225697517395,-0.007798758862532118,-0.024874866008758545,-0.3503205180168152,-0.01879399089700673,-0.025787174701690674,-0.41649025678634644,-0.03165168135053609,-0.02607572078704834,-0.4750552475452423,-0.04234680353290532,-0.010187089443206787,-0.2380581796169281,-0.029262444065875748,-0.01545184850692749,-0.31855225563049316,-0.03911524085885976,-0.020269274711608887,-0.37390071153640747,-0.045692822026080826,-0.02473527193069458,-0.4256938099861145,-0.0524224956203172,idle
0.0,0.0,0.0,-0.056698501110076904,-0.04210859537124634,0.019736546119794696,-0.07145678997039795,-0.10485875606536865,0.03397645152185902,-0.07464975118637085,-0.14855074882507324,0.03901653087709889,-0.08320754766464233,-0.18571245670318604,0.04205102941964611,-0.047904789447784424,-0.22844338417053223,0.05933547115896687,-0.0500296950340271,-0.3005647659301758,0.06496094263170704,-0.05206388235092163,-0.35189446806907654,0.060086620068297236,-0.0539584755897522,-0.3984232246875763,0.05294894150470242,-0.0346757173538208,-0.23597091436386108,0.03847290298913464,-0.04061460494995117,-0.3209661543369293,0.04309868908499226,-0.045936405658721924,-0.3790021538734436,0.03434098235343441,-0.049471378326416016,-0.43199509382247925,0.024447540780649035,-0.023724853992462158,-0.23442435264587402,0.014183018384620993,-0.03149700164794922,-0.32012706995010376,0.011803700616702884,-0.03627437353134155,-0.37719640135765076,0.0027063861769889286,-0.04092329740524292,-0.4268953204154968,-0.006039692992224843,-0.01540464162826538,-0.22700068354606628,-0.010474398704126031,-0.025801539421081543,-0.30229684710502625,-0.015164270037665517,-0.03248703479766846,-0.35140755772590637,-0.01897172161366001,-0.03789842128753662,-0.3983613848686218,-0.023992433184638173,idle
0.0,0.0,0.0,-0.04633432626724243,-0.029058396816253662,0.06391779115428164,-0.057773709297180176,-0.07591372728347778,0.10362904300917819,-0.06297314167022705,-0.1134992241859436,0.1263612561487122,-0.07195156812667847,-0.15236759185791016,0.14635152151812747,-0.03647583723068237,-0.1840914487838745,0.12972151270140841,-0.04097151756286621,-0.24426954984664917,0.16447149744261935,-0.044366300106048584,-0.2874830961227417,0.17847246458758548,-0.04825186729431152,-0.32389646768569946,0.18285564115275577,-0.02724522352218628,-0.1948319673538208,0.09227049132813647,-0.034675538539886475,-0.2665097713470459,0.12303544363011554,-0.043424785137176514,-0.31852591037750244,0.12754057874907687,-0.04847407341003418,-0.3612135946750641,0.1259947471879883,-0.0228729248046875,-0.20088297128677368,0.052640458252326994,-0.03267735242843628,-0.2717422842979431,0.0721922942065163,-0.03887629508972168,-0.3240414261817932,0.0734919511341019,-0.042973875999450684,-0.36785078048706055,0.06929518809546664,-0.022850632667541504,-0.20313924551010132,0.01529711173851922,-0.0326802134513855,-0.268261194229126,0.023839840348856,-0.03955143690109253,-0.3107050657272339,0.025563982930080442,-0.04452258348464966,-0.3492000102996826,0.02309598928322032,idle
0.0,0.0,0.0,-0.05714470148086548,-0.03527724742889404,0.013976105846118969,-0.07401221990585327,-0.0964515209197998,0.025248987957489533,-0.07851755619049072,-0.1412796974182129,0.029017612695348305,-0.09151381254196167,-0.17309266328811646,0.03114748409355883,-0.05318605899810791,-0.21791240572929382,0.04942614062095885,-0.0535585880279541,-0.2889053225517273,0.05363878829742674,-0.055244624614715576,-0.33596181869506836,0.048637314125549835,-0.05745142698287964,-0.377635657787323,0.04217235593463187,-0.03838634490966797,-0.22694993019104004,0.032933941468250794,-0.04248327016830444,-0.30696362257003784,0.037685225143683,-0.048049867153167725,-0.3576403856277466,0.030954826980483574,-0.05140191316604614,-0.40251052379608154,0.022775890662920517,-0.02456486225128174,-0.22651153802871704,0.01311589720065598,-0.02868276834487915,-0.3087939918041229,0.012713361888778252,-0.034336864948272705,-0.3600967526435852,0.006329544245851082,-0.03944087028503418,-0.4019964337348938,-0.0005443827750823971,-0.012571990489959717,-0.2197021245956421,-0.007594099842357593,-0.019038259983062744,-0.2917223572731018,-0.009554904528307873,-0.02521049976348877,-0.33833253383636475,-0.011327403240251499,-0.030734539031982422,-0.3807107210159302,-0.01479068642144199,idle
0.0,0.0,0.0,-0.06071174144744873,-0.04689657688140869,0.010246048469216618,-0.0807729959487915,-0.11985862255096436,0.018869553480417522,-0.0861172080039978,-0.17116481065750122,0.02006635700550774,-0.10094887018203735,-0.20652028918266296,0.020155374679834637,-0.05839204788208008,-0.24437132477760315,0.04483646412578324,-0.057342588901519775,-0.3273944854736328,0.04449315254774788,-0.05641871690750122,-0.38192957639694214,0.036221629727752,-0.055211424827575684,-0.42962902784347534,0.027951343704135212,-0.04207122325897217,-0.2518399953842163,0.028231925118834766,-0.04334533214569092,-0.3449140191078186,0.029787058729798588,-0.04600745439529419,-0.40417855978012085,0.02191710544017056,-0.045341312885284424,-0.45799461007118225,0.013345626901955399,-0.02532261610031128,-0.2494293451309204,0.007649474565059933,-0.026533126831054688,-0.342075914144516,0.005907151170195135,-0.02954411506652832,-0.4010084271430969,-0.00013179037463473264,-0.031323373317718506,-0.4520496279001236,-0.006702791646002737,-0.008813142776489258,-0.23934337496757507,-0.014609110753863064,-0.012332558631896973,-0.31880277395248413,-0.016725356902806965,-0.017049670219421387,-0.3713114857673645,-0.01784192326280376,-0.020957529544830322,-0.420307993888855,-0.02079307402285835,idle
0.0,0.0,0.0,-0.06300830841064453,-0.04812198877334595,0.0006581960501854667,-0.08619636297225952,-0.1395546793937683,0.00683203130259713,-0.09392035007476807,-0.20202934741973877,0.007955106210406626,-0.11041820049285889,-0.24378201365470886,0.008531731788512076,-0.057188212871551514,-0.26195037364959717,0.02730423049300512,-0.05691516399383545,-0.3578522801399231,0.01988099911480745,-0.053209006786346436,-0.4205503761768341,0.00843496178507408,-0.04748934507369995,-0.4742259681224823,-0.001183227284368371,-0.037244319915771484,-0.27184486389160156,0.01399222598641714,-0.03627467155456543,-0.37937507033348083,0.007595397767122591,-0.03535056114196777,-0.4514271914958954,-0.003605780189413821,-0.030990004539489746,-0.5138668268918991,-0.012822486225072538,-0.016323983669281006,-0.26859164237976074,-0.0033491384214947573,-0.0143812894821167,-0.3721719980239868,-0.011111001248959695,-0.01398921012878418,-0.44024133682250977,-0.02045286609560648,-0.012043595314025879,-0.49839672446250916,-0.02771598077148596,0.003923594951629639,-0.2537662386894226,-0.02286273962587515,0.004173696041107178,-0.3414912819862366,-0.02956481068164507,0.0038529634475708008,-0.3997659683227539,-0.033848235148493444,0.00439077615737915,-0.45192205905914307,-0.03808235912353197,idle
0.0,0.0,0.0,-0.07053256034851074,-0.05242955684661865,-0.002201830758451706,-0.09880286455154419,-0.15613484382629395,0.0010673065905280055,-0.10794377326965332,-0.22767794132232666,-0.0003438012147967129,-0.12320852279663086,-0.2733665108680725,-0.0025540055005990325,-0.05926835536956787,-0.2890923321247101,0.01877128540098738,-0.059449732303619385,-0.39584115147590637,0.005299556744546408,-0.054483234882354736,-0.46672357618808746,-0.01048828640460897,-0.04708904027938843,-0.526786670088768,-0.022562583698629624,-0.03399568796157837,-0.3005646765232086,0.004024215252400154,-0.02949202060699463,-0.4240404963493347,-0.008139082952141052,-0.023915410041809082,-0.5096987634897232,-0.022812196775078064,-0.014308512210845947,-0.5827216506004333,-0.03362579622745443,-0.009018301963806152,-0.2942847013473511,-0.014874108857213741,-0.001708388328552246,-0.4167209267616272,-0.02848057800412107,0.0032232999801635742,-0.4997176080942154,-0.04186498352765966,0.009063780307769775,-0.5681397914886475,-0.05073714980363775,0.014393329620361328,-0.2712721526622772,-0.03581136816620756,0.020204544067382812,-0.37469005584716797,-0.04769928732395101,0.023024916648864746,-0.4464830160140991,-0.05468502619743276,0.02557915449142456,-0.5106619298458099,-0.0599102152276032,idle
0.0,0.0,0.0,-0.07776367664337158,-0.06707698106765747,0.0033503644324213155,-0.10569572448730469,-0.18292546272277832,0.00840133164705037,-0.1132318377494812,-0.2595915198326111,0.006824864695531119,-0.1273515224456787,-0.31275537610054016,0.0029399897127717622,-0.059496283531188965,-0.31914177536964417,0.02091122061641215,-0.05634957551956177,-0.43479111790657043,0.00367512406477033,-0.04856252670288086,-0.5137684643268585,-0.015358696536409866,-0.03783291578292847,-0.5807597041130066,-0.030254075148391735,-0.02975386381149292,-0.3282415568828583,-0.00042034201511853553,-0.02101045846939087,-0.4660612940788269,-0.018402309932994854,-0.012570321559906006,-0.5644745230674744,-0.038728758537459385,-0.0006425976753234863,-0.6472412943840027,-0.053536176526236545,-0.002429068088531494,-0.31593987345695496,-0.02578568443028928,0.009680569171905518,-0.45320141315460205,-0.046686891311097156,0.0167996883392334,-0.5485696941614151,-0.06646376832692624,0.023961961269378662,-0.6285216808319092,-0.07951583697764875,0.02302861213684082,-0.28435471653938293,-0.052374645912337314,0.034716784954071045,-0.3996414244174957,-0.07282400115697385,0.03979283571243286,-0.48184554278850555,-0.0859227029916525,0.04366791248321533,-0.5573339462280273,-0.09545274808375837,idle
0.0,0.0,0.0,-0.06595778465270996,-0.05533796548843384,-0.008095567509272428,-0.09102916717529297,-0.16035765409469604,-0.009290982432403894,-0.09837323427200317,-0.23055753111839294,-0.014592237233856054,-0.11160695552825928,-0.2801232933998108,-0.021036123320200772,-0.05232733488082886,-0.2921915352344513,0.008236866981050639,-0.05021923780441284,-0.4015754461288452,-0.011568458214142652,-0.04413706064224243,-0.47650769352912903,-0.03174951432619366,-0.03590434789657593,-0.5411771535873413,-0.04679472877059254,-0.027191579341888428,-0.3026520311832428,-0.006444036889561744,-0.020601928234100342,-0.4292706847190857,-0.025137880280354352,-0.01391524076461792,-0.5221427828073502,-0.045065903499462934,-0.0043762922286987305,-0.6039101183414459,-0.05932074917826924,-0.0028955936431884766,-0.29353997111320496,-0.025376593157389493,0.005976617336273193,-0.41893818974494934,-0.04490748552952084,0.01274341344833374,-0.5063406974077225,-0.06234710051093373,0.019367218017578125,-0.582320898771286,-0.07365257798109326,0.01934295892715454,-0.2667430639266968,-0.04659165202055249,0.02686762809753418,-0.37159162759780884,-0.06374683736238751,0.030958831310272217,-0.4439767599105835,-0.07337836681280407,0.03407806158065796,-0.5097132325172424,-0.08006147800359997,idle
0.0,0.0,0.0,-0.06485909223556519,-0.06320446729660034,0.0026532569024197983,-0.08543819189071655,-0.15647894144058228,0.006542373826675885,-0.0912935733795166,-0.217046856880188,0.004014951089345686,-0.10503244400024414,-0.26496991515159607,0.00012288399710769227,-0.05730438232421875,-0.2824399769306183,0.025491587730073206,-0.05482637882232666,-0.38607069849967957,0.014047472650133841,-0.04943716526031494,-0.4554082155227661,-0.001026814541830845,-0.04203367233276367,-0.5160706639289856,-0.013574447570420034,-0.03765416145324707,-0.28899621963500977,0.008317800151132815,-0.03469085693359375,-0.40534090995788574,-0.002253987914002664,-0.03190845251083374,-0.4851960390806198,-0.018551789311743505,-0.025076985359191895,-0.5571005940437317,-0.0321181994807489,-0.018242359161376953,-0.2817518711090088,-0.012628585187769659,-0.014773666858673096,-0.3931318521499634,-0.02461584107396675,-0.012345612049102783,-0.46962836384773254,-0.03875073985574318,-0.008895516395568848,-0.5367265939712524,-0.04980198861477447,-0.000317990779876709,-0.2631261348724365,-0.03535100640175415,0.0011612176895141602,-0.35606205463409424,-0.04546386943576408,0.001080334186553955,-0.4195212125778198,-0.05231853397009445,0.0017417669296264648,-0.4770250618457794,-0.058849619789100416,idle
0.0,0.0,0.0,-0.05953103303909302,-0.05277061462402344,0.006617601916399707,-0.07757210731506348,-0.1300385594367981,0.01198512870093893,-0.08113968372344971,-0.18266743421554565,0.010462138757315387,-0.09333795309066772,-0.22718331217765808,0.00767511404326271,-0.056769371032714844,-0.2548922896385193,0.03445209372064184,-0.05560225248336792,-0.34354162216186523,0.028413480103221644,-0.05426180362701416,-0.40435275435447693,0.016096487596836795,-0.05150550603866577,-0.45896846055984497,0.004781448237803687,-0.04067051410675049,-0.2600609362125397,0.017531927630511035,-0.042253196239471436,-0.36314594745635986,0.012497945644167174,-0.043485939502716064,-0.43141230940818787,-0.0004907285773931847,-0.040726423263549805,-0.495497390627861,-0.012815657116266976,-0.025467216968536377,-0.2549901604652405,-0.0030933726092605696,-0.025867581367492676,-0.35361412167549133,-0.011299673512372266,-0.026167750358581543,-0.4201272130012512,-0.02264985260346819,-0.026053905487060547,-0.4787963032722473,-0.03260505017617632,-0.011588633060455322,-0.24190622568130493,-0.025181515186819325,-0.014396488666534424,-0.32307830452919006,-0.032267162620815526,-0.018381595611572266,-0.37771034240722656,-0.036872996061834584,-0.022452890872955322,-0.4287808835506439,-0.04237865102270533,idle
0.0,0.0,0.0,-0.055491626262664795,-0.047615647315979004,0.019740516296224087,-0.07031083106994629,-0.11207568645477295,0.03261936826129386,-0.07380962371826172,-0.15700674057006836,0.03641114754100272,-0.0839129090309143,-0.19370996952056885,0.03838544336576888,-0.04990178346633911,-0.2362462878227234,0.055846717184977024,-0.05061697959899902,-0.3114776313304901,0.05923527104278037,-0.05131322145462036,-0.36319875717163086,0.05315747482200095,-0.05139422416687012,-0.40903472900390625,0.045624345517353504,-0.03637051582336426,-0.24343949556350708,0.034893903857664554,-0.04100537300109863,-0.33188849687576294,0.03772865605969855,-0.0444757342338562,-0.38974493741989136,0.029495168453649967,-0.04524660110473633,-0.4416559934616089,0.02026540969927737,-0.024374544620513916,-0.24095776677131653,0.01068812047560641,-0.03033071756362915,-0.3296547830104828,0.008155559165970772,-0.03414815664291382,-0.3868303894996643,0.0008762245761317899,-0.03735536336898804,-0.4351498782634735,-0.006514232629342587,-0.014454305171966553,-0.23139843344688416,-0.013986367755933315,-0.023399293422698975,-0.3076404333114624,-0.017768314131899388,-0.030035555362701416,-0.35811683535575867,-0.02004182341079286,-0.035272419452667236,-0.4050075113773346,-0.023896535882158787,idle
0.0,0.0,0.0,-0.05053913593292236,-0.03759533166885376,0.03754748232702099,-0.062484920024871826,-0.09264576435089111,0.059893159345186575,-0.0667223334312439,-0.1340598464012146,0.06942628897765957,-0.07591569423675537,-0.1743442416191101,0.07661968298295818,-0.04184520244598389,-0.2064412236213684,0.08538088776210628,-0.04537445306777954,-0.27430835366249084,0.10155405677894436,-0.048289358615875244,-0.3221158981323242,0.1029432398829826,-0.05067795515060425,-0.36542022228240967,0.09952232815364681,-0.030286550521850586,-0.21522513031959534,0.056666629538334234,-0.03816038370132446,-0.2942923605442047,0.07155988194087826,-0.04549121856689453,-0.35058510303497314,0.06729610092977367,-0.04955488443374634,-0.3998669981956482,0.05967045776585422,-0.02161794900894165,-0.21744981408119202,0.02522319197694145,-0.030469059944152832,-0.2960781753063202,0.032776428535974844,-0.03593277931213379,-0.3509235978126526,0.02808845803181015,-0.040385544300079346,-0.3984415531158447,0.02051091581622444,-0.0161285400390625,-0.21468627452850342,-0.005671940128856079,-0.026831328868865967,-0.2841780185699463,-0.0023521192740432184,-0.03423428535461426,-0.3291436433792114,-0.0021829137947193544,-0.039835572242736816,-0.371303915977478,-0.005675918273233549,idle
0.0,0.0,0.0,-0.056376755237579346,-0.0426521897315979,0.015577339298388893,-0.07165312767028809,-0.10193431377410889,0.026986914418003494,-0.07587414979934692,-0.14430969953536987,0.03062124989118331,-0.08926784992218018,-0.17302978038787842,0.03256647541310542,-0.05643683671951294,-0.22082138061523438,0.05137250824954265,-0.05700725317001343,-0.2908715307712555,0.05600736542727702,-0.059467434883117676,-0.33743807673454285,0.05125267683651202,-0.06277281045913696,-0.3783795237541199,0.0447122777917599,-0.042474210262298584,-0.2287188172340393,0.0341788741865372,-0.04659944772720337,-0.30707404017448425,0.038490588507912094,-0.052448272705078125,-0.35657167434692383,0.032115678034088546,-0.05704253911972046,-0.39953112602233887,0.024237426660320693,-0.029110252857208252,-0.2265963852405548,0.013738225876650745,-0.034421563148498535,-0.3065086305141449,0.012810614622495109,-0.040721893310546875,-0.355218768119812,0.0073310124793266596,-0.04752689599990845,-0.3951845169067383,0.0011036393338059725,-0.017785370349884033,-0.2176017165184021,-0.007428097341843909,-0.02522367238998413,-0.286583811044693,-0.009593593225517338,-0.03199344873428345,-0.33067983388900757,-0.010710770533123082,-0.03865766525268555,-0.37125155329704285,-0.013814115234353608,idle
0.0,0.0,0.0,-0.05995512008666992,-0.044662296772003174,0.008595707829190502,-0.07874739170074463,-0.11238449811935425,0.01597797125865341,-0.08381694555282593,-0.16047286987304688,0.016519803556693802,-0.09663534164428711,-0.19649183750152588,0.01561887283165575,-0.05952858924865723,-0.23369917273521423,0.039962036538018,-0.05873727798461914,-0.3134799003601074,0.03911100141991497,-0.05949586629867554,-0.365797221660614,0.030691994357002983,-0.06068408489227295,-0.412004292011261,0.022190114486111412,-0.04377537965774536,-0.24077549576759338,0.024671157824887047,-0.04644274711608887,-0.32954785227775574,0.02483500168014885,-0.051136672496795654,-0.38633638620376587,0.015723770487202415,-0.05310589075088501,-0.43763577938079834,0.006050353872669945,-0.028193652629852295,-0.23755624890327454,0.0057885483867359255,-0.030061781406402588,-0.3260594606399536,0.0023310240386855696,-0.0343317985534668,-0.3815400004386902,-0.005490859967576256,-0.038645803928375244,-0.4279009699821472,-0.013196072538303127,-0.013752996921539307,-0.22662809491157532,-0.014463220720099201,-0.016822397708892822,-0.301776647567749,-0.01758608035455822,-0.021396219730377197,-0.35092252492904663,-0.0197595357866156,-0.026226401329040527,-0.3957764506340027,-0.02356326393495678,idle
0.0,0.0,0.0,-0.06062835454940796,-0.047379910945892334,0.0036026993123776663,-0.08226889371871948,-0.12872260808944702,0.009819622087288593,-0.09033465385437012,-0.18526232242584229,0.0105820623515136,-0.10599273443222046,-0.22396260499954224,0.01048913777898619,-0.05833292007446289,-0.24847576022148132,0.02932999928574631,-0.05987393856048584,-0.3410112261772156,0.022595220181155895,-0.05865365266799927,-0.4022713899612427,0.011699445481408333,-0.05545228719711304,-0.4550793319940567,0.002451295900154804,-0.03971695899963379,-0.25697964429855347,0.0150682674078233,-0.040180087089538574,-0.35789620876312256,0.00920732685457537,-0.04086315631866455,-0.42570173740386963,-0.0019123944863714826,-0.03761833906173706,-0.4855215698480606,-0.011308613297533299,-0.020254194736480713,-0.2537517845630646,-0.002824293746616746,-0.019260108470916748,-0.3507598340511322,-0.01010866562743118,-0.019297003746032715,-0.41481441259384155,-0.018945339200090672,-0.01740652322769165,-0.4708479791879654,-0.026079655689191128,-0.0018497705459594727,-0.24068742990493774,-0.0225268500568383,-0.0023859739303588867,-0.32249942421913147,-0.028581907105635906,-0.0031601786613464355,-0.37701570987701416,-0.0321098576011174,-0.0033316612243652344,-0.42622530460357666,-0.03592653672118118,idle
0.0,0.0,0.0,-0.06698411703109741,-0.052066922187805176,-0.000372356917985428,-0.09574037790298462,-0.1500508189201355,0.0032449679483690375,-0.10548681020736694,-0.2188875377178192,0.001567785561739754,-0.12148487567901611,-0.2655598223209381,-0.000811656537742067,-0.06195765733718872,-0.28736838698387146,0.022913155661619555,-0.06147235631942749,-0.3915705382823944,0.012161496611035716,-0.05858880281448364,-0.45975665748119354,-0.0017419771256825811,-0.05339467525482178,-0.5173352360725403,-0.012996866783403505,-0.03864842653274536,-0.29828202724456787,0.007828062915898215,-0.036229610443115234,-0.41505560278892517,-0.0025025626610002405,-0.03400510549545288,-0.49379220604896545,-0.01598846208890592,-0.02760106325149536,-0.5602551400661469,-0.026322689323031057,-0.014179229736328125,-0.2921014726161957,-0.011223045593403924,-0.00970834493637085,-0.405610591173172,-0.02260275971730863,-0.007279038429260254,-0.47999729216098785,-0.033403961403571714,-0.0033299922943115234,-0.5439393818378448,-0.04128846008917009,0.009724259376525879,-0.27048227190971375,-0.032395812167131055,0.014791131019592285,-0.36455318331718445,-0.04203421477814828,0.016452670097351074,-0.4284816384315491,-0.0471170455648533,0.018100976943969727,-0.4859381318092346,-0.051476465953790296,idle
0.0,0.0,0.0,-0.07247054576873779,-0.05676513910293579,-0.00683847127626791,-0.10375285148620605,-0.1695312261581421,-0.005961835497572565,-0.11071056127548218,-0.24518072605133057,-0.009062099383726263,-0.1237383484840393,-0.2932926118373871,-0.01292388804401412,-0.056540846824645996,-0.30990830063819885,0.011525122335598326,-0.05323880910873413,-0.41979074478149414,-0.0049461309067453385,-0.0471806526184082,-0.4934931993484497,-0.02299314748640313,-0.0380711555480957,-0.5569609254598618,-0.0369735454409863,-0.026652276515960693,-0.32103991508483887,-0.002955640779390478,-0.018472611904144287,-0.45107099413871765,-0.018510161080911303,-0.010982275009155273,-0.5422048270702362,-0.034815961608245516,0.0001729130744934082,-0.6201446354389191,-0.04673340741689458,0.0022240281105041504,-0.31022557616233826,-0.02189071674044385,0.0135498046875,-0.4403596520423889,-0.0391325374334599,0.02086251974105835,-0.5276574939489365,-0.0538815018921639,0.028493642807006836,-0.6013322174549103,-0.06354034889633908,0.029333531856536865,-0.28043562173843384,-0.043179666736676836,0.041580140590667725,-0.3900461792945862,-0.05983211297686353,0.04723465442657471,-0.4669354557991028,-0.06918330688174024,0.051708340644836426,-0.5363911390304565,-0.07570541847641721,idle
0.0,0.0,0.0,-0.06940734386444092,-0.052622437477111816,-0.008522051485471138,-0.10099643468856812,-0.15890592336654663,-0.010273355158261666,-0.11008387804031372,-0.23195180296897888,-0.015909184800676712,-0.12331569194793701,-0.2834939658641815,-0.02234813115208567,-0.056474924087524414,-0.2985028922557831,0.00654736942962586,-0.0534856915473938,-0.41191568970680237,-0.011726045148662934,-0.04658770561218262,-0.48742055892944336,-0.029784209193877587,-0.03689610958099365,-0.5515273213386536,-0.043293616833381066,-0.030153274536132812,-0.3079562187194824,-0.0071916031709235995,-0.022961676120758057,-0.43670326471328735,-0.023702540533832916,-0.01512223482131958,-0.5259516835212708,-0.039741787227086434,-0.002843797206878662,-0.6034295558929443,-0.05146406507699908,-0.0038657188415527344,-0.2974919080734253,-0.025342642428569206,0.006891846656799316,-0.42559176683425903,-0.043201337667397866,0.01420682668685913,-0.511418953537941,-0.05758987656443537,0.022145867347717285,-0.5832008421421051,-0.06697773850171984,0.02086007595062256,-0.2699853777885437,-0.0459306380769533,0.031226813793182373,-0.37715986371040344,-0.06243009409516276,0.036731839179992676,-0.45159170031547546,-0.07136137700288714,0.04112440347671509,-0.5184131860733032,-0.07756654834955157,idle
0.0,0.0,0.0,-0.0627206563949585,-0.049159884452819824,-0.0019156168956016018,-0.08720695972442627,-0.1418958306312561,0.0005167264798018323,-0.09656298160552979,-0.20452067255973816,-0.001906543834664376,-0.11262005567550659,-0.24907302856445312,-0.005207695629977138,-0.05477374792098999,-0.26885274052619934,0.017803254905558674,-0.05442780256271362,-0.3703879117965698,0.005284027099079935,-0.05145454406738281,-0.4390939474105835,-0.008936798763059528,-0.04666668176651001,-0.4976256936788559,-0.02015169207432166,-0.03490495681762695,-0.2785756289958954,0.0034442068035076545,-0.03212308883666992,-0.39110374450683594,-0.0082660844592084,-0.028882384300231934,-0.47047802805900574,-0.022314845216058643,-0.02145439386367798,-0.5406523048877716,-0.032948496383212955,-0.013874173164367676,-0.27271854877471924,-0.01474990938284293,-0.009078502655029297,-0.38295310735702515,-0.02763186451473132,-0.005550563335418701,-0.45772066712379456,-0.039812526297353656,-0.0013303160667419434,-0.5225983262062073,-0.04825045410969153,0.006498515605926514,-0.2528945803642273,-0.034977721613429935,0.009847640991210938,-0.3457756042480469,-0.0461065420923461,0.011162757873535156,-0.4089217483997345,-0.05249697957613364,0.012050926685333252,-0.46569278836250305,-0.05754685644485846,idle
0.0,0.0,0.0,-0.058144330978393555,-0.05060100555419922,-0.0013527466048843806,-0.07862967252731323,-0.12826168537139893,-0.0010998500342838113,-0.08395379781723022,-0.18297529220581055,-0.00604623181925934,-0.09704691171646118,-0.22589290142059326,-0.012030728610175068,-0.05527019500732422,-0.25485047698020935,0.019655704980773514,-0.05513399839401245,-0.34705767035484314,0.009529102144820278,-0.05430769920349121,-0.40717020630836487,-0.004062655365037138,-0.05271631479263306,-0.45953796803951263,-0.015398049244599754,-0.038814544677734375,-0.2597416043281555,0.006103449517918413,-0.038254737854003906,-0.36239486932754517,-0.0022046980279855077,-0.040303170680999756,-0.42934054136276245,-0.015374575259106571,-0.03935444355010986,-0.49079471826553345,-0.02717980880470794,-0.02187645435333252,-0.25436079502105713,-0.011149351933913643,-0.020327210426330566,-0.3519285321235657,-0.02038121547730487,-0.02224653959274292,-0.4162708520889282,-0.031045749301033432,-0.02368772029876709,-0.4732981473207474,-0.040294674673991615,-0.005849719047546387,-0.24033185839653015,-0.030529601016955787,-0.006263792514801025,-0.3205875754356384,-0.037343652436452324,-0.008508026599884033,-0.37433212995529175,-0.04161806170077842,-0.010824143886566162,-0.4234381318092346,-0.0466527766379885,idle
0.0,0.0,0.0,-0.05395549535751343,-0.04273629188537598,0.006665254302419044,-0.07075768709182739,-0.10890448093414307,0.012391042720622636,-0.07408958673477173,-0.15683603286743164,0.011305738996810533,-0.08578938245773315,-0.19512981176376343,0.008928374212331391,-0.05230855941772461,-0.22628945112228394,0.03658960462743721,-0.05321943759918213,-0.3045334815979004,0.03374553919965706,-0.0544549822807312,-0.35850009322166443,0.02403397374982319,-0.05567258596420288,-0.40665119886398315,0.014582985837108708,-0.03855472803115845,-0.23378169536590576,0.021144849073237992,-0.04216212034225464,-0.3239763379096985,0.019414781417793847,-0.04640322923660278,-0.3832845985889435,0.009061937976724721,-0.04774904251098633,-0.439079225063324,-0.0013275449749983181,-0.024769484996795654,-0.2317763864994049,0.0020523989220180283,-0.02834385633468628,-0.319783091545105,-0.002888227755107664,-0.03167766332626343,-0.37838804721832275,-0.011784563947372817,-0.034795403480529785,-0.42994189262390137,-0.020180893305592917,-0.012143194675445557,-0.22238436341285706,-0.018601763237171554,-0.01802116632461548,-0.29668736457824707,-0.022978699941091918,-0.023717641830444336,-0.3464001417160034,-0.02595641015832939,-0.028989791870117188,-0.39252784848213196,-0.03029233327870884,idle
0.0,0.0,0.0,-0.052554309368133545,-0.04174238443374634,0.034501552365739485,-0.06706809997558594,-0.09745407104492188,0.0542945822403027,-0.0717700719833374,-0.13898169994354248,0.061504550062139174,-0.08190047740936279,-0.1762828826904297,0.06599133067579999,-0.04738062620162964,-0.21544727683067322,0.08085570835324063,-0.05045574903488159,-0.28255924582481384,0.0951111053750111,-0.053974688053131104,-0.328861802816391,0.09534907691927685,-0.05778908729553223,-0.37098249793052673,0.09090157949181332,-0.03576219081878662,-0.2241159975528717,0.05280186586828961,-0.04318791627883911,-0.3020109534263611,0.06502745651455655,-0.05098444223403931,-0.3553920388221741,0.060142010234315535,-0.05703181028366089,-0.40109604597091675,0.05223947369309201,-0.026509881019592285,-0.22389671206474304,0.02182318434866204,-0.03512859344482422,-0.30289164185523987,0.02595860116930737,-0.04127359390258789,-0.3554285764694214,0.02119299747796788,-0.04801452159881592,-0.4003540873527527,0.014158243097384116,-0.02033323049545288,-0.21739602088928223,-0.008732064843158582,-0.03109687566757202,-0.287965327501297,-0.008738970600049356,-0.039041340351104736,-0.3336581885814667,-0.009250464133899072,-0.04628026485443115,-0.3776261806488037,-0.012774768501500944,idle
0.0,0.0,0.0,-0.055962324142456055,-0.03882896900177002,0.013772518698900171,-0.0739317536354065,-0.10067522525787354,0.02444931059035582,-0.08022230863571167,-0.1446164846420288,0.02719343020471854,-0.09438896179199219,-0.1730327606201172,0.028346614305704065,-0.05710381269454956,-0.21686843037605286,0.05082781924757285,-0.0596003532409668,-0.2865934669971466,0.054755675931303927,-0.0628817081451416,-0.3349907100200653,0.0495653220907144,-0.06719624996185303,-0.3775317668914795,0.042803760011523195,-0.04324054718017578,-0.2256322205066681,0.03372830836924834,-0.04961585998535156,-0.304909348487854,0.038154843588202425,-0.05697822570800781,-0.3564319610595703,0.03186510442647261,-0.06209331750869751,-0.40371695160865784,0.024154064570396372,-0.02981269359588623,-0.2246023714542389,0.012991715547471472,-0.03735804557800293,-0.3058779239654541,0.012161461961298414,-0.044347405433654785,-0.3569343388080597,0.006694442451774307,-0.051034629344940186,-0.4006812572479248,0.00048251991866266053,-0.017878472805023193,-0.2167491316795349,-0.008846782754332594,-0.02772068977355957,-0.28760188817977905,-0.011255773390800528,-0.036440908908843994,-0.3339236378669739,-0.012551734830410055,-0.04465293884277344,-0.37758880853652954,-0.01565587022450643,idle
0.0,0.0,0.0,-0.058502018451690674,-0.042758405208587646,0.005631227027862451,-0.07971340417861938,-0.1126754879951477,0.011188143845885179,-0.08724266290664673,-0.16199487447738647,0.010531232673912427,-0.10218185186386108,-0.19785505533218384,0.008849472720413587,-0.06106311082839966,-0.23251131176948547,0.03349188527116098,-0.06271159648895264,-0.31392085552215576,0.03005563279637613,-0.06431537866592407,-0.3676854372024536,0.020824288930981538,-0.06568485498428345,-0.41410332918167114,0.012240837309747121,-0.045497357845306396,-0.2404104471206665,0.019238030519574068,-0.049839019775390625,-0.33146145939826965,0.017781643178551576,-0.055040597915649414,-0.38935500383377075,0.009502015989511392,-0.0570073127746582,-0.4417145848274231,0.0008952580208472227,-0.029253780841827393,-0.2384255826473236,0.001276145088723979,-0.03297889232635498,-0.3281328082084656,-0.0027543383368708874,-0.03781241178512573,-0.38475820422172546,-0.009236092697591403,-0.04181718826293945,-0.43347081542015076,-0.015767870489270308,-0.013434648513793945,-0.22819149494171143,-0.018439937401325324,-0.01827263832092285,-0.30406951904296875,-0.022110380250722983,-0.023915350437164307,-0.3545896112918854,-0.024086657929927924,-0.029565155506134033,-0.4008929431438446,-0.027456596512109854,idle
0.0,0.0,0.0,-0.058520615100860596,-0.03891044855117798,-0.0016155273061499997,-0.08385491371154785,-0.12166261672973633,0.002633851150584121,-0.09439593553543091,-0.17986828088760376,0.002444310242843528,-0.11185449361801147,-0.2178734838962555,0.0017422811487435297,-0.05681252479553223,-0.24104148149490356,0.022669302894335885,-0.059905409812927246,-0.3307059705257416,0.014585831797283788,-0.060508131980895996,-0.39054179191589355,0.0030672451374798015,-0.05983847379684448,-0.44182175397872925,-0.006543785204577546,-0.038699448108673096,-0.25210657715797424,0.010630696675342222,-0.04022336006164551,-0.3502332270145416,0.003079367697772284,-0.043173789978027344,-0.4186324179172516,-0.008795890362399916,-0.04350024461746216,-0.4779182970523834,-0.018160094843644004,-0.01937633752822876,-0.2503933012485504,-0.005165981931078534,-0.020502328872680664,-0.34566378593444824,-0.014005804771024088,-0.022965192794799805,-0.40966174006462097,-0.02407094963027845,-0.024340808391571045,-0.46500156819820404,-0.03138091541959653,-0.0002841949462890625,-0.23757389187812805,-0.023077194915551047,-0.0018158555030822754,-0.3201332092285156,-0.030734741465586524,-0.00468820333480835,-0.3743773102760315,-0.03551861770583997,-0.007735729217529297,-0.4225390553474426,-0.0396500540538014,idle
0.0,0.0,0.0,-0.07050472497940063,-0.0524633526802063,-0.0021392196029381694,-0.1004074215888977,-0.14785504341125488,0.0007145978199361025,-0.11094701290130615,-0.21563702821731567,-0.0015530939524950327,-0.12855595350265503,-0.26288890838623047,-0.0049477145619647445,-0.06365060806274414,-0.2792312502861023,0.020514648353312737,-0.0653076171875,-0.38185569643974304,0.008637648952756649,-0.06341975927352905,-0.4503197818994522,-0.006280628553028578,-0.059101104736328125,-0.5091584324836731,-0.018321732113506073,-0.03936737775802612,-0.29197847843170166,0.005895640646670586,-0.03855210542678833,-0.40790364146232605,-0.005388123037661785,-0.03761625289916992,-0.48748810589313507,-0.020291617194558853,-0.03219848871231079,-0.5554995834827423,-0.031763365546609634,-0.01489633321762085,-0.28647443652153015,-0.012784254791583294,-0.01251232624053955,-0.39982491731643677,-0.025651799569274658,-0.011777341365814209,-0.47471778094768524,-0.03811779064908194,-0.009017348289489746,-0.5388907343149185,-0.04692070377841162,0.008273780345916748,-0.26515546441078186,-0.033632272908832306,0.01068812608718872,-0.36072930693626404,-0.044824255684758896,0.01017916202545166,-0.4252314567565918,-0.051121922264243835,0.009939074516296387,-0.4832667112350464,-0.056251129189874405,idle
0.0,0.0,0.0,-0.0764361023902893,-0.052409350872039795,-0.005223906958178759,-0.10756093263626099,-0.16137325763702393,-0.0034026134625833038,-0.11501401662826538,-0.23691409826278687,-0.005942487517074824,-0.13404357433319092,-0.28419381380081177,-0.010152088837401152,-0.0614200234413147,-0.29421746730804443,0.01301482935838294,-0.060092270374298096,-0.3975643217563629,-0.0020126701664935354,-0.05652201175689697,-0.46716709434986115,-0.01922870928950715,-0.04994410276412964,-0.5282551050186157,-0.03322521167405057,-0.030866622924804688,-0.3068428933620453,-0.002449937989638329,-0.023504793643951416,-0.4331236183643341,-0.01842566708631921,-0.019050121307373047,-0.5239725410938263,-0.03610631766326833,-0.011407196521759033,-0.6023789346218109,-0.049180443757848025,-0.002801954746246338,-0.29612743854522705,-0.022171096304134608,0.0067604780197143555,-0.4233185350894928,-0.041400085562543154,0.011652946472167969,-0.5107924789190292,-0.059070124650077105,0.016143739223480225,-0.5859212279319763,-0.07064031752355504,0.022986769676208496,-0.2658364772796631,-0.04375435727246213,0.03163564205169678,-0.37362146377563477,-0.062446578764991045,0.03306204080581665,-0.44887828826904297,-0.0741601208091538,0.03299403190612793,-0.518173485994339,-0.0826633715868752,idle
0.0,0.0,0.0,-0.07136112451553345,-0.05348527431488037,-0.0025011384935424985,-0.10259038209915161,-0.15621739625930786,-0.0009904162801177563,-0.11282789707183838,-0.22805702686309814,-0.004798907095690197,-0.12923157215118408,-0.2800639271736145,-0.010091302691151327,-0.06068861484527588,-0.290326863527298,0.01719925668264466,-0.05953496694564819,-0.39526522159576416,0.003053231157238656,-0.05624359846115112,-0.46621306240558624,-0.01374771423463983,-0.05069243907928467,-0.5283479988574982,-0.027418860009063906,-0.03355985879898071,-0.3029736876487732,0.00047246648288989945,-0.027231574058532715,-0.42855304479599,-0.013670980705072111,-0.023263633251190186,-0.5168169587850571,-0.03064274299715919,-0.016145050525665283,-0.5927473604679108,-0.04354528222059173,-0.007860302925109863,-0.29408735036849976,-0.020340448951472467,-0.0008268356323242188,-0.4184626340866089,-0.036515864318360514,0.002942800521850586,-0.5020065903663635,-0.05160229164933128,0.0068242549896240234,-0.5738556087017059,-0.06207300979470176,0.015494823455810547,-0.266713410615921,-0.04310847330664558,0.020279526710510254,-0.37122705578804016,-0.05815435457800788,0.020551681518554688,-0.44293713569641113,-0.06690459582780761,0.019968509674072266,-0.5085340291261673,-0.07366107288574142,idle
0.0,0.0,0.0,-0.06522524356842041,-0.04653364419937134,-0.0026094870005550774,-0.09258615970611572,-0.1400650143623352,6.31467959095744e-05,-0.10320043563842773,-0.20474913716316223,-0.0020309955176713856,-0.12037086486816406,-0.249567449092865,-0.004953726503700295,-0.060100018978118896,-0.2652524709701538,0.018754943430721482,-0.06333792209625244,-0.3621274530887604,0.007465330109297952,-0.06289148330688477,-0.42705750465393066,-0.006695762585550824,-0.06032675504684448,-0.4834144413471222,-0.018388247891962806,-0.03837382793426514,-0.27816885709762573,0.00487639025628539,-0.03823244571685791,-0.38957157731056213,-0.0056648765054347905,-0.03949594497680664,-0.4681549370288849,-0.01969647112458972,-0.03764975070953369,-0.5366823673248291,-0.030704662978351394,-0.016485631465911865,-0.2742040157318115,-0.012864523410499373,-0.015300571918487549,-0.3831957280635834,-0.024279185414016524,-0.016101717948913574,-0.45601242780685425,-0.036395049497187415,-0.016156136989593506,-0.5188142657279968,-0.0454324025955799,0.004117727279663086,-0.25496596097946167,-0.03278452049165992,0.0031078457832336426,-0.3435642719268799,-0.04212849850922851,0.00045806169509887695,-0.4029097855091095,-0.04780326674848823,-0.0022850632667541504,-0.456090971827507,-0.05292501191765098,idle
0.0,0.0,0.0,-0.06121385097503662,-0.04527461528778076,0.0003509655293632008,-0.08388763666152954,-0.12559294700622559,0.003274230541577161,-0.09087103605270386,-0.18240886926651,0.0006946908765561588,-0.10560011863708496,-0.22626391053199768,-0.002788750199685275,-0.059798479080200195,-0.25025227665901184,0.02324100842132193,-0.06189471483230591,-0.34349966049194336,0.014388338452120841,-0.061789512634277344,-0.40613657236099243,0.001974752660756529,-0.06021618843078613,-0.4606144279241562,-0.008698313707570016,-0.0424957275390625,-0.2581172287464142,0.008991496426900447,-0.044977426528930664,-0.36160218715667725,0.0013467485773466237,-0.048319220542907715,-0.431148886680603,-0.01120547785059589,-0.04805201292037964,-0.4942358136177063,-0.022120363289574563,-0.02468085289001465,-0.2540995478630066,-0.008994926909069001,-0.0266534686088562,-0.35384202003479004,-0.01845484899924177,-0.02993565797805786,-0.42058229446411133,-0.028882521415213525,-0.031885743141174316,-0.47959525883197784,-0.037440254563549935,-0.007498979568481445,-0.23991486430168152,-0.029010429257611214,-0.011605560779571533,-0.3220561742782593,-0.03721418904707807,-0.01658564805984497,-0.37740272283554077,-0.04220648037836927,-0.021014392375946045,-0.4280097484588623,-0.04724507706807035,idle
0.0,0.0,0.0,-0.05688905715942383,-0.0446619987487793,0.01252706143121074,-0.07640790939331055,-0.11298763751983643,0.021127624242108567,-0.08257204294204712,-0.16253310441970825,0.021780634103816254,-0.09620994329452515,-0.20140856504440308,0.021290266691249116,-0.05710047483444214,-0.22649991512298584,0.04381945150951694,-0.06037247180938721,-0.3052474856376648,0.042316926448147996,-0.06338632106781006,-0.3598477244377136,0.033626535712283356,-0.06555360555648804,-0.4086308479309082,0.0248692182735617,-0.04273718595504761,-0.23470398783683777,0.025136837540667756,-0.048564910888671875,-0.3267331123352051,0.023404490007560952,-0.05515336990356445,-0.389577716588974,0.01383410747210334,-0.05825459957122803,-0.4472656548023224,0.004736428885262711,-0.028215765953063965,-0.23310479521751404,0.003031854555484159,-0.03336912393569946,-0.323726087808609,-0.0017577755120505856,-0.03860044479370117,-0.3841126561164856,-0.008853266210753219,-0.04279470443725586,-0.43730786442756653,-0.015500555010039108,-0.013840675354003906,-0.2229340672492981,-0.02028258350630452,-0.02081596851348877,-0.2983517050743103,-0.02463266459246327,-0.0279158353805542,-0.3488089442253113,-0.026537638352710502,-0.03398483991622925,-0.39578044414520264,-0.02966942471404721,idle
0.0,0.0,0.0,-0.05559641122817993,-0.04251199960708618,0.02974824404331855,-0.07341688871383667,-0.10340756177902222,0.04763427918764762,-0.07963615655899048,-0.14690089225769043,0.05397889187547378,-0.09293067455291748,-0.17888635396957397,0.05771467631670646,-0.055553317070007324,-0.21665218472480774,0.0702488402089756,-0.060285747051239014,-0.2863493263721466,0.0795523354968708,-0.0640798807144165,-0.3348855972290039,0.0772879848441761,-0.06733882427215576,-0.3785665035247803,0.0715337226352375,-0.041514694690704346,-0.22613057494163513,0.04355890473338775,-0.0495339035987854,-0.3099830150604248,0.0508280264398735,-0.05748361349105835,-0.3666033148765564,0.044494980778424065,-0.06290954351425171,-0.4168868362903595,0.03624604811879806,-0.02875375747680664,-0.22514474391937256,0.013814430516092102,-0.037262141704559326,-0.30886879563331604,0.013647114690272133,-0.04434877634048462,-0.36486032605171204,0.006664266642061989,-0.05070483684539795,-0.41330647468566895,-0.0012348492677602962,-0.017949938774108887,-0.2165270447731018,-0.015757883135350426,-0.02968144416809082,-0.2882944941520691,-0.019459592346223076,-0.038981616497039795,-0.3369954526424408,-0.022763768378766258,-0.047055721282958984,-0.38384175300598145,-0.027946720067532738,idle
0.0,0.0,0.0,-0.05722540616989136,-0.039154648780822754,0.01722931941252881,-0.07705479860305786,-0.10065644979476929,0.02952548009556466,-0.08464229106903076,-0.14505374431610107,0.03287955825430089,-0.09818035364151001,-0.1772138476371765,0.034426976789056596,-0.06030857563018799,-0.2170456051826477,0.0548037410269373,-0.06310480833053589,-0.2884664833545685,0.05908969124060803,-0.06595927476882935,-0.3365505039691925,0.05393530880314046,-0.06910300254821777,-0.37967556715011597,0.04715395425659352,-0.044947683811187744,-0.22654718160629272,0.03525074278217488,-0.05127274990081787,-0.3073146343231201,0.03988000084859067,-0.05901932716369629,-0.3613499701023102,0.03340432127219373,-0.06456589698791504,-0.40953004360198975,0.025565645519911584,-0.02986699342727661,-0.22569292783737183,0.01209556018215352,-0.03748464584350586,-0.30791401863098145,0.011120441232144174,-0.044992685317993164,-0.36003172397613525,0.005670912426232633,-0.05226379632949829,-0.40399131178855896,-0.0004379452068477008,-0.016388773918151855,-0.21676817536354065,-0.01199047653722829,-0.02652651071548462,-0.28804686665534973,-0.01510707302737302,-0.036095380783081055,-0.3354010283946991,-0.016768842141807738,-0.04520702362060547,-0.37981224060058594,-0.020019096459925834,idle
0.0,0.0,0.0,-0.059925377368927,-0.03909158706665039,0.0055256538848880155,-0.0837181806564331,-0.10959410667419434,0.010540751443386398,-0.09188365936279297,-0.16114842891693115,0.008976982609510742,-0.10715609788894653,-0.19749927520751953,0.0062751110467615945,-0.06585156917572021,-0.23703303933143616,0.03519426722186836,-0.06794947385787964,-0.317462682723999,0.03219711471456321,-0.07015347480773926,-0.36871734261512756,0.02271543134111198,-0.07223272323608398,-0.4134884476661682,0.013624246866584144,-0.04924649000167847,-0.24623051285743713,0.020534435921490513,-0.05440324544906616,-0.3354271352291107,0.01985630083936485,-0.06026315689086914,-0.3908194899559021,0.01175705220657619,-0.06315946578979492,-0.44003188610076904,0.002880175301015697,-0.03199535608291626,-0.24449270963668823,0.0019794019694927556,-0.036945641040802,-0.3348792493343353,-0.001736243901632406,-0.04262888431549072,-0.3886445164680481,-0.007373664825081505,-0.04794496297836304,-0.43360644578933716,-0.013584514445483364,-0.01520305871963501,-0.23365318775177002,-0.018420796207010426,-0.02147805690765381,-0.3104076087474823,-0.021725320554196514,-0.02811044454574585,-0.3602781295776367,-0.022891267499744572,-0.034768640995025635,-0.40589720010757446,-0.025864764413654484,idle
0.0,0.0,0.0,-0.060810208320617676,-0.041378796100616455,0.0019049809337658985,-0.08507072925567627,-0.12071841955184937,0.0068279960681749685,-0.09423714876174927,-0.17697769403457642,0.006358000405604969,-0.11119437217712402,-0.2163599729537964,0.0048682251502825125,-0.06012308597564697,-0.24176624417304993,0.025513539512182604,-0.06292206048965454,-0.33026182651519775,0.018618092362309824,-0.06354427337646484,-0.3882725238800049,0.007614999965305458,-0.06346303224563599,-0.43863165378570557,-0.0020407108100997107,-0.04165607690811157,-0.2518536150455475,0.011664247561718355,-0.04444408416748047,-0.35100024938583374,0.006079930767889152,-0.049076855182647705,-0.416630357503891,-0.004416054624591936,-0.05101156234741211,-0.4746496081352234,-0.01381338718113767,-0.022613227367401123,-0.24953186511993408,-0.005868130407755245,-0.024184882640838623,-0.346466600894928,-0.01359070609090196,-0.028922557830810547,-0.4097299575805664,-0.022589824672316183,-0.03256767988204956,-0.46517160534858704,-0.0301121282833563,-0.003863096237182617,-0.23661202192306519,-0.02530643115517961,-0.007664978504180908,-0.3175997734069824,-0.03239352958974706,-0.012836039066314697,-0.37090444564819336,-0.036639120008324255,-0.01764059066772461,-0.419361412525177,-0.041120823051308264,idle
0.0,0.0,0.0,-0.046192049980163574,-0.0719137191772461,0.06339806185820862,-0.05194973945617676,-0.13997876644134521,0.08667177574494644,-0.05538284778594971,-0.1839316487312317,0.09501004086592957,-0.05619710683822632,-0.23311033844947815,0.09919214116195008,-0.009358406066894531,-0.2091870903968811,0.04882969574788376,-0.016480565071105957,-0.29271310567855835,0.04407191144088074,-0.03058922290802002,-0.35736846923828125,0.03996807576874062,-0.04299819469451904,-0.4093296527862549,0.0338900336788015,7.426738739013672e-05,-0.2037636637687683,0.001891118081005061,-0.0068212151527404785,-0.3188808262348175,-0.015907089619247472,-0.028561830520629883,-0.39769482612609863,-0.027602875067202604,-0.04556328058242798,-0.4536835253238678,-0.03643003983637527,-0.001966118812561035,-0.19040817022323608,-0.042064980997054136,-0.012567341327667236,-0.29780125617980957,-0.0673123164310141,-0.03332948684692383,-0.36944514513015747,-0.07976108176848129,-0.04897952079772949,-0.42222917079925537,-0.08678443117281631,-0.01619499921798706,-0.1712813377380371,-0.07999689264437393,-0.02271944284439087,-0.25442034006118774,-0.10657054318329529,-0.03514599800109863,-0.3142127990722656,-0.12044125927826599,-0.048425137996673584,-0.3629787266254425,-0.13081782443663315,idle
0.0,0.0,0.0,-0.037207841873168945,-0.061881303787231445,0.07657587434296431,-0.048078835010528564,-0.12047183513641357,0.11082158888821425,-0.05505359172821045,-0.16478228569030762,0.12890936340336623,-0.059617698192596436,-0.20895567536354065,0.14403413142208876,-0.014472544193267822,-0.19839972257614136,0.07782608921770873,-0.029034852981567383,-0.27683156728744507,0.09094754512553038,-0.04686605930328369,-0.3329583406448364,0.09985035563950362,-0.05841553211212158,-0.37823688983917236,0.10200709010605635,-0.010408401489257812,-0.19971030950546265,0.03272652532105269,-0.023864686489105225,-0.30586761236190796,0.03526577632074179,-0.046535491943359375,-0.37200111150741577,0.03758835698609175,-0.06015956401824951,-0.41992661356925964,0.03766024391298117,-0.018383383750915527,-0.19182813167572021,-0.008946328431918005,-0.030879676342010498,-0.3004663288593292,-0.01832209435160337,-0.05132031440734863,-0.35854488611221313,-0.019764711157037596,-0.06548720598220825,-0.4024640619754791,-0.020683771938635687,-0.0367317795753479,-0.1769096851348877,-0.04389836733098207,-0.04963541030883789,-0.24978378415107727,-0.06102936436290918,-0.06432998180389404,-0.2961587905883789,-0.06867786590809999,-0.07790714502334595,-0.33562177419662476,-0.07431199495549379,idle
0.0,0.0,0.0,-0.043624818325042725,-0.05611222982406616,0.03922145851046821,-0.05010038614273071,-0.11372429132461548,0.05520338602454444,-0.0561368465423584,-0.1542312502861023,0.0608565140524604,-0.06278765201568604,-0.19487476348876953,0.06433364413769027,-0.009947478771209717,-0.18761605024337769,0.04274692051203033,-0.02475374937057495,-0.26910698413848877,0.04007050804884216,-0.045711517333984375,-0.3196357190608978,0.03627361022026321,-0.06292492151260376,-0.35922837257385254,0.03243504874498626,-0.0005919337272644043,-0.18697845935821533,0.012070437335381712,-0.017508625984191895,-0.29523587226867676,0.0064385863030054225,-0.045950353145599365,-0.3542861342430115,0.0032961018392541064,-0.06774872541427612,-0.3929932117462158,0.0008411934491903139,-0.006098389625549316,-0.17930656671524048,-0.018587667121579443,-0.022910118103027344,-0.28714239597320557,-0.02987046316175679,-0.05173557996749878,-0.3424976170063019,-0.033919255807091986,-0.07456111907958984,-0.38109320402145386,-0.036159731074263846,-0.024627268314361572,-0.16780877113342285,-0.046414628251483236,-0.034665048122406006,-0.25285953283309937,-0.06122541390269021,-0.05229836702346802,-0.2993478775024414,-0.06712560690849045,-0.07090190052986145,-0.33220231533050537,-0.07122131027190903,idle
0.0,0.0,0.0,-0.036544620990753174,-0.05747801065444946,0.06514092151292061,-0.04630732536315918,-0.1149490475654602,0.09636074666150307,-0.054873883724212646,-0.15630024671554565,0.11217984918721413,-0.06130826473236084,-0.197146475315094,0.12563051644929146,-0.0128440260887146,-0.1911512017250061,0.08315331105359292,-0.03003394603729248,-0.2677275538444519,0.09473290655978417,-0.052599549293518066,-0.31544244289398193,0.09948907409079766,-0.07041794061660767,-0.35286933183670044,0.10027064744599556,-0.006204962730407715,-0.19125324487686157,0.04214307282336449,-0.024242639541625977,-0.29534727334976196,0.04772953678138947,-0.053171396255493164,-0.35215675830841064,0.05031198252208924,-0.07479381561279297,-0.38928645849227905,0.05158942554362511,-0.013243257999420166,-0.18612343072891235,0.0018578729427645158,-0.02911466360092163,-0.2894434928894043,-0.0014646813438048412,-0.05775684118270874,-0.34152811765670776,-0.00046582114782722783,-0.08021265268325806,-0.3793399930000305,0.0007220581824185501,-0.03168952465057373,-0.17602664232254028,-0.034012604614417796,-0.040907442569732666,-0.2597450315952301,-0.0424245559775045,-0.05856657028198242,-0.3034186065196991,-0.04385387908450866,-0.07698783278465271,-0.33364301919937134,-0.04492401342622543,idle
0.0,0.0,0.0,-0.05425667762756348,-0.06363308429718018,0.036213687618754875,-0.06207859516143799,-0.1341269612312317,0.048516291191361915,-0.06591123342514038,-0.18223005533218384,0.05079366545894004,-0.07068401575088501,-0.22892025113105774,0.05025052930929519,-0.018858790397644043,-0.2098892331123352,0.027490773235939514,-0.02732163667678833,-0.29921776056289673,0.015551270914755833,-0.04820144176483154,-0.3599533438682556,0.006268166934631836,-0.0692853331565857,-0.40691062808036804,-0.0005802391702047771,-0.006511569023132324,-0.20675629377365112,-0.0037622386612667924,-0.018554985523223877,-0.32275527715682983,-0.018210167998887528,-0.047851502895355225,-0.3918507397174835,-0.025380277077175606,-0.07166725397109985,-0.43815159797668457,-0.030477824623204697,-0.007900357246398926,-0.19436442852020264,-0.03475071210644387,-0.018535375595092773,-0.3011966347694397,-0.051958155820585716,-0.04735827445983887,-0.3637070655822754,-0.05943873245499276,-0.07135635614395142,-0.4062659740447998,-0.0637478949525132,-0.019955992698669434,-0.17595714330673218,-0.06284103263399743,-0.024461567401885986,-0.25765472650527954,-0.07999451179287576,-0.04199308156967163,-0.3110422194004059,-0.08795505482933663,-0.061151325702667236,-0.3506479263305664,-0.09377337713024758,idle
0.0,0.0,0.0,-0.04645305871963501,-0.05280882120132446,0.019381481197640937,-0.06244093179702759,-0.1107369065284729,0.02466465064601664,-0.07531923055648804,-0.15108412504196167,0.02407253251688246,-0.0821911096572876,-0.19021928310394287,0.022302144181892913,-0.024355411529541016,-0.17796236276626587,0.01607923300282721,-0.04724091291427612,-0.2642262279987335,0.006121183254734319,-0.07308149337768555,-0.3187674880027771,-0.0013082940383100095,-0.09172913432121277,-0.36287474632263184,-0.007253561659737784,-0.014695465564727783,-0.18095195293426514,-0.005394799659981686,-0.038848698139190674,-0.29355716705322266,-0.017702189299299675,-0.07153892517089844,-0.35564205050468445,-0.02342325358374353,-0.09298205375671387,-0.39665085077285767,-0.026972890856697518,-0.020191729068756104,-0.17387080192565918,-0.02706802173240419,-0.04080009460449219,-0.28743162751197815,-0.042919878873064476,-0.072293221950531,-0.342740535736084,-0.04734033441825147,-0.0932052731513977,-0.37961605191230774,-0.04865780195875402,-0.03864866495132446,-0.15929514169692993,-0.04729936740083929,-0.05097484588623047,-0.24503961205482483,-0.06547706297321554,-0.07064324617385864,-0.29239413142204285,-0.0711497785775208,-0.08808818459510803,-0.3236870765686035,-0.07366054973287817,idle
0.0,0.0,0.0,-0.05924797058105469,-0.08001363277435303,0.015481516551659524,-0.06526440382003784,-0.15320008993148804,0.01851455012379688,-0.0691259503364563,-0.2032942771911621,0.015652327631102025,-0.07423824071884155,-0.24862655997276306,0.010982552376077592,-0.015080392360687256,-0.22473356127738953,0.00972822571216625,-0.030804336071014404,-0.3148636817932129,-0.008027686904682696,-0.05335277318954468,-0.3768481910228729,-0.02264041004659134,-0.07471966743469238,-0.4270930290222168,-0.03322083799125153,-0.0035471320152282715,-0.22272074222564697,-0.01185661477924782,-0.020978927612304688,-0.3434123992919922,-0.030583734791292727,-0.05237048864364624,-0.41381895542144775,-0.042326248418106616,-0.07784521579742432,-0.46516358852386475,-0.050675402562632144,-0.004481792449951172,-0.20999646186828613,-0.03440558833958107,-0.01988309621810913,-0.3245103359222412,-0.055598634462370455,-0.05098444223403931,-0.39283812046051025,-0.06713299004317719,-0.07732129096984863,-0.44019052386283875,-0.07353239802600342,-0.01797807216644287,-0.19031602144241333,-0.055810830723061144,-0.02312338352203369,-0.271200954914093,-0.07596377579451996,-0.04255789518356323,-0.3275545835494995,-0.08635256735564667,-0.06351929903030396,-0.3675073981285095,-0.09330144075633484,idle
0.0,0.0,0.0,-0.064056396484375,-0.08553111553192139,0.03239581114829093,-0.07027572393417358,-0.16877132654190063,0.03609135127842933,-0.07343471050262451,-0.22349077463150024,0.03240804500163108,-0.08076250553131104,-0.27865609526634216,0.023575582869654,-0.02734827995300293,-0.2350238859653473,-0.017873786993021668,-0.04431837797164917,-0.33530277013778687,-0.042445699356193245,-0.06662845611572266,-0.40454548597335815,-0.058097271851892174,-0.08500880002975464,-0.46334338188171387,-0.07135385521470994,-0.013663828372955322,-0.22101616859436035,-0.05270445965945214,-0.03317558765411377,-0.3589878976345062,-0.08407651879608125,-0.06726521253585815,-0.44179975986480713,-0.10219580926715821,-0.09015077352523804,-0.5056757926940918,-0.11747794844924897,-0.01410675048828125,-0.19022661447525024,-0.08398595698892564,-0.031365275382995605,-0.3240598440170288,-0.11941812434017152,-0.0656055212020874,-0.4066365659236908,-0.14187853284894913,-0.09114629030227661,-0.46509477496147156,-0.158288600526447,-0.029326319694519043,-0.15240460634231567,-0.11023126789152116,-0.036885082721710205,-0.233392596244812,-0.1479946995598027,-0.05572628974914551,-0.2986878454685211,-0.17225724705278367,-0.07427138090133667,-0.3512287735939026,-0.19136764355718583,idle
0.0,0.0,0.0,-0.053862035274505615,-0.057444751262664795,0.025695581346042218,-0.06274807453155518,-0.12338650226593018,0.03589737823534733,-0.06720602512359619,-0.17222553491592407,0.039213542252070965,-0.07223916053771973,-0.21537506580352783,0.040700037389285626,-0.017187058925628662,-0.19555896520614624,0.020087743534929814,-0.03595542907714844,-0.2831640839576721,0.009823554552383484,-0.061411261558532715,-0.3389330208301544,0.001154262114539506,-0.08282020688056946,-0.3825042247772217,-0.005982434485815702,-0.005579590797424316,-0.19589197635650635,-0.004912745781950889,-0.02915501594543457,-0.31431323289871216,-0.017427106962315975,-0.06289106607437134,-0.3807370662689209,-0.02397262828122848,-0.08781000971794128,-0.4246707260608673,-0.028997014851086078,-0.010642468929290771,-0.18603473901748657,-0.030034724266045032,-0.029289305210113525,-0.3054998517036438,-0.04866572806309932,-0.06158900260925293,-0.36619749665260315,-0.056519224882833896,-0.08696234226226807,-0.40688207745552063,-0.060751504839174686,-0.029742777347564697,-0.16979295015335083,-0.052923600763790546,-0.037305593490600586,-0.25423628091812134,-0.07603073456954235,-0.057564377784729004,-0.30452650785446167,-0.0867817435569691,-0.07965344190597534,-0.3390336036682129,-0.09359731116961711,idle
0.0,0.0,0.0,-0.03640305995941162,-0.05309271812438965,0.03373060926270455,-0.048147380352020264,-0.11580526828765869,0.04741703152132004,-0.058582305908203125,-0.1630963683128357,0.05168874740076035,-0.06640326976776123,-0.20612165331840515,0.054238283926963504,-0.01285254955291748,-0.18759995698928833,0.037703299815177616,-0.03280448913574219,-0.27763867378234863,0.03249496399831742,-0.05995535850524902,-0.33088552951812744,0.026550123388290103,-0.08235335350036621,-0.37240326404571533,0.02169570877623528,-0.004364192485809326,-0.18951624631881714,0.009964428762316402,-0.027526915073394775,-0.3044249415397644,0.0039037677127566894,-0.0619511604309082,-0.36663123965263367,-0.00022254295589618778,-0.0874427855014801,-0.4064534604549408,-0.0036091800645294825,-0.011381208896636963,-0.1835368275642395,-0.0181171876244548,-0.028717219829559326,-0.29855677485466003,-0.028584955339908902,-0.06221574544906616,-0.3545647859573364,-0.0334185977332595,-0.08803045749664307,-0.39176732301712036,-0.03625521630573303,-0.031809329986572266,-0.17296737432479858,-0.043963382100344006,-0.04072928428649902,-0.26131996512413025,-0.05804589957523376,-0.06110614538192749,-0.3097294270992279,-0.06408978075313598,-0.08197915554046631,-0.3416169583797455,-0.0680475813202861,idle
0.0,0.0,0.0,-0.05959135293960571,-0.09522467851638794,0.020722810045356255,-0.06628262996673584,-0.1808711290359497,0.01871573539125393,-0.06979256868362427,-0.2396356463432312,0.011452343181247215,-0.07797425985336304,-0.29567480087280273,0.0008919071815967072,-0.016835689544677734,-0.24812814593315125,-0.030478878080373306,-0.0325242280960083,-0.3669702410697937,-0.06369449397874405,-0.05828702449798584,-0.4432336091995239,-0.08359453281713058,-0.08357810974121094,-0.5040444731712341,-0.09633639654470016,-0.008509933948516846,-0.22950679063796997,-0.058286016940598984,-0.02279132604598999,-0.37051358819007874,-0.0950027426178508,-0.059656500816345215,-0.4502813369035721,-0.1115059723551326,-0.0874142050743103,-0.5073932409286499,-0.12271063974452545,-0.013622641563415527,-0.19393354654312134,-0.08372143855643799,-0.028018295764923096,-0.30409589409828186,-0.1210182552630954,-0.058363378047943115,-0.3704918324947357,-0.1383265798385196,-0.0805172324180603,-0.4147711396217346,-0.14770532599044373,-0.03197866678237915,-0.15218138694763184,-0.10544712296081116,-0.034272193908691406,-0.2276502549648285,-0.13676259866309692,-0.049468159675598145,-0.28168922662734985,-0.15171937099052002,-0.06590831279754639,-0.3230789601802826,-0.16202547600818207,idle
0.0,0.0,0.0,-0.0448307991027832,-0.06730210781097412,0.02758321300993316,-0.06358051300048828,-0.13542461395263672,0.03389655002305858,-0.07841348648071289,-0.18539023399353027,0.032450802111128496,-0.09012278914451599,-0.23094189167022705,0.02743474342773311,-0.022873997688293457,-0.20619919896125793,0.00977725111792438,-0.04917430877685547,-0.30801135301589966,-0.005215430679669453,-0.07955437898635864,-0.36972326040267944,-0.016830366617938353,-0.10438388586044312,-0.41906702518463135,-0.025798239326974226,-0.011189639568328857,-0.2036033272743225,-0.018059885642429663,-0.04332005977630615,-0.33722805976867676,-0.03324839524080403,-0.08125215768814087,-0.41056591272354126,-0.04240126586606152,-0.10842901468276978,-0.4591731131076813,-0.05035713738848813,-0.017861902713775635,-0.1889500617980957,-0.0449211975102628,-0.04033470153808594,-0.3300619423389435,-0.06668621725489743,-0.07825827598571777,-0.39739570021629333,-0.0775270429914201,-0.10809659957885742,-0.43949705362319946,-0.08442182517697461,-0.03913325071334839,-0.16644543409347534,-0.06871921992947705,-0.0480533242225647,-0.262226939201355,-0.09653980708768017,-0.07246685028076172,-0.31800299882888794,-0.10902851498772748,-0.09822872281074524,-0.3535727858543396,-0.11674089408566601,idle
0.0,0.0,0.0,-0.026188194751739502,-0.05804264545440674,0.031037698324666962,-0.04176098108291626,-0.11092871427536011,0.03994966001425837,-0.057787299156188965,-0.14778298139572144,0.04041483328853701,-0.07219552993774414,-0.18104693293571472,0.037818119685994134,-0.016955912113189697,-0.18448930978775024,0.022851430635796532,-0.04148000478744507,-0.2773512601852417,0.014069455500589356,-0.0743870735168457,-0.3304595947265625,0.006936448916690097,-0.10100248456001282,-0.3722386360168457,0.002060751022668228,-0.008329987525939941,-0.1878248155117035,-0.0027412971836611177,-0.03727102279663086,-0.3070778250694275,-0.011369429703904643,-0.07496225833892822,-0.3715006113052368,-0.014631400060011401,-0.10322850942611694,-0.412570983171463,-0.017593977216733947,-0.01668936014175415,-0.18118616938591003,-0.02756589948023702,-0.036720454692840576,-0.30431056022644043,-0.039896565664662376,-0.07267415523529053,-0.3616044521331787,-0.043491590011967673,-0.10092785954475403,-0.39726245403289795,-0.045297860343112006,-0.038985490798950195,-0.1673499047756195,-0.049734997738255515,-0.04790002107620239,-0.26099884510040283,-0.06618834211315061,-0.07078969478607178,-0.31232649087905884,-0.0709936834761038,-0.09467709064483643,-0.34350085258483887,-0.07326050027097608,idle
0.0,0.0,0.0,-0.06559330224990845,-0.08528095483779907,0.011788004101163096,-0.07110798358917236,-0.1620619297027588,0.010342726507133193,-0.07420223951339722,-0.21379715204238892,0.0030054925241529418,-0.07786762714385986,-0.26645758748054504,-0.006020135223025136,-0.016672134399414062,-0.2459365725517273,0.0035275444620310736,-0.03448575735092163,-0.34830546379089355,-0.018881195201629453,-0.06382632255554199,-0.41227078437805176,-0.03704451301609879,-0.09287983179092407,-0.46308042109012604,-0.049281689315193944,-0.005020558834075928,-0.24156427383422852,-0.01758228892003899,-0.025608479976654053,-0.37466496229171753,-0.03941093289768105,-0.065093994140625,-0.4445127993822098,-0.05295931079899674,-0.0967777669429779,-0.49294647574424744,-0.06273984068548089,-0.007114768028259277,-0.22389322519302368,-0.040009743510836415,-0.021702945232391357,-0.3507317304611206,-0.06262785845910912,-0.05820286273956299,-0.4198945164680481,-0.07472480738078957,-0.08954954147338867,-0.465146079659462,-0.08180931860124474,-0.02266758680343628,-0.19912025332450867,-0.06164099925672417,-0.02763056755065918,-0.2869809865951538,-0.08146585428630715,-0.04967218637466431,-0.3471496105194092,-0.09169379526292687,-0.0734819769859314,-0.3897669315338135,-0.09886208081161385,idle
0.0,0.0,0.0,-0.06408804655075073,-0.0970536470413208,0.05565931814146552,-0.07002824544906616,-0.1815793514251709,0.0669465193374208,-0.07616186141967773,-0.236628919839859,0.06522256674600158,-0.08201026916503906,-0.2944803833961487,0.05660034509730849,-0.03162503242492676,-0.2556248903274536,0.0015828785568601234,-0.048692166805267334,-0.3537988066673279,-0.023985445700759556,-0.07709735631942749,-0.4169590473175049,-0.04173516315984216,-0.10339444875717163,-0.46478021144866943,-0.056755395807499553,-0.015925168991088867,-0.2409685254096985,-0.04782976789044824,-0.03546875715255737,-0.38027000427246094,-0.08091179487871614,-0.075469970703125,-0.4644898772239685,-0.10119145569967714,-0.10444855690002441,-0.5272259712219238,-0.11944985596107927,-0.01433032751083374,-0.2103079855442047,-0.0929467177169272,-0.026820600032806396,-0.3469879627227783,-0.12902782318758454,-0.06559854745864868,-0.4325959086418152,-0.15252033827471223,-0.09674572944641113,-0.49039608240127563,-0.17144220528768983,-0.02619236707687378,-0.17032140493392944,-0.13125845251249757,-0.030332446098327637,-0.25747716426849365,-0.17042755541967836,-0.05209338665008545,-0.3284243643283844,-0.19638584015535798,-0.07502138614654541,-0.38167479634284973,-0.2185108011739203,idle
0.0,0.0,0.0,-0.05324047803878784,-0.07411420345306396,0.03944673400127385,-0.0705823302268982,-0.1458911895751953,0.05014481778943036,-0.08381325006484985,-0.20024186372756958,0.05067702393733953,-0.09392803907394409,-0.2479429841041565,0.04719702537857984,-0.029584169387817383,-0.21526432037353516,0.02031098130845521,-0.05494159460067749,-0.3166831433773041,0.007190117256129724,-0.08820915222167969,-0.37421154975891113,-0.0026144936053356105,-0.1151614785194397,-0.41879403591156006,-0.01058607537544276,-0.014926433563232422,-0.21195921301841736,-0.014028047102158325,-0.04809373617172241,-0.34925299882888794,-0.028879504541521328,-0.08990710973739624,-0.4207928478717804,-0.03602313611901309,-0.11969882249832153,-0.4670635163784027,-0.04253876198328044,-0.01982712745666504,-0.19637680053710938,-0.04706058640277888,-0.04339057207107544,-0.342144250869751,-0.0680876410404494,-0.08395278453826904,-0.41110533475875854,-0.07704557094967868,-0.11578202247619629,-0.45489808917045593,-0.08306963358319308,-0.041486918926239014,-0.17481017112731934,-0.07610486064351107,-0.05267423391342163,-0.27436742186546326,-0.10313116375601794,-0.07647556066513062,-0.3325648605823517,-0.11556142185128238,-0.1003483235836029,-0.3698136806488037,-0.12395622942841555,idle
