x0,y0,z0,x1,y1,z1,x2,y2,z2,x3,y3,z3,x4,y4,z4,x5,y5,z5,x6,y6,z6,x7,y7,z7,x8,y8,z8,x9,y9,z9,x10,y10,z10,x11,y11,z11,x12,y12,z12,x13,y13,z13,x14,y14,z14,x15,y15,z15,x16,y16,z16,x17,y17,z17,x18,y18,z18,x19,y19,z19,x20,y20,z20,label
0.0,0.0,0.0,-0.044729650020599365,-0.008063435554504395,-0.03736657302903268,-0.08425676822662354,-0.04643452167510986,-0.06910029079841706,-0.08509033918380737,-0.04707980155944824,-0.10231316115783784,-0.06043428182601929,-0.030543744564056396,-0.13576307918953034,-0.0666055679321289,-0.18737328052520752,-0.05801931794809434,-0.10824370384216309,-0.2912181615829468,-0.09367260363029573,-0.1380060315132141,-0.34431540966033936,-0.11521455671714875,-0.15545451641082764,-0.3899685740470886,-0.1306066664688501,-0.012920856475830078,-0.19957733154296875,-0.06646968450473878,-0.030045151710510254,-0.3383004665374756,-0.10556525763200852,-0.041440486907958984,-0.40888404846191406,-0.1276496204368982,-0.046697795391082764,-0.45990288257598877,-0.14003168072628114,0.03689175844192505,-0.166664719581604,-0.07713949706482026,0.0553513765335083,-0.20519745349884033,-0.13145084705280397,0.03481554985046387,-0.1079643964767456,-0.1370543393127832,0.021134376525878906,-0.03486943244934082,-0.1275452527038965,0.08786594867706299,-0.10716384649276733,-0.08979484465049836,0.08881235122680664,-0.09286266565322876,-0.13765266563819978,0.06509476900100708,-0.02337568998336792,-0.13894292738365266,0.046319544315338135,0.028283357620239258,-0.12952658560203645,jump
0.0,0.0,0.0,-0.06292104721069336,-0.02340906858444214,-0.038874440161009716,-0.12079614400863647,-0.07700711488723755,-0.06539676365019886,-0.11790359020233154,-0.10453397035598755,-0.09213122752072422,-0.0743665099143982,-0.11075526475906372,-0.11716283884408085,-0.10938441753387451,-0.23807978630065918,-0.05105331194164364,-0.15269607305526733,-0.3491833806037903,-0.08852870043875782,-0.179162859916687,-0.41632741689682007,-0.10949556556107609,-0.19628804922103882,-0.4764670729637146,-0.12323658194901554,-0.04715043306350708,-0.25824230909347534,-0.05805676457049458,-0.06320613622665405,-0.389193058013916,-0.09362636533143132,-0.06926321983337402,-0.4666847586631775,-0.1123453083312711,-0.06957560777664185,-0.5352331697940826,-0.12230107959868519,0.00963735580444336,-0.23514330387115479,-0.06883069899441807,0.0182570219039917,-0.285574734210968,-0.1212070363438329,-0.0036169886589050293,-0.19510036706924438,-0.1278501677191457,-0.020788490772247314,-0.12893420457839966,-0.11969332423569767,0.06260234117507935,-0.18225747346878052,-0.08269365903498738,0.0548173189163208,-0.15246695280075073,-0.1307517963326177,0.02798360586166382,-0.08048814535140991,-0.13673640069129078,0.008020341396331787,-0.02983003854751587,-0.13088441666724293,jump
0.0,0.0,0.0,-0.06679785251617432,-0.01409238576889038,-0.038765417888697584,-0.12899082899093628,-0.07726919651031494,-0.06283855672174354,-0.1287946105003357,-0.12154769897460938,-0.08767640824609657,-0.08262461423873901,-0.13526248931884766,-0.10969302292161842,-0.11854022741317749,-0.23478615283966064,-0.04180086638027092,-0.16318321228027344,-0.34361517429351807,-0.08065727587037941,-0.19050300121307373,-0.4083993434906006,-0.10406226898723503,-0.2086893916130066,-0.46322962641716003,-0.11997205997997185,-0.05990481376647949,-0.25402718782424927,-0.04847343499952217,-0.08206862211227417,-0.3884841203689575,-0.08643823350959678,-0.09374988079071045,-0.4725783169269562,-0.10777617479854484,-0.09769958257675171,-0.5423822402954102,-0.11944310601049324,-0.0053351521492004395,-0.2342435121536255,-0.05991802971058746,-0.005658268928527832,-0.30695641040802,-0.11083901907497307,-0.025845766067504883,-0.21273833513259888,-0.11375762756162544,-0.037696003913879395,-0.1400359869003296,-0.10320412601524254,0.04814964532852173,-0.18971532583236694,-0.07519462193542381,0.02944791316986084,-0.16931718587875366,-0.12367096032195946,0.0035740137100219727,-0.09593415260314941,-0.1305944942980375,-0.011234402656555176,-0.043674349784851074,-0.1250567161589231,jump
0.0,0.0,0.0,-0.06667321920394897,-0.011983871459960938,-0.03764902717034602,-0.1300678849220276,-0.07295495271682739,-0.06022033384601855,-0.1312774419784546,-0.120261549949646,-0.08352033338110232,-0.08663183450698853,-0.14292365312576294,-0.10419877907793307,-0.12232893705368042,-0.23103350400924683,-0.037971812398836846,-0.16869211196899414,-0.33692723512649536,-0.07469611159126543,-0.1975877285003662,-0.3993076682090759,-0.09713693997423434,-0.21709120273590088,-0.4530063271522522,-0.11271513542692446,-0.063007652759552,-0.2539557218551636,-0.0440626098827579,-0.08875751495361328,-0.3864138126373291,-0.07895203223984026,-0.10332834720611572,-0.46907156705856323,-0.09947122177641177,-0.10991889238357544,-0.5388239622116089,-0.11150054922859454,-0.007189154624938965,-0.23709487915039062,-0.05504488861720347,-0.013577282428741455,-0.31463122367858887,-0.1052406682686069,-0.03461611270904541,-0.225258469581604,-0.11113622328798556,-0.04635995626449585,-0.153678297996521,-0.10336154243509554,0.047709882259368896,-0.19394969940185547,-0.0694592698530414,0.024375498294830322,-0.17763745784759521,-0.11847386798422122,-0.002416074275970459,-0.106606125831604,-0.12777141025821948,-0.01718461513519287,-0.05341029167175293,-0.124448071332381,jump
0.0,0.0,0.0,-0.06633526086807251,-0.006910920143127441,-0.03875746567419469,-0.13051176071166992,-0.06546932458877563,-0.06126674626639783,-0.138471782207489,-0.11582285165786743,-0.08477302630117833,-0.10004037618637085,-0.15248310565948486,-0.10519015778473317,-0.12587445974349976,-0.2305554747581482,-0.03483127792051732,-0.1747584342956543,-0.3331716060638428,-0.07212289412191808,-0.2053889036178589,-0.3942473232746124,-0.0965812428729862,-0.22626495361328125,-0.447029173374176,-0.11419376720360219,-0.06895983219146729,-0.254638135433197,-0.0403814202981323,-0.10036277770996094,-0.38410717248916626,-0.07768784452846944,-0.11882919073104858,-0.46799325942993164,-0.10251183797291219,-0.12781798839569092,-0.540508359670639,-0.1182276232974857,-0.015405535697937012,-0.24054878950119019,-0.051066331459793446,-0.025615215301513672,-0.3229605555534363,-0.10299392779043615,-0.04823148250579834,-0.23062241077423096,-0.10967372347286641,-0.06052708625793457,-0.15857332944869995,-0.10276795913151204,0.038147151470184326,-0.2013271450996399,-0.06529121090343892,0.010711491107940674,-0.18786966800689697,-0.11606789369753301,-0.015980243682861328,-0.11458635330200195,-0.1264085545080036,-0.030050456523895264,-0.061145007610321045,-0.12401279796532094,jump
0.0,0.0,0.0,-0.07136344909667969,-0.006129264831542969,-0.04361711142649938,-0.13234537839889526,-0.05913645029067993,-0.07041122091999341,-0.14319831132888794,-0.11550754308700562,-0.09751174671640683,-0.10404521226882935,-0.15925121307373047,-0.12099470270862867,-0.13118791580200195,-0.22906213998794556,-0.03782164005627919,-0.1818804144859314,-0.3281235694885254,-0.07862198425522138,-0.21334397792816162,-0.39046505093574524,-0.1071236438869505,-0.23449909687042236,-0.4452195465564728,-0.12795368654718686,-0.07475811243057251,-0.2529110908508301,-0.04243685005297948,-0.10805708169937134,-0.3833196759223938,-0.08250374419679929,-0.1274929642677307,-0.46742284297943115,-0.11097820920934964,-0.13670951128005981,-0.540587455034256,-0.1300437830208807,-0.022183537483215332,-0.23904258012771606,-0.052507419866230975,-0.0347406268119812,-0.3247995376586914,-0.10486532075395871,-0.056837499141693115,-0.22955262660980225,-0.10972569210520078,-0.06648564338684082,-0.15698444843292236,-0.10214825047245313,0.030195951461791992,-0.20047849416732788,-0.06675822360506345,0.0002587437629699707,-0.19865822792053223,-0.11694669796219159,-0.023707032203674316,-0.12214100360870361,-0.12467888070335675,-0.03337019681930542,-0.0656353235244751,-0.12068632317772199,jump
0.0,0.0,0.0,-0.06972110271453857,-0.00457078218460083,-0.04512384479880893,-0.13131803274154663,-0.06524121761322021,-0.07198574712515438,-0.1332014799118042,-0.12427842617034912,-0.09887314906359279,-0.0921095609664917,-0.1684446930885315,-0.12255862673760021,-0.12810510396957397,-0.23224544525146484,-0.042147717829948306,-0.17782819271087646,-0.33538922667503357,-0.08321595510483348,-0.20813870429992676,-0.3991023600101471,-0.11058529039860332,-0.22789007425308228,-0.4534684419631958,-0.1307410108113345,-0.06791150569915771,-0.2552517056465149,-0.04707079326749408,-0.09745216369628906,-0.3896331787109375,-0.0902865486407336,-0.11496239900588989,-0.47695741057395935,-0.12075647285223567,-0.12194162607192993,-0.549060732126236,-0.14036595394850337,-0.012951195240020752,-0.24066293239593506,-0.05718807822108829,-0.02426356077194214,-0.33424630761146545,-0.11410436352730358,-0.04270046949386597,-0.2411736249923706,-0.12198646685124004,-0.048477351665496826,-0.1694825291633606,-0.11581237187624538,0.04286015033721924,-0.20208001136779785,-0.07111383548021877,0.012862563133239746,-0.19641876220703125,-0.12771038284540737,-0.008003592491149902,-0.11688011884689331,-0.13951150646448696,-0.013889133930206299,-0.05865943431854248,-0.13744668236017787,jump
0.0,0.0,0.0,-0.06622534990310669,-0.011028945446014404,-0.04293061760955652,-0.12771791219711304,-0.0879092812538147,-0.06650479106002649,-0.11900901794433594,-0.15151137113571167,-0.08962698993974527,-0.07221078872680664,-0.1875637173652649,-0.11048588869863352,-0.11900025606155396,-0.2468765377998352,-0.047142471799190844,-0.16814887523651123,-0.36291593313217163,-0.08581241188340982,-0.1948692798614502,-0.43090641498565674,-0.11076926408105692,-0.21180498600006104,-0.4917886257171631,-0.12968180296712717,-0.05854356288909912,-0.2661430835723877,-0.05245561493330797,-0.08151626586914062,-0.4179825186729431,-0.09150324729972681,-0.09005051851272583,-0.509671151638031,-0.11759572444253763,-0.09202516078948975,-0.5888318717479706,-0.13476977465444406,-0.002985656261444092,-0.24706923961639404,-0.06226381627612909,-0.0013657212257385254,-0.3540278375148773,-0.11948510227495035,-0.016644716262817383,-0.2676911950111389,-0.13086672840410074,-0.025492548942565918,-0.19984793663024902,-0.12767735836797556,0.052324652671813965,-0.20231831073760986,-0.0752855983167251,0.03705108165740967,-0.19855868816375732,-0.1359751593857368,0.014931678771972656,-0.11911773681640625,-0.15154833314710459,0.004665732383728027,-0.06012982130050659,-0.15244003353410562,jump
0.0,0.0,0.0,-0.06848800182342529,-0.015465617179870605,-0.04337444498102627,-0.12886440753936768,-0.08251148462295532,-0.06923116340200863,-0.12719184160232544,-0.14231008291244507,-0.09451924606125317,-0.07987499237060547,-0.17072612047195435,-0.11671094938080273,-0.11891400814056396,-0.24378037452697754,-0.04804861142199002,-0.16556155681610107,-0.35720914602279663,-0.08878779007952176,-0.19067156314849854,-0.42297983169555664,-0.11565669222633801,-0.2078210711479187,-0.47951313853263855,-0.13510686500828228,-0.05807626247406006,-0.2623245120048523,-0.0517688986555811,-0.07851850986480713,-0.4083206057548523,-0.09108218147318325,-0.08483624458312988,-0.49724265933036804,-0.11745621605675183,-0.08563947677612305,-0.57085981965065,-0.1346580569342848,-0.0021915435791015625,-0.24539411067962646,-0.05982199280421696,-0.0013285279273986816,-0.3339139223098755,-0.11035336895744763,-0.0162808895111084,-0.24918293952941895,-0.11691255464117489,-0.02590852975845337,-0.18344682455062866,-0.11180989040892086,0.05398613214492798,-0.20296841859817505,-0.07202775373022519,0.03568673133850098,-0.1865220069885254,-0.12463183297674618,0.012045502662658691,-0.10538238286972046,-0.13556592508118115,-0.0010157227516174316,-0.04526698589324951,-0.1338040266827818,jump
0.0,0.0,0.0,-0.06487524509429932,-0.008346259593963623,-0.04176291020445433,-0.127369225025177,-0.07342618703842163,-0.0672487946026763,-0.13141679763793945,-0.12931358814239502,-0.09307331161431875,-0.08977305889129639,-0.16659951210021973,-0.11654104607038107,-0.11717885732650757,-0.23697412014007568,-0.0427584381573638,-0.16588282585144043,-0.3421838879585266,-0.08232130424909201,-0.19483739137649536,-0.40477824211120605,-0.1087977396123847,-0.21401023864746094,-0.45929890871047974,-0.1281618730895957,-0.05735701322555542,-0.2560446262359619,-0.04810566397242155,-0.08211678266525269,-0.39328092336654663,-0.089134487675949,-0.09602797031402588,-0.48004019260406494,-0.11762454675368872,-0.10201090574264526,-0.5497977435588837,-0.1356052266233405,-0.00276029109954834,-0.2386549711227417,-0.057955040948911574,-0.012346148490905762,-0.32827484607696533,-0.11379865126542654,-0.033401310443878174,-0.23806989192962646,-0.12375728355578985,-0.042372703552246094,-0.16624242067337036,-0.1191582338684043,0.05145996809005737,-0.196180522441864,-0.0710763217680892,0.02367156744003296,-0.18790292739868164,-0.1280364351146659,0.0005907416343688965,-0.10889047384262085,-0.140944148766323,-0.007335782051086426,-0.049034833908081055,-0.13959440158538428,jump
0.0,0.0,0.0,-0.0661323070526123,-0.00929325819015503,-0.04442073835477345,-0.12458592653274536,-0.08231449127197266,-0.07031165121540539,-0.11238133907318115,-0.14374780654907227,-0.09479729144320004,-0.06616353988647461,-0.18113404512405396,-0.11712859629139416,-0.11169123649597168,-0.24109423160552979,-0.051168181583733485,-0.15614402294158936,-0.3541404604911804,-0.09215045033440106,-0.1821976900100708,-0.4213353991508484,-0.11884491948828213,-0.19899249076843262,-0.480621874332428,-0.13824658153995983,-0.05190199613571167,-0.25634223222732544,-0.056228288099617885,-0.06702256202697754,-0.40420371294021606,-0.09625766484484188,-0.07160204648971558,-0.49379992485046387,-0.12264673470005505,-0.07072216272354126,-0.5712862610816956,-0.1396041965340089,0.002463817596435547,-0.23480254411697388,-0.06591656862244122,0.010384321212768555,-0.3363035321235657,-0.12477732507929318,-0.0038033127784729004,-0.2522987127304077,-0.13665482460007183,-0.01293879747390747,-0.18631750345230103,-0.13319158612236492,0.05675160884857178,-0.18918263912200928,-0.07861420570358746,0.048214614391326904,-0.192793607711792,-0.13953812478527539,0.022146224975585938,-0.11354082822799683,-0.1530905371759843,0.0062316060066223145,-0.05407470464706421,-0.15219618438229077,jump
0.0,0.0,0.0,-0.06598556041717529,-0.00913095474243164,-0.03919737841087567,-0.1259123682975769,-0.08025145530700684,-0.06285331453281628,-0.12169867753982544,-0.14243483543395996,-0.08655197973448026,-0.07831168174743652,-0.18395566940307617,-0.10747512484985577,-0.11576652526855469,-0.23951351642608643,-0.0406662752767204,-0.16270744800567627,-0.34382423758506775,-0.07989955748516309,-0.19036585092544556,-0.40779441595077515,-0.10723227317529904,-0.20883607864379883,-0.4626249074935913,-0.12750822360712277,-0.057660818099975586,-0.2553698420524597,-0.04711148570376622,-0.07970935106277466,-0.394816517829895,-0.0865542894144653,-0.08956247568130493,-0.4811631739139557,-0.11445275749164807,-0.09173250198364258,-0.5510661602020264,-0.13282288665968167,-0.004078388214111328,-0.23684054613113403,-0.057866838379680985,-0.005286514759063721,-0.3341805934906006,-0.1121602212925552,-0.02159905433654785,-0.24649131298065186,-0.11941188628870236,-0.02874588966369629,-0.17819970846176147,-0.11377067173916089,0.05113500356674194,-0.19497525691986084,-0.07170060332018124,0.03336775302886963,-0.19812148809432983,-0.12720376308161008,0.009220302104949951,-0.11792200803756714,-0.13682772274214017,-0.0023406147956848145,-0.057714879512786865,-0.133638814642012,jump
0.0,0.0,0.0,-0.06816554069519043,-0.0072130560874938965,-0.05907474302262017,-0.11290633678436279,-0.07814633846282959,-0.09040786542504975,-0.07359182834625244,-0.13899266719818115,-0.11602517433971116,-0.019375503063201904,-0.17897480726242065,-0.13870006271213242,-0.11262798309326172,-0.23673516511917114,-0.07240420796483704,-0.15319812297821045,-0.34552162885665894,-0.11434582837432572,-0.17611050605773926,-0.4122678339481354,-0.14197936125606248,-0.19197016954421997,-0.47332802414894104,-0.16442599364131638,-0.05032831430435181,-0.26110100746154785,-0.07055544324725815,-0.06504619121551514,-0.40504905581474304,-0.11526003696531006,-0.06750154495239258,-0.4909983277320862,-0.14463273652404496,-0.06622260808944702,-0.5656923949718475,-0.16549558409064957,0.0028073787689208984,-0.24468421936035156,-0.07320449717849442,0.021158158779144287,-0.34140366315841675,-0.13633782633155533,0.013875365257263184,-0.27093929052352905,-0.15349210270255753,0.007225155830383301,-0.21715950965881348,-0.15626301833003708,0.0539126992225647,-0.20195406675338745,-0.07960498549550721,0.054339826107025146,-0.19243454933166504,-0.14870485134929368,0.03911548852920532,-0.1174241304397583,-0.1705413109859819,0.030457139015197754,-0.06426304578781128,-0.17680090137332627,jump
0.0,0.0,0.0,-0.06402647495269775,-2.5510787963867188e-05,-0.0764068206113393,-0.0953705906867981,-0.06170576810836792,-0.12163875897346088,-0.05186903476715088,-0.11727702617645264,-0.15744434942422458,-0.0022264719009399414,-0.1689305305480957,-0.19141796876607486,-0.10681748390197754,-0.21789366006851196,-0.10414790262399265,-0.1481981873512268,-0.3306865096092224,-0.1557581042212064,-0.17345672845840454,-0.4002019762992859,-0.1872195218962247,-0.190640389919281,-0.46474117040634155,-0.21078219165025303,-0.04268604516983032,-0.24192386865615845,-0.09929267962394306,-0.05115443468093872,-0.3910386562347412,-0.15218805422006199,-0.0502246618270874,-0.47951096296310425,-0.1819710050982053,-0.04871779680252075,-0.5609659254550934,-0.20134613563237735,0.013934910297393799,-0.2233884334564209,-0.10003285010276386,0.03706157207489014,-0.3210446834564209,-0.17550689627347538,0.029481709003448486,-0.255651593208313,-0.1968025629681165,0.017408549785614014,-0.20827984809875488,-0.19983770598588535,0.06579917669296265,-0.17828643321990967,-0.10494165022788593,0.07826268672943115,-0.18713408708572388,-0.18416140128789493,0.057794392108917236,-0.11469650268554688,-0.20649603654561588,0.03883016109466553,-0.06205195188522339,-0.21150649239240238,jump
0.0,0.0,0.0,-0.06969749927520752,0.006257116794586182,-0.10158827145011173,-0.09651762247085571,-0.044486284255981445,-0.16171770532042729,-0.05152249336242676,-0.08967703580856323,-0.20940872270972477,-0.002072274684906006,-0.1481117606163025,-0.25442051131636845,-0.11038988828659058,-0.20712614059448242,-0.13922197360903965,-0.1511455774307251,-0.3161442279815674,-0.20461659867675053,-0.1725662350654602,-0.3851698040962219,-0.24435939628989445,-0.18711596727371216,-0.4498964548110962,-0.2741271777859424,-0.046394944190979004,-0.2292555570602417,-0.1279037221184467,-0.057472169399261475,-0.3754710555076599,-0.19539298851401554,-0.05479830503463745,-0.4624481797218323,-0.2318557574263309,-0.054079651832580566,-0.5454508066177368,-0.2564653380623554,0.011003613471984863,-0.20927351713180542,-0.12498220790536152,0.033237457275390625,-0.3042462468147278,-0.2138116433134769,0.031168222427368164,-0.22834426164627075,-0.24141249794871555,0.020465195178985596,-0.1794360876083374,-0.2482982500305866,0.06381207704544067,-0.16728603839874268,-0.1284907831660007,0.08241736888885498,-0.17654579877853394,-0.2190190031042789,0.06835895776748657,-0.11558353900909424,-0.2526402099838947,0.04921633005142212,-0.08041143417358398,-0.2665281518212055,jump
0.0,0.0,0.0,-0.0697023868560791,0.012532591819763184,-0.1076323348496544,-0.10007220506668091,-0.03412210941314697,-0.17327864798050996,-0.054907381534576416,-0.07873427867889404,-0.22510983379822846,-0.003041863441467285,-0.13807612657546997,-0.27315523060303804,-0.11240404844284058,-0.1992906928062439,-0.14995953770619508,-0.14844155311584473,-0.3057630658149719,-0.2224658909652817,-0.16741156578063965,-0.3749813437461853,-0.2659208956573593,-0.17825669050216675,-0.44182080030441284,-0.29742397697907563,-0.04831671714782715,-0.22270286083221436,-0.13766001494866487,-0.05808037519454956,-0.3697624206542969,-0.2136346879814255,-0.05404406785964966,-0.45504122972488403,-0.2511324766491043,-0.047915756702423096,-0.539860874414444,-0.27431704433899995,0.011223196983337402,-0.20229434967041016,-0.13388917180043336,0.03574150800704956,-0.28291386365890503,-0.22767970295888063,0.028557300567626953,-0.19666284322738647,-0.24635994764309999,0.018279612064361572,-0.14623993635177612,-0.24459685715180512,0.0666002631187439,-0.16198939085006714,-0.13741122516137239,0.084175705909729,-0.17206943035125732,-0.22711271377545472,0.06640368700027466,-0.10621464252471924,-0.25179027350884553,0.04846513271331787,-0.07236117124557495,-0.2577075544212448,jump
0.0,0.0,0.0,-0.06036853790283203,-0.00952368974685669,-0.05020092780654295,-0.10733526945114136,-0.08111381530761719,-0.07749325017397268,-0.08283913135528564,-0.13016074895858765,-0.10120191405479773,-0.033161818981170654,-0.1560838222503662,-0.12266742418472631,-0.09185147285461426,-0.23050189018249512,-0.062214690995858746,-0.12743020057678223,-0.341198205947876,-0.10200145821039541,-0.14651179313659668,-0.40982726216316223,-0.12578224371139868,-0.1586589813232422,-0.47181665897369385,-0.14301503430073126,-0.030442774295806885,-0.243671715259552,-0.06326138208572729,-0.02705693244934082,-0.38509601354599,-0.10271208713714941,-0.020429909229278564,-0.4729762077331543,-0.12618065605823858,-0.011063218116760254,-0.551474541425705,-0.14095140228931768,0.019777774810791016,-0.22035229206085205,-0.06880742291872366,0.04475057125091553,-0.29780101776123047,-0.1271928025311695,0.030377447605133057,-0.23496681451797485,-0.14261735211078985,0.017979443073272705,-0.1894770860671997,-0.14242195318405493,0.06428015232086182,-0.17322230339050293,-0.07732274363701208,0.05848395824432373,-0.16165149211883545,-0.13563991318409307,0.032103002071380615,-0.0995333194732666,-0.1512268109149204,0.014807581901550293,-0.05683773756027222,-0.15346100161735876,jump
0.0,0.0,0.0,-0.056774675846099854,-0.036983370780944824,-0.04023893065587458,-0.1017606258392334,-0.1039731502532959,-0.06833534575835642,-0.11893659830093384,-0.15503650903701782,-0.09776037074462351,-0.09640097618103027,-0.1704208254814148,-0.12469398118392405,-0.06873840093612671,-0.25045883655548096,-0.04802199341193614,-0.09445846080780029,-0.3640575408935547,-0.09080826379195628,-0.10784536600112915,-0.43482476472854614,-0.11622721589938578,-0.11606043577194214,-0.491854190826416,-0.13280417658225474,-0.011106431484222412,-0.2502295970916748,-0.05481212101713595,-0.008150815963745117,-0.38569897413253784,-0.09847051538363871,-0.009563982486724854,-0.477544367313385,-0.12432259209290919,-0.007101953029632568,-0.5454129874706268,-0.13798364139930186,0.03157562017440796,-0.2140609622001648,-0.06545455641881404,0.016559064388275146,-0.2812628746032715,-0.11447393782273707,-0.02747201919555664,-0.21041715145111084,-0.1134735632671493,-0.053880274295806885,-0.15267664194107056,-0.10043549425736842,0.06428194046020508,-0.15442311763763428,-0.08039431162015376,0.015528559684753418,-0.15050798654556274,-0.1204424861802238,-0.02343517541885376,-0.09924012422561646,-0.12079170979396281,-0.04504835605621338,-0.05866289138793945,-0.11146229393617091,jump
0.0,0.0,0.0,-0.06327146291732788,-0.04675513505935669,-0.02944122483143019,-0.11072969436645508,-0.11949175596237183,-0.053108515638200515,-0.13231748342514038,-0.17128247022628784,-0.08041681205043005,-0.11576831340789795,-0.18007010221481323,-0.10562004749783682,-0.06631213426589966,-0.2664608955383301,-0.0388113096834104,-0.09159815311431885,-0.37971311807632446,-0.08027397696980643,-0.1052735447883606,-0.4502379894256592,-0.10566675518759894,-0.11503148078918457,-0.5076963305473328,-0.12258723233946967,-0.014329731464385986,-0.25911945104599,-0.051881904202787155,-0.015262782573699951,-0.389892041683197,-0.09637346719512152,-0.021041929721832275,-0.4842698872089386,-0.12400562171944784,-0.022104084491729736,-0.5537720322608948,-0.13886041049966025,0.02292579412460327,-0.21943217515945435,-0.06807000045785117,-0.00592416524887085,-0.28697383403778076,-0.11654517655381369,-0.05380362272262573,-0.21611618995666504,-0.11458471273192572,-0.07856661081314087,-0.15681326389312744,-0.10105056171425986,0.048152804374694824,-0.16104960441589355,-0.08789285873183417,-0.016505658626556396,-0.1581079363822937,-0.1260193944455068,-0.057944655418395996,-0.10571020841598511,-0.12494946872004675,-0.07465660572052002,-0.06441789865493774,-0.1150958076597135,jump
0.0,0.0,0.0,-0.06109362840652466,-0.045899808406829834,-0.03248811998793144,-0.10926550626754761,-0.1223493218421936,-0.05749146753379364,-0.12834501266479492,-0.173780620098114,-0.08566457518764992,-0.10216575860977173,-0.17841100692749023,-0.11154330262371559,-0.0680779218673706,-0.26779383420944214,-0.0408032957596447,-0.0911555290222168,-0.3831237554550171,-0.08144816496798057,-0.10390031337738037,-0.45450878143310547,-0.10536098965832252,-0.11215847730636597,-0.5110344290733337,-0.12114417293497581,-0.01158452033996582,-0.26260101795196533,-0.05268446096607704,-0.006843984127044678,-0.3953537940979004,-0.09511945137211342,-0.008362293243408203,-0.4898168444633484,-0.12028668561407585,-0.00524979829788208,-0.5600326359272003,-0.13350897022911568,0.029218316078186035,-0.22249960899353027,-0.0680123690647747,0.009056448936462402,-0.28961634635925293,-0.11692448445984382,-0.03703939914703369,-0.21344584226608276,-0.11431533583828468,-0.062352001667022705,-0.1505894660949707,-0.09989607819744606,0.057907700538635254,-0.1613394021987915,-0.08717114218899269,0.0018612146377563477,-0.15563249588012695,-0.12764993795582313,-0.03842741250991821,-0.09767889976501465,-0.12698303648659248,-0.05688077211380005,-0.0522119402885437,-0.11669716724583168,jump
0.0,0.0,0.0,-0.06487858295440674,-0.018322527408599854,-0.06462590444257899,-0.09205448627471924,-0.08726030588150024,-0.10379791307619257,-0.04406923055648804,-0.13191723823547363,-0.13500658470562144,0.011177420616149902,-0.16282588243484497,-0.16430082220009012,-0.08070480823516846,-0.2358115315437317,-0.0951340128796403,-0.11316120624542236,-0.35345280170440674,-0.1450128187554185,-0.1318439245223999,-0.42805424332618713,-0.17576997775009318,-0.1440538763999939,-0.49497419595718384,-0.19894809323719187,-0.015806376934051514,-0.24372738599777222,-0.093491614343435,-0.009674251079559326,-0.3942566514015198,-0.144540720166475,0.0004297494888305664,-0.48398447036743164,-0.17383962172439738,0.012272536754608154,-0.5640539824962616,-0.19324425655773325,0.03603851795196533,-0.21360933780670166,-0.09600382346084757,0.07192015647888184,-0.2973364591598511,-0.16325878399780436,0.059098780155181885,-0.24890464544296265,-0.18099761802128,0.046966373920440674,-0.21796315908432007,-0.18379905122688456,0.08241742849349976,-0.16079050302505493,-0.10203950900009318,0.08718794584274292,-0.15463578701019287,-0.17049296993187113,0.05705136060714722,-0.09399861097335815,-0.18812135654857798,0.03596585988998413,-0.055285871028900146,-0.1917500128166978,jump
0.0,0.0,0.0,-0.07001560926437378,-0.008386969566345215,-0.0968791769072368,-0.0908324122428894,-0.06639552116394043,-0.15871081512420915,-0.03828221559524536,-0.09985870122909546,-0.21001300971954606,0.02164822816848755,-0.1467217206954956,-0.258859194926913,-0.08497416973114014,-0.22533202171325684,-0.14275565009563707,-0.11634272336959839,-0.3378048539161682,-0.21519916515796922,-0.13525640964508057,-0.410305380821228,-0.2600775436684444,-0.14640235900878906,-0.47922444343566895,-0.2935099677368953,-0.0162011981010437,-0.23372089862823486,-0.13702241342514299,-0.013983368873596191,-0.381756454706192,-0.21229527156799577,-0.0027626752853393555,-0.46256160736083984,-0.2535258607193782,0.011677384376525879,-0.5477777421474457,-0.2816791312023952,0.040393710136413574,-0.19788360595703125,-0.13856365542858384,0.07467681169509888,-0.28089451789855957,-0.231651119999583,0.05721557140350342,-0.18899178504943848,-0.2526944057270839,0.04021257162094116,-0.13284361362457275,-0.25416300456970475,0.08952867984771729,-0.1414927840232849,-0.146333120875056,0.10444670915603638,-0.15309298038482666,-0.23506415646522782,0.0794898271560669,-0.0955120325088501,-0.26134452980011247,0.05702763795852661,-0.06534457206726074,-0.2700213865563228,jump
0.0,0.0,0.0,-0.06758648157119751,-0.014310181140899658,-0.0846686612651979,-0.09097796678543091,-0.07632440328598022,-0.13550371935826888,-0.0343174934387207,-0.12078619003295898,-0.1754708241508638,0.02575504779815674,-0.16868966817855835,-0.21082430592042556,-0.0893661379814148,-0.24209284782409668,-0.12022329380971541,-0.11968761682510376,-0.3573486804962158,-0.18333288541299453,-0.1364649534225464,-0.4303605556488037,-0.22209961226445785,-0.1458796262741089,-0.5013129711151123,-0.2507033895538484,-0.018772482872009277,-0.259329617023468,-0.11303161343795409,-0.01731330156326294,-0.4047093391418457,-0.1780231397436296,-0.007225096225738525,-0.4866187572479248,-0.21124268582326522,0.006945133209228516,-0.5710873305797577,-0.23283746352655044,0.03847026824951172,-0.2300276756286621,-0.1118086974905168,0.07731777429580688,-0.2954186201095581,-0.18950072935086837,0.05562800168991089,-0.20701754093170166,-0.19878923407060256,0.03724253177642822,-0.16015863418579102,-0.19345446935159316,0.0898817777633667,-0.17462730407714844,-0.11674826851350417,0.10103088617324829,-0.16196894645690918,-0.189143637924019,0.06777787208557129,-0.1010017991065979,-0.20438567808133712,0.04171037673950195,-0.0778927206993103,-0.205610523729149,jump
0.0,0.0,0.0,-0.06795686483383179,-0.010495483875274658,-0.1045894455465941,-0.08740663528442383,-0.06411010026931763,-0.16999649073216005,-0.03274887800216675,-0.09776133298873901,-0.2217040714177756,0.029096782207489014,-0.1507372260093689,-0.26920354928108736,-0.09046083688735962,-0.23177999258041382,-0.15209496583076998,-0.11993157863616943,-0.3438785970211029,-0.22532649900051638,-0.135148823261261,-0.4166741371154785,-0.27025059427353426,-0.14394891262054443,-0.4866686463356018,-0.30331880416008516,-0.021663904190063477,-0.2413238286972046,-0.14172533716293856,-0.018514156341552734,-0.3909260034561157,-0.2164748814258246,-0.006407797336578369,-0.473624587059021,-0.25359461273285433,0.006932377815246582,-0.5620216727256775,-0.27866840924355074,0.03621703386306763,-0.20697271823883057,-0.13914660181137606,0.07928794622421265,-0.2841743528842926,-0.2284666356000571,0.06177788972854614,-0.19563567638397217,-0.24284034039112612,0.04299807548522949,-0.14991247653961182,-0.24095230366322085,0.08728277683258057,-0.15358757972717285,-0.1439123209867148,0.10846424102783203,-0.1569206714630127,-0.22720730866524264,0.0810956358909607,-0.0968160629272461,-0.24781796897980257,0.0562443733215332,-0.07360297441482544,-0.25339088405701204,jump
0.0,0.0,0.0,-0.06698232889175415,-0.01163935661315918,-0.08391113436499609,-0.08773672580718994,-0.08142673969268799,-0.13202173120060934,-0.031901538372039795,-0.13225549459457397,-0.16924833363572134,0.023421943187713623,-0.1822805404663086,-0.2038873196271993,-0.09144818782806396,-0.23189973831176758,-0.11794736093560232,-0.12384361028671265,-0.34631651639938354,-0.17732053107300771,-0.13985466957092285,-0.4203302264213562,-0.21200846737900747,-0.14872092008590698,-0.49098801612854004,-0.23720691210309042,-0.02548086643218994,-0.2485501766204834,-0.11116488880196584,-0.021973729133605957,-0.3948817551136017,-0.17421007758656515,-0.012184977531433105,-0.4756889343261719,-0.20420553392449392,-0.0008753538131713867,-0.5563969016075134,-0.22206050759831442,0.030011773109436035,-0.22153466939926147,-0.11063560700694097,0.07078409194946289,-0.2914530634880066,-0.19221594041863455,0.054653286933898926,-0.20596247911453247,-0.20465554899254812,0.03847229480743408,-0.1558191180229187,-0.1994680822519399,0.07984697818756104,-0.17075157165527344,-0.11536436385193838,0.09674173593521118,-0.17900413274765015,-0.1932967663435079,0.06837761402130127,-0.10993367433547974,-0.20898081964531912,0.04628634452819824,-0.07176482677459717,-0.2089893133071996,jump
0.0,0.0,0.0,-0.06676942110061646,-0.01469433307647705,-0.08501253640275763,-0.08701014518737793,-0.08828353881835938,-0.13084061807018088,-0.03367358446121216,-0.1431788206100464,-0.16473247474056052,0.019258618354797363,-0.19500958919525146,-0.1972051448188381,-0.08943045139312744,-0.23329323530197144,-0.11403466379266547,-0.12098520994186401,-0.3450073301792145,-0.16811865931373404,-0.13702785968780518,-0.41708633303642273,-0.20099559789520072,-0.14697903394699097,-0.4830425977706909,-0.22438535457473563,-0.02809131145477295,-0.2434767484664917,-0.10500698154788779,-0.022415876388549805,-0.39285653829574585,-0.15830479925494956,-0.011355698108673096,-0.47394421696662903,-0.18616345888000296,-0.00016516447067260742,-0.5450774431228638,-0.20359792178493308,0.026500999927520752,-0.2142200469970703,-0.10268517201762961,0.06406271457672119,-0.3001348376274109,-0.177318591531332,0.059649884700775146,-0.2445952296257019,-0.19877688949924277,0.052983999252319336,-0.20769762992858887,-0.20228493576865958,0.07687598466873169,-0.1641404628753662,-0.10508635258298682,0.09713661670684814,-0.19304144382476807,-0.17937641208987998,0.07818537950515747,-0.12948942184448242,-0.19742383426051902,0.06311696767807007,-0.0833061933517456,-0.20062041645866202,jump
0.0,0.0,0.0,-0.06852632761001587,-0.013845503330230713,-0.08365709041152058,-0.08961695432662964,-0.08825534582138062,-0.12901357267890035,-0.045175254344940186,-0.14183437824249268,-0.16323256944212972,0.005743682384490967,-0.1968601942062378,-0.19705811594519673,-0.09236723184585571,-0.2287297248840332,-0.10246820454392491,-0.12275612354278564,-0.3326336145401001,-0.15868834112677632,-0.13962554931640625,-0.40552112460136414,-0.19399564419779836,-0.14942163228988647,-0.468497633934021,-0.21886823032889424,-0.03385758399963379,-0.23863190412521362,-0.09694992457423268,-0.029828250408172607,-0.37886348366737366,-0.1516342506268984,-0.021129727363586426,-0.45888686180114746,-0.18091628407034932,-0.010130882263183594,-0.5316888093948364,-0.19842087183985768,0.01966148614883423,-0.2162332534790039,-0.10024860207829533,0.055704474449157715,-0.30406397581100464,-0.18120336984191,0.05745452642440796,-0.26929715275764465,-0.21176827405486165,0.0598292350769043,-0.2505049407482147,-0.22132492517027913,0.06908023357391357,-0.1778464913368225,-0.107910794065333,0.07971453666687012,-0.19461214542388916,-0.19257437144312917,0.06429076194763184,-0.12634491920471191,-0.21864562188181935,0.056510329246520996,-0.07964205741882324,-0.22671761070284902,jump
0.0,0.0,0.0,-0.06978702545166016,-0.01850581169128418,-0.08436832141160266,-0.0967944860458374,-0.09916722774505615,-0.12130884390353458,-0.060757577419281006,-0.1627313494682312,-0.14646896284102695,-0.013418912887573242,-0.22181937098503113,-0.16965259175776737,-0.09593677520751953,-0.2323727011680603,-0.08049672406195896,-0.12865334749221802,-0.3234478235244751,-0.12539529364585178,-0.14340388774871826,-0.38778063654899597,-0.1528549895811011,-0.15347027778625488,-0.4434221386909485,-0.17173091631411808,-0.04011178016662598,-0.2438943088054657,-0.06836578559159534,-0.040040433406829834,-0.36707040667533875,-0.11085902463673847,-0.03395932912826538,-0.4425053000450134,-0.1336294220018317,-0.026810526847839355,-0.504935622215271,-0.14602469962119358,0.009968876838684082,-0.225663959980011,-0.06684106897591846,0.031000077724456787,-0.29335150122642517,-0.1387781457233359,0.03284132480621338,-0.27098071575164795,-0.17206644576071994,0.03649061918258667,-0.264147013425827,-0.18274274032592075,0.05822497606277466,-0.19461238384246826,-0.07015876036166446,0.06244826316833496,-0.21438777446746826,-0.14720192115782993,0.04886150360107422,-0.15662002563476562,-0.17527845066069858,0.040966808795928955,-0.11658942699432373,-0.18480678956984775,jump
0.0,0.0,0.0,-0.06819742918014526,-0.009225726127624512,-0.06651991075781893,-0.1072998046875,-0.09302175045013428,-0.09999324596432757,-0.08018314838409424,-0.16294950246810913,-0.12573050922659945,-0.02650552988052368,-0.21106868982315063,-0.15046473807601046,-0.08925557136535645,-0.22009587287902832,-0.06545965588597369,-0.12205076217651367,-0.31498661637306213,-0.1058392322709949,-0.1414598822593689,-0.37580379843711853,-0.13007153040675234,-0.15031826496124268,-0.4301632344722748,-0.14835087425021243,-0.035501062870025635,-0.23391813039779663,-0.06135325348881793,-0.041843295097351074,-0.358479380607605,-0.10566418833045077,-0.04018205404281616,-0.4371742904186249,-0.1318431294610889,-0.03318381309509277,-0.5043043196201324,-0.1470701492479236,0.012229681015014648,-0.21675431728363037,-0.06477870262173724,0.028752923011779785,-0.30327311158180237,-0.13831227487830233,0.02364891767501831,-0.25974276661872864,-0.1677216387441547,0.024996817111968994,-0.22989428043365479,-0.1756816304376514,0.05848127603530884,-0.18032872676849365,-0.07115105754641604,0.05532979965209961,-0.18578815460205078,-0.15142245060710025,0.03769099712371826,-0.10929280519485474,-0.17942006356028628,0.03253704309463501,-0.052858173847198486,-0.18811554676798892,jump
0.0,0.0,0.0,-0.06580877304077148,-0.01615762710571289,-0.04888684002332866,-0.10907340049743652,-0.10236608982086182,-0.07386183811001956,-0.08192116022109985,-0.16394472122192383,-0.09567994696669757,-0.029096245765686035,-0.18997585773468018,-0.11495037449174106,-0.08033442497253418,-0.2415074110031128,-0.05183114928775012,-0.10877197980880737,-0.3462001383304596,-0.08787775857024371,-0.12373101711273193,-0.4128953814506531,-0.1122414700465697,-0.13180100917816162,-0.47125059366226196,-0.132694304712345,-0.022963285446166992,-0.24882274866104126,-0.053872116632987854,-0.02750462293624878,-0.3838006258010864,-0.09478546006255328,-0.02674788236618042,-0.46599817276000977,-0.1231580532866019,-0.01992565393447876,-0.5349914133548737,-0.14275556875043094,0.023624002933502197,-0.22162377834320068,-0.06043585089616954,0.04426693916320801,-0.3143669366836548,-0.1180768616276282,0.027191221714019775,-0.2428799271583557,-0.12939070237450778,0.018550515174865723,-0.19039982557296753,-0.12793296647839725,0.0683709979057312,-0.17162799835205078,-0.07038139624171436,0.060456693172454834,-0.18137431144714355,-0.13157667291932285,0.03472191095352173,-0.11136019229888916,-0.14680038464837253,0.022766053676605225,-0.06092411279678345,-0.14898605716996371,jump
0.0,0.0,0.0,-0.06619530916213989,-0.017895519733428955,-0.06899410447488208,-0.10573822259902954,-0.08429932594299316,-0.1127843405903377,-0.07329040765762329,-0.12022662162780762,-0.15189206561456103,-0.018231987953186035,-0.12791842222213745,-0.18744014164815326,-0.07476985454559326,-0.2309894561767578,-0.09069856217513461,-0.09946191310882568,-0.34177258610725403,-0.1471946384609737,-0.11397945880889893,-0.4157513380050659,-0.17902916631112475,-0.11928987503051758,-0.4802437722682953,-0.20120118519673724,-0.010588884353637695,-0.23316043615341187,-0.09045627674470325,-0.0012374520301818848,-0.36041852831840515,-0.15433122178922076,0.0076264142990112305,-0.445859432220459,-0.18629282674203296,0.0223504900932312,-0.5230480432510376,-0.2032486345470943,0.03868013620376587,-0.1990637183189392,-0.09621147772679706,0.06280279159545898,-0.24544894695281982,-0.1739979978502788,0.031233608722686768,-0.1544358730316162,-0.1804423179329433,0.009708225727081299,-0.09453141689300537,-0.16792942544827838,0.08163595199584961,-0.14370006322860718,-0.107399470716814,0.07996755838394165,-0.12595903873443604,-0.1762095983923473,0.045129597187042236,-0.06259268522262573,-0.18757124206433673,0.02100992202758789,-0.02585381269454956,-0.18293088635812182,jump
0.0,0.0,0.0,-0.07224124670028687,-0.008232831954956055,-0.10279755024203041,-0.11171901226043701,-0.06437230110168457,-0.17449346659668663,-0.08227747678756714,-0.08904260396957397,-0.23650058088787773,-0.022504329681396484,-0.09960085153579712,-0.29507801411637047,-0.07836693525314331,-0.20998871326446533,-0.15458487449177483,-0.10454213619232178,-0.3147260546684265,-0.23879185793884972,-0.1191108226776123,-0.38753432035446167,-0.2862831103611825,-0.12276673316955566,-0.450578510761261,-0.3193614828396676,-0.015057742595672607,-0.20549237728118896,-0.15160337565430382,-0.00503915548324585,-0.3337033689022064,-0.2493045079518197,0.008355796337127686,-0.41844993829727173,-0.29791695354469994,0.027276456356048584,-0.497128963470459,-0.32529089329727867,0.034371018409729004,-0.16852158308029175,-0.1567366617728112,0.06494110822677612,-0.2143111228942871,-0.26534936306961754,0.03342181444168091,-0.11395198106765747,-0.2801589715290902,0.011666357517242432,-0.05823945999145508,-0.27082509277352074,0.07899987697601318,-0.12080347537994385,-0.16939074275978783,0.08279621601104736,-0.10217684507369995,-0.26351368902214745,0.04777729511260986,-0.030423641204833984,-0.28562221405991295,0.022440195083618164,0.000982820987701416,-0.2877779650498269,jump
0.0,0.0,0.0,-0.07469409704208374,-0.004480898380279541,-0.11203282213489274,-0.11447006464004517,-0.05384111404418945,-0.19000448918620805,-0.08593922853469849,-0.07314038276672363,-0.255689999821584,-0.02209419012069702,-0.07545936107635498,-0.3169187519578145,-0.08168250322341919,-0.18697315454483032,-0.17216374612132768,-0.11040002107620239,-0.28281232714653015,-0.2614777896432088,-0.1250671148300171,-0.3525439500808716,-0.3110654566315816,-0.13057976961135864,-0.41289153695106506,-0.34578680134097795,-0.018399536609649658,-0.18298590183258057,-0.16457237935344438,-0.003175973892211914,-0.3014570474624634,-0.2678927395371602,0.010935723781585693,-0.3810330629348755,-0.31633480525295,0.030378520488739014,-0.45653584599494934,-0.3432285401848958,0.03133583068847656,-0.14970940351486206,-0.1650307986764119,0.06451278924942017,-0.1724621057510376,-0.2701059494046376,0.028105497360229492,-0.07598614692687988,-0.27517833447734574,0.003258049488067627,-0.03277909755706787,-0.2606201086072133,0.07756859064102173,-0.10878318548202515,-0.17495366072932939,0.08238059282302856,-0.07652515172958374,-0.2645684692887471,0.042669594287872314,-0.006700575351715088,-0.28094371295253495,0.011238515377044678,0.016580700874328613,-0.27988871074001054,jump
0.0,0.0,0.0,-0.0718609094619751,-0.007856488227844238,-0.09756377538212746,-0.10954731702804565,-0.0595928430557251,-0.16620940913924187,-0.07829362154006958,-0.08214700222015381,-0.22513475467928856,-0.020656228065490723,-0.09133678674697876,-0.28099524428614586,-0.079872727394104,-0.19430994987487793,-0.152501875660505,-0.1129876971244812,-0.29065659642219543,-0.2335085665202996,-0.13239514827728271,-0.3572695851325989,-0.2802878861642739,-0.14221030473709106,-0.4172031283378601,-0.31300502469309777,-0.018191516399383545,-0.1944434642791748,-0.14929320862063378,-0.00953751802444458,-0.3216797113418579,-0.24113019754656762,0.0008651018142700195,-0.402204692363739,-0.2872837131238839,0.01655477285385132,-0.47939005494117737,-0.3141759281373879,0.030721068382263184,-0.16259485483169556,-0.15293000092276543,0.062133193016052246,-0.20578300952911377,-0.2522139792657754,0.030916988849639893,-0.10949087142944336,-0.26276251127490013,0.007003307342529297,-0.056418538093566895,-0.25277187874087303,0.07512152194976807,-0.11800336837768555,-0.1639929210163018,0.08537298440933228,-0.10393071174621582,-0.2478462701059243,0.04874330759048462,-0.03683197498321533,-0.2634307985521218,0.01820683479309082,-0.007027387619018555,-0.2627611999727151,jump
0.0,0.0,0.0,-0.06649023294448853,-0.015664100646972656,-0.06880151832484671,-0.10320252180099487,-0.07837903499603271,-0.11191302889966437,-0.06825673580169678,-0.11417454481124878,-0.14907857382678458,-0.015016674995422363,-0.12647634744644165,-0.18263786638163992,-0.08089834451675415,-0.2164953351020813,-0.09171264225625464,-0.11303436756134033,-0.3180954158306122,-0.14582509899520346,-0.13249891996383667,-0.38751012086868286,-0.17716371620082327,-0.14357072114944458,-0.45008644461631775,-0.19906204545878836,-0.019868671894073486,-0.22394251823425293,-0.0896484514512963,-0.012667596340179443,-0.34959131479263306,-0.14849993193530509,-0.004891395568847656,-0.43233007192611694,-0.1781584134139962,0.008316099643707275,-0.5111806392669678,-0.19490423405551383,0.02744203805923462,-0.19559741020202637,-0.09328993761920401,0.05758136510848999,-0.24323302507400513,-0.16555203104400107,0.03034651279449463,-0.15290147066116333,-0.1707142552175469,0.010911703109741211,-0.09575563669204712,-0.15891252065085837,0.06940001249313354,-0.1465398073196411,-0.102312031928534,0.07458126544952393,-0.14034926891326904,-0.16533894443892905,0.04272639751434326,-0.07689929008483887,-0.17362495863818594,0.019446611404418945,-0.03967452049255371,-0.16838074827575156,jump
0.0,0.0,0.0,-0.06830388307571411,-0.006133377552032471,-0.0648990191425014,-0.10328543186187744,-0.08201956748962402,-0.09893672837864642,-0.06824177503585815,-0.13861799240112305,-0.1273728750551868,-0.017457544803619385,-0.1676243543624878,-0.1530151508654285,-0.08219575881958008,-0.2203807830810547,-0.08217316045414691,-0.11597877740859985,-0.32394686341285706,-0.13162682875048404,-0.13453036546707153,-0.3898068070411682,-0.16072317882429843,-0.14885473251342773,-0.44984397292137146,-0.182144641121738,-0.02238541841506958,-0.23059940338134766,-0.07904336526047473,-0.01775825023651123,-0.35988739132881165,-0.1363450132216144,-0.013163626194000244,-0.4411771297454834,-0.1692538700903583,-0.005195736885070801,-0.513055294752121,-0.18902817293059115,0.02289748191833496,-0.2079843282699585,-0.0812043763602901,0.04790455102920532,-0.27093011140823364,-0.15399649663817172,0.02863675355911255,-0.18411260843276978,-0.16639026924025302,0.0176427960395813,-0.12894433736801147,-0.16110357566725497,0.064064621925354,-0.16641181707382202,-0.08761907293450122,0.06093090772628784,-0.15503305196762085,-0.15713368280779605,0.04029315710067749,-0.08308202028274536,-0.1744425885285068,0.031842172145843506,-0.04101818799972534,-0.1759122751558948,jump
0.0,0.0,0.0,-0.06911581754684448,-0.01144319772720337,-0.06081170006643788,-0.10197734832763672,-0.09210246801376343,-0.09394902526389615,-0.07001757621765137,-0.15982341766357422,-0.12151527195226208,-0.016963422298431396,-0.20238274335861206,-0.14764734893094555,-0.08854097127914429,-0.22175034880638123,-0.0667369195724632,-0.12201559543609619,-0.31739670038223267,-0.10896532027970807,-0.13894182443618774,-0.3785702586174011,-0.13558858423482434,-0.1474982500076294,-0.43212729692459106,-0.15620699315320508,-0.03274935483932495,-0.23223742842674255,-0.0661219635511543,-0.03182488679885864,-0.3596043586730957,-0.11327483295451657,-0.027532219886779785,-0.4370400011539459,-0.14334681420575635,-0.01963561773300171,-0.500487357378006,-0.16287292330514447,0.013570308685302734,-0.2119266390800476,-0.07139840512525097,0.038285255432128906,-0.30088353157043457,-0.1401290425563957,0.027535676956176758,-0.23748886585235596,-0.1594950982834007,0.022037506103515625,-0.18897706270217896,-0.16158450930367962,0.05767977237701416,-0.17250829935073853,-0.08001743792544858,0.05549818277359009,-0.18334412574768066,-0.15180302946816937,0.03842264413833618,-0.11055803298950195,-0.17249612300645367,0.03095930814743042,-0.05539935827255249,-0.1770482340360786,jump
0.0,0.0,0.0,-0.08068865537643433,-0.01122504472732544,-0.08976451031026045,-0.11066430807113647,-0.08008003234863281,-0.14120287171658674,-0.07221126556396484,-0.11636686325073242,-0.18381099871453443,-0.0153694748878479,-0.1281779408454895,-0.22316256634053389,-0.08247071504592896,-0.21559134125709534,-0.1195974843865315,-0.10985273122787476,-0.3208652436733246,-0.18791625372227827,-0.12165093421936035,-0.39030224084854126,-0.22632347515877882,-0.12804776430130005,-0.45354342460632324,-0.25423196426686445,-0.01990199089050293,-0.21522077918052673,-0.11536512247380415,-0.009049057960510254,-0.34584763646125793,-0.19495471290406385,0.0045909881591796875,-0.4254326820373535,-0.23308858743962446,0.019660532474517822,-0.501682698726654,-0.2543786214953343,0.025982916355133057,-0.18522322177886963,-0.1200475143557469,0.05294489860534668,-0.23343193531036377,-0.2159483032589833,0.02859055995941162,-0.1352766752243042,-0.22926405540761152,0.01422131061553955,-0.08779054880142212,-0.22090094260033766,0.06827843189239502,-0.14584535360336304,-0.13141783050355116,0.06725865602493286,-0.12542831897735596,-0.22094500533398787,0.03848612308502197,-0.05315309762954712,-0.24508961013611952,0.021500229835510254,-0.02396613359451294,-0.24987841121014753,jump
0.0,0.0,0.0,-0.0808253288269043,-0.01880323886871338,-0.09224216980589972,-0.11537766456604004,-0.08387899398803711,-0.15395684880866156,-0.07607173919677734,-0.11114001274108887,-0.20774588329447852,-0.01587468385696411,-0.11120742559432983,-0.25813350422038184,-0.08021432161331177,-0.21457815170288086,-0.13333064658297644,-0.10484910011291504,-0.31429433822631836,-0.20834762198580847,-0.11656618118286133,-0.382402241230011,-0.25147071821345435,-0.12181919813156128,-0.44361546635627747,-0.283257785865203,-0.015558123588562012,-0.21084177494049072,-0.13338415665282355,-0.0021363496780395508,-0.33834749460220337,-0.22086790544642554,0.014933884143829346,-0.41956281661987305,-0.26371193272723303,0.03501409292221069,-0.4962078332901001,-0.28869316322459326,0.031804561614990234,-0.17751896381378174,-0.14190605623377905,0.0649600625038147,-0.21980023384094238,-0.23932987792147742,0.035816073417663574,-0.1254425048828125,-0.24977861685408698,0.01571577787399292,-0.08139073848724365,-0.24063845319403754,0.07715004682540894,-0.1361539363861084,-0.15812377972258673,0.08113473653793335,-0.11156857013702393,-0.24505095524443732,0.044813454151153564,-0.04366719722747803,-0.2654677365507041,0.018755018711090088,-0.019466638565063477,-0.2687041197503959,jump
0.0,0.0,0.0,-0.0753430724143982,-0.01677936315536499,-0.08448007874869745,-0.10873323678970337,-0.08865952491760254,-0.13970016115092676,-0.0695950984954834,-0.12254393100738525,-0.18683768980883997,-0.012054800987243652,-0.1268252730369568,-0.23106222026729029,-0.07452124357223511,-0.2124084234237671,-0.12878054552459162,-0.10043168067932129,-0.31416022777557373,-0.19853246384047907,-0.11471563577651978,-0.38228437304496765,-0.23928155177020471,-0.1204226016998291,-0.44519877433776855,-0.2692457752742712,-0.010852992534637451,-0.21539056301116943,-0.12625500731849115,0.0026177167892456055,-0.34311652183532715,-0.20684620910071772,0.018611013889312744,-0.42360010743141174,-0.2492278682508413,0.042301833629608154,-0.4988062381744385,-0.2751808779754583,0.03633904457092285,-0.18489724397659302,-0.1294195073165838,0.06819748878479004,-0.23451197147369385,-0.21929927342318933,0.03632432222366333,-0.13689017295837402,-0.22817807071589868,0.015403389930725098,-0.07732772827148438,-0.21853725784205835,0.08052915334701538,-0.13734954595565796,-0.139079527787203,0.0828668475151062,-0.1262637972831726,-0.21870824866675775,0.048071861267089844,-0.058744847774505615,-0.23462929003619593,0.02441084384918213,-0.023728489875793457,-0.234472634128565,jump
0.0,0.0,0.0,-0.06494319438934326,-0.0090065598487854,-0.048415097631817616,-0.10703891515731812,-0.0958327054977417,-0.07216986198008613,-0.08000195026397705,-0.16847825050354004,-0.0918150090056713,-0.030843377113342285,-0.2027883529663086,-0.10989247191727713,-0.08549952507019043,-0.2291157841682434,-0.0556010634082611,-0.11562716960906982,-0.3287447988986969,-0.09172712940753058,-0.1323501467704773,-0.39197850227355957,-0.11520483274043158,-0.14267313480377197,-0.4484204053878784,-0.13397103477299765,-0.026936888694763184,-0.23802849650382996,-0.056286647208338536,-0.022073686122894287,-0.37217241525650024,-0.09668207842887,-0.016537010669708252,-0.4530069828033447,-0.12419314611733512,-0.006418824195861816,-0.520691454410553,-0.1424426876384075,0.019825875759124756,-0.2148047685623169,-0.060959614105826176,0.04133176803588867,-0.3061991035938263,-0.12021350789845542,0.02776956558227539,-0.24053937196731567,-0.1345808051902111,0.020915091037750244,-0.1908608078956604,-0.13416947353661612,0.06368261575698853,-0.17085319757461548,-0.06814675707400397,0.05689805746078491,-0.18389123678207397,-0.13016329634965018,0.03618592023849487,-0.11274176836013794,-0.14555974233925895,0.027505576610565186,-0.058850109577178955,-0.14718031812489585,jump
0.0,0.0,0.0,-0.06442147493362427,-0.007224559783935547,-0.04112209354281049,-0.10535204410552979,-0.09368318319320679,-0.057759467258449604,-0.08384108543395996,-0.17547732591629028,-0.0717433055186234,-0.038685381412506104,-0.22303608059883118,-0.08392501969575505,-0.0905274748802185,-0.2198980748653412,-0.02857856985866647,-0.12124300003051758,-0.3079015612602234,-0.05493156213998418,-0.13908904790878296,-0.3609142005443573,-0.07411912430762868,-0.1500524878501892,-0.4090227484703064,-0.09031042058705907,-0.038285791873931885,-0.2377171814441681,-0.029158247380848934,-0.04022127389907837,-0.3547738790512085,-0.05920000348925214,-0.03962910175323486,-0.4280325174331665,-0.08367337633609395,-0.034484028816223145,-0.4885771572589874,-0.1010123302483521,0.005085349082946777,-0.22317743301391602,-0.03454395358204465,0.025908470153808594,-0.3197754919528961,-0.08517000426292043,0.009437859058380127,-0.26322218775749207,-0.1013240476393662,-0.0024001002311706543,-0.2132045030593872,-0.10363655884503942,0.047177016735076904,-0.18691891431808472,-0.04218310464858632,0.042016685009002686,-0.20895248651504517,-0.09805137266158681,0.0245550274848938,-0.14658123254776,-0.11476163168191533,0.014894664287567139,-0.09411293268203735,-0.11828243334531408,jump
0.0,0.0,0.0,-0.06646031141281128,-0.013653159141540527,-0.046207513402720224,-0.11125850677490234,-0.09580022096633911,-0.06915698174717022,-0.08686858415603638,-0.16539889574050903,-0.08928325001480175,-0.036411404609680176,-0.19504505395889282,-0.10723143045188976,-0.08657491207122803,-0.23182693123817444,-0.0483602729845245,-0.11483198404312134,-0.3362395465373993,-0.08204627756359173,-0.13041812181472778,-0.40267133712768555,-0.10346185390235974,-0.139457106590271,-0.46184659004211426,-0.12037275705816342,-0.02782309055328369,-0.24184125661849976,-0.04925865281703068,-0.026492834091186523,-0.37110206484794617,-0.08625675712110592,-0.023874878883361816,-0.452508807182312,-0.1100450006532867,-0.01635211706161499,-0.5243801176548004,-0.12525932465078427,0.018424510955810547,-0.2172069549560547,-0.054458953182717096,0.03899586200714111,-0.30178070068359375,-0.11001276199104382,0.020864665508270264,-0.22355127334594727,-0.119339085857888,0.009493350982666016,-0.1638861894607544,-0.1142239866066177,0.06113731861114502,-0.17084360122680664,-0.06262508754016949,0.05822199583053589,-0.18140077590942383,-0.11990644011976315,0.035713911056518555,-0.11353427171707153,-0.13228978190900875,0.023341238498687744,-0.06148463487625122,-0.1311248985338409,jump
0.0,0.0,0.0,-0.07682055234909058,-0.02693331241607666,-0.09044990061062208,-0.11493194103240967,-0.09038704633712769,-0.15341628460424772,-0.07535672187805176,-0.12199956178665161,-0.20634526876943937,-0.01608419418334961,-0.11818265914916992,-0.25327088801401487,-0.07541477680206299,-0.22003686428070068,-0.14866250125902525,-0.09370499849319458,-0.32196441292762756,-0.2329301026298367,-0.1037718653678894,-0.39295023679733276,-0.28119113413828245,-0.10840040445327759,-0.45766764879226685,-0.3146063324643933,-0.009223103523254395,-0.22289419174194336,-0.14333210258024565,0.015134096145629883,-0.3342437148094177,-0.23968207208650938,0.038002848625183105,-0.40780872106552124,-0.2847262260152661,0.06738895177841187,-0.47753214836120605,-0.3094250795080029,0.041193366050720215,-0.19119220972061157,-0.1433777448369824,0.06758260726928711,-0.17961770296096802,-0.23227319983976713,0.024343550205230713,-0.09352278709411621,-0.22838869063394895,-0.00415802001953125,-0.06205916404724121,-0.21030528215902677,0.08799546957015991,-0.14179325103759766,-0.15235266952055326,0.08542126417160034,-0.08319878578186035,-0.22320077685850492,0.04017293453216553,-0.030057311058044434,-0.23065064219969145,0.0063880085945129395,-0.026946723461151123,-0.22499535350340238,jump
0.0,0.0,0.0,-0.06985139846801758,-0.012581825256347656,-0.04637733436860003,-0.11613315343856812,-0.09919649362564087,-0.069332930815591,-0.09469032287597656,-0.17208069562911987,-0.09046987779177584,-0.04099911451339722,-0.1963786482810974,-0.10895283110178866,-0.08657437562942505,-0.2308463454246521,-0.04660183898843684,-0.11914128065109253,-0.33492982387542725,-0.08411423451937594,-0.1362224817276001,-0.40169352293014526,-0.10868416316546359,-0.14625996351242065,-0.4603164792060852,-0.12807645238675036,-0.027286887168884277,-0.240592360496521,-0.047954119366778514,-0.02686697244644165,-0.36858269572257996,-0.09084844924248614,-0.023523449897766113,-0.45555734634399414,-0.12068015672005572,-0.01411294937133789,-0.5299529135227203,-0.14038670398034014,0.018768787384033203,-0.21916621923446655,-0.05367778949178614,0.03168267011642456,-0.3032137453556061,-0.11199879981316485,0.008320868015289307,-0.21724843978881836,-0.1208555657390491,-0.003274381160736084,-0.1527453064918518,-0.11522323973215975,0.06256824731826782,-0.17773407697677612,-0.06289295442141452,0.04544574022293091,-0.17899030447006226,-0.12269100136794009,0.021258234977722168,-0.1045723557472229,-0.1369695547942058,0.012070059776306152,-0.04998427629470825,-0.13681196011341967,jump
0.0,0.0,0.0,-0.06783783435821533,-0.008887827396392822,-0.03911985936164797,-0.11329591274261475,-0.09710478782653809,-0.056674183481931095,-0.09833139181137085,-0.18089371919631958,-0.07352572041153849,-0.05235666036605835,-0.22144818305969238,-0.0878645937383169,-0.08899325132369995,-0.2292490303516388,-0.027290281975268726,-0.12062472105026245,-0.3267960846424103,-0.05848921197056711,-0.13698524236679077,-0.38958853483200073,-0.08024335014223993,-0.14665663242340088,-0.4432852268218994,-0.0980988900601858,-0.034153103828430176,-0.24060356616973877,-0.03058539437651575,-0.03720521926879883,-0.3682742118835449,-0.06762676792740763,-0.03676891326904297,-0.44836464524269104,-0.09561317520737589,-0.029844164848327637,-0.5135560631752014,-0.11388331013321817,0.010355830192565918,-0.22026148438453674,-0.03846271070241869,0.019034624099731445,-0.32167625427246094,-0.09281920748352945,-0.00045669078826904297,-0.24380049109458923,-0.10184656935334147,-0.008695065975189209,-0.18345487117767334,-0.09655496584773005,0.05457651615142822,-0.17875105142593384,-0.048831046694516544,0.03760296106338501,-0.20406419038772583,-0.10460795568823755,0.01823216676712036,-0.13439875841140747,-0.11644179480671824,0.011098802089691162,-0.07936495542526245,-0.1149477298796171,jump
0.0,0.0,0.0,-0.0666312575340271,0.006346642971038818,-0.042105298060619134,-0.1116950511932373,-0.08408725261688232,-0.0576792727594011,-0.09666776657104492,-0.1730974316596985,-0.07067146481915643,-0.05457758903503418,-0.22199612855911255,-0.08138047488375832,-0.09552234411239624,-0.20487794280052185,-0.027461394238912362,-0.12736964225769043,-0.29694581031799316,-0.05405237482830216,-0.14566689729690552,-0.3546580672264099,-0.07318592401190926,-0.15599465370178223,-0.4045918881893158,-0.09058102549954583,-0.04211682081222534,-0.22325164079666138,-0.0279761082862251,-0.04903459548950195,-0.3436425030231476,-0.06172927798672845,-0.05116850137710571,-0.4202756881713867,-0.09028435083075692,-0.046406328678131104,-0.48322561383247375,-0.11066879661723306,0.0014955401420593262,-0.21176251769065857,-0.033278010356866616,0.012114942073822021,-0.31797006726264954,-0.08838961603089501,-0.0047397613525390625,-0.2516936957836151,-0.10470674516602685,-0.01265329122543335,-0.19581812620162964,-0.10610502542897393,0.04542046785354614,-0.18122953176498413,-0.04069571154161622,0.02830260992050171,-0.2029055953025818,-0.10199700625582864,0.012580692768096924,-0.13513922691345215,-0.12184945823594262,0.008289754390716553,-0.08132165670394897,-0.12687776567383935,jump
0.0,0.0,0.0,-0.07213735580444336,-0.0044977664947509766,-0.06308950784750778,-0.11551022529602051,-0.08312296867370605,-0.09686570915528137,-0.09561896324157715,-0.15768826007843018,-0.12408568265982467,-0.04856514930725098,-0.19947195053100586,-0.15028478506155807,-0.09781163930892944,-0.21212029457092285,-0.07230969819374877,-0.11930418014526367,-0.3242844343185425,-0.11828166547365981,-0.13290530443191528,-0.3921775221824646,-0.14627199175902206,-0.1396579146385193,-0.45346350967884064,-0.1665636629159053,-0.0391121506690979,-0.22201576828956604,-0.07003037932463485,-0.035858213901519775,-0.3554721474647522,-0.1217866123015483,-0.03266364336013794,-0.4365183115005493,-0.1546734601552089,-0.025694191455841064,-0.509881466627121,-0.17350724640436965,0.010635733604431152,-0.20311370491981506,-0.07325293424673873,0.022305727005004883,-0.29291146993637085,-0.14822827580519515,0.013058662414550781,-0.23262947797775269,-0.17142269316263992,0.007891058921813965,-0.18637675046920776,-0.17244464459963638,0.05653059482574463,-0.16744118928909302,-0.07920880916663009,0.049704909324645996,-0.18655389547348022,-0.15393393042631942,0.03032553195953369,-0.1137082576751709,-0.1738486171061595,0.020641624927520752,-0.05626565217971802,-0.17552063170023757,jump
0.0,0.0,0.0,-0.07017338275909424,-0.017643511295318604,-0.05542518655136064,-0.1093829870223999,-0.10225695371627808,-0.08499981547072366,-0.07445704936981201,-0.16435402631759644,-0.11016041124537423,-0.022264420986175537,-0.1863088607788086,-0.13340826416686014,-0.07606828212738037,-0.24235013127326965,-0.0718924113579078,-0.09514361619949341,-0.35983479022979736,-0.11492887223437265,-0.10211580991744995,-0.43641412258148193,-0.14018054390624002,-0.10409903526306152,-0.5040707588195801,-0.15948261404707864,-0.013074815273284912,-0.2454284131526947,-0.07218459332659677,0.0017715096473693848,-0.3851863741874695,-0.1201714807219787,0.01787203550338745,-0.47021324932575226,-0.14754068935587838,0.03824591636657715,-0.5468175113201141,-0.16401414657309488,0.03270512819290161,-0.2141493558883667,-0.07678957367613748,0.06453585624694824,-0.28494423627853394,-0.14134433949664071,0.04357194900512695,-0.2071530818939209,-0.1519135990209861,0.02778637409210205,-0.15104907751083374,-0.1461189248628898,0.07323461771011353,-0.1626303791999817,-0.08496645177081064,0.07508760690689087,-0.1568756103515625,-0.1486322441168113,0.048836708068847656,-0.09108233451843262,-0.16349096680357889,0.03167414665222168,-0.04637867212295532,-0.16341856206133798,jump
0.0,0.0,0.0,-0.0782240629196167,-0.0254056453704834,-0.09216171244838733,-0.10778546333312988,-0.09454381465911865,-0.1505041171119501,-0.05771183967590332,-0.13099509477615356,-0.19870998452165622,0.0018450617790222168,-0.15245723724365234,-0.24288589249113102,-0.07722669839859009,-0.2504426836967468,-0.13656408081510563,-0.09590303897857666,-0.3687133193016052,-0.20969559739091892,-0.1035376787185669,-0.447526216506958,-0.2515003133819391,-0.10637462139129639,-0.5200126767158508,-0.2813436437652399,-0.00441974401473999,-0.24821263551712036,-0.13235326598146457,0.02410978078842163,-0.3981494903564453,-0.21341625342824955,0.0508497953414917,-0.4848354607820511,-0.2518658686683466,0.08195686340332031,-0.5665852427482605,-0.27354625354269047,0.04639768600463867,-0.20543962717056274,-0.13512720654466648,0.08161294460296631,-0.25120505690574646,-0.2240538943813135,0.05193454027175903,-0.16637825965881348,-0.23029855380514164,0.03396564722061157,-0.12629497051239014,-0.21893391499975223,0.0887107253074646,-0.14849352836608887,-0.14520434031942386,0.08668845891952515,-0.13475501537322998,-0.22111107895830173,0.054060935974121094,-0.08426028490066528,-0.2340353179977228,0.034384727478027344,-0.07388371229171753,-0.23242484519937534,jump
0.0,0.0,0.0,-0.07180893421173096,-0.025507092475891113,-0.08967657927524897,-0.09746187925338745,-0.09931182861328125,-0.1453143859292254,-0.036417603492736816,-0.12629914283752441,-0.18991959635269495,0.033403217792510986,-0.13766366243362427,-0.22910103742134424,-0.0659824013710022,-0.2512168884277344,-0.13506453279507014,-0.07787001132965088,-0.3649945855140686,-0.2060395384217486,-0.08101600408554077,-0.44336700439453125,-0.24786863271248194,-0.0761001706123352,-0.5160093158483505,-0.2775785977030978,0.009251832962036133,-0.2516627907752991,-0.12852241639149042,0.04512202739715576,-0.4001753032207489,-0.20470251683246943,0.07755964994430542,-0.4883679747581482,-0.2426451498652682,0.11836075782775879,-0.5705313980579376,-0.26601127330314966,0.06267869472503662,-0.21036726236343384,-0.1275168711329684,0.11024999618530273,-0.24332404136657715,-0.21365896407615992,0.0650830864906311,-0.14131855964660645,-0.2157727086926684,0.03574860095977783,-0.08076179027557373,-0.20090674404156061,0.10661458969116211,-0.14329159259796143,-0.1335227245475039,0.11615079641342163,-0.13289588689804077,-0.2074774706746325,0.07330209016799927,-0.07226216793060303,-0.21497619692337366,0.04297143220901489,-0.04469078779220581,-0.20847966317188593,jump
0.0,0.0,0.0,-0.07823199033737183,-0.0222623348236084,-0.07963360515941531,-0.11201173067092896,-0.10024034976959229,-0.12957703737129123,-0.06307399272918701,-0.14477413892745972,-0.1713219848047629,-0.00568157434463501,-0.16962921619415283,-0.20850775805820376,-0.09005457162857056,-0.24123188853263855,-0.1183982160459891,-0.11624723672866821,-0.35082289576530457,-0.1863359328876868,-0.1295066475868225,-0.42732930183410645,-0.2262839045893088,-0.139024555683136,-0.49750572443008423,-0.25498753455985934,-0.02105116844177246,-0.24609512090682983,-0.11613250938762576,-0.004101216793060303,-0.3932904005050659,-0.19400682715286166,0.013794481754302979,-0.48469021916389465,-0.23273704615940005,0.03753465414047241,-0.571890115737915,-0.254921552218093,0.029394209384918213,-0.21200209856033325,-0.11927192328084857,0.06290239095687866,-0.25979503989219666,-0.20178158251155764,0.034030795097351074,-0.15831786394119263,-0.19972455171455294,0.014362633228302002,-0.10259485244750977,-0.18252370921481997,0.07519757747650146,-0.16061097383499146,-0.12929483918060214,0.07586020231246948,-0.14865201711654663,-0.19928319422115237,0.044804394245147705,-0.08208990097045898,-0.20519877640117556,0.02371293306350708,-0.05553698539733887,-0.19809087780822665,jump
0.0,0.0,0.0,-0.0702219009399414,-0.015633463859558105,-0.048637358547409804,-0.11841952800750732,-0.10701453685760498,-0.07413419902439955,-0.09377628564834595,-0.17825210094451904,-0.09664360255118254,-0.04302418231964111,-0.21471089124679565,-0.11748282432671431,-0.0910981297492981,-0.24467819929122925,-0.060113465489109785,-0.1187744140625,-0.36268845200538635,-0.10014936149235609,-0.13265013694763184,-0.4346235990524292,-0.12397909730788115,-0.13886284828186035,-0.5001358389854431,-0.14193431109305266,-0.027089297771453857,-0.25374627113342285,-0.06213683456297758,-0.01993429660797119,-0.39903122186660767,-0.105744486750325,-0.011144757270812988,-0.48749491572380066,-0.1324069258582199,0.003330826759338379,-0.5682862997055054,-0.1488597598683441,0.024112403392791748,-0.22833344340324402,-0.06828139543648604,0.049183011054992676,-0.3218892216682434,-0.13282391995306853,0.028042495250701904,-0.24113327264785767,-0.1468935665499771,0.014161527156829834,-0.18049728870391846,-0.1435327288519943,0.07207924127578735,-0.1798519492149353,-0.07690081566687468,0.06850141286849976,-0.18127667903900146,-0.14196888178702238,0.041113436222076416,-0.11086112260818481,-0.1587336418044174,0.025857150554656982,-0.06162494421005249,-0.15998010903712157,jump
0.0,0.0,0.0,-0.07231658697128296,-0.024187982082366943,-0.042038043565355565,-0.14812713861465454,-0.08840543031692505,-0.0670156381793845,-0.1796615719795227,-0.16627472639083862,-0.0880790404744971,-0.14206790924072266,-0.21692368388175964,-0.09967604798754337,-0.11846256256103516,-0.23208102583885193,-0.023658912233315732,-0.15586155652999878,-0.26054880023002625,-0.07349921537121418,-0.13327282667160034,-0.17209160327911377,-0.09916744900425556,-0.11062812805175781,-0.13059312105178833,-0.11063596380432728,-0.0686497688293457,-0.24539893865585327,-0.02085353021999481,-0.10890823602676392,-0.2718997597694397,-0.07320215327223423,-0.08681988716125488,-0.15905296802520752,-0.08080810082634571,-0.06912040710449219,-0.12023836374282837,-0.07344799262961033,-0.019532442092895508,-0.23989248275756836,-0.026818804047309186,-0.055244386196136475,-0.2613106966018677,-0.07864586038073185,-0.04522502422332764,-0.1544177532196045,-0.06287127507408741,-0.032874882221221924,-0.11509567499160767,-0.038832725561462667,0.03114306926727295,-0.2175803780555725,-0.036873722053371694,-0.003220677375793457,-0.21547681093215942,-0.07155761641939762,-0.005024075508117676,-0.14194488525390625,-0.06275898737391117,0.0034441351890563965,-0.1183885931968689,-0.04653362703999164,roll
0.0,0.0,0.0,-0.0718647837638855,-0.01850438117980957,-0.04034608039546583,-0.14682739973068237,-0.08211374282836914,-0.061710635158306104,-0.17671310901641846,-0.15725940465927124,-0.07900943044114683,-0.14170628786087036,-0.20737534761428833,-0.08748746845412825,-0.1188039779663086,-0.22254818677902222,-0.015851454767471296,-0.14805763959884644,-0.24882102012634277,-0.05958523783374403,-0.13021910190582275,-0.16454404592514038,-0.08205310437369917,-0.11281925439834595,-0.12153398990631104,-0.0917259025900421,-0.07125908136367798,-0.2372189164161682,-0.012538667726403219,-0.10433822870254517,-0.2727128565311432,-0.05970817613888357,-0.08891099691390991,-0.16425061225891113,-0.0666552129714546,-0.07445627450942993,-0.12089729309082031,-0.058683508965259534,-0.023298561573028564,-0.23293673992156982,-0.0178583357064781,-0.05173158645629883,-0.25966504216194153,-0.06611594739842985,-0.04636180400848389,-0.15572738647460938,-0.051351757678276044,-0.03723233938217163,-0.11432003974914551,-0.02788667935419653,0.02840876579284668,-0.21097636222839355,-0.026990778702383977,-0.00041621923446655273,-0.21702447533607483,-0.05960771996069525,-0.004501402378082275,-0.14111077785491943,-0.050180168780570966,0.0016286969184875488,-0.11230939626693726,-0.03350709560800169,roll
0.0,0.0,0.0,-0.0690428614616394,-0.021702051162719727,-0.0633713040702446,-0.14093643426895142,-0.08456963300704956,-0.10127190837789612,-0.1625484824180603,-0.16096505522727966,-0.13119265774417954,-0.11215978860855103,-0.20778653025627136,-0.15140445867706376,-0.10929006338119507,-0.21978071331977844,-0.05523709545065003,-0.13091784715652466,-0.2396974265575409,-0.12169996241260606,-0.11432766914367676,-0.1535167098045349,-0.15514047781158524,-0.09709936380386353,-0.11683434247970581,-0.17011982539821702,-0.05728888511657715,-0.23152726888656616,-0.04689880052734452,-0.07600492238998413,-0.2662177085876465,-0.12015030125309067,-0.06274080276489258,-0.15303051471710205,-0.13491462508369523,-0.05088692903518677,-0.11380970478057861,-0.12941657344032365,-0.007050514221191406,-0.2243877649307251,-0.04874714056182938,-0.018458425998687744,-0.255446195602417,-0.11816823819805222,-0.018759489059448242,-0.14785659313201904,-0.10285139421154099,-0.017830967903137207,-0.11003440618515015,-0.07557960191894608,0.042201220989227295,-0.20348471403121948,-0.05603028053570824,0.034540772438049316,-0.21000975370407104,-0.10029862413335877,0.023399055004119873,-0.13434308767318726,-0.09112811425853806,0.017171204090118408,-0.11122262477874756,-0.07314804533649522,roll
0.0,0.0,0.0,-0.06326514482498169,-0.012845933437347412,-0.045537267936310855,-0.13533568382263184,-0.05828416347503662,-0.07428483398064145,-0.1687982678413391,-0.1186259388923645,-0.09892775596483716,-0.13332897424697876,-0.15948450565338135,-0.11492571712835797,-0.113372802734375,-0.2240915596485138,-0.0327905054519988,-0.14590460062026978,-0.22993934154510498,-0.08526807011469373,-0.12738412618637085,-0.14779502153396606,-0.11457725347383985,-0.11038863658905029,-0.11109757423400879,-0.12936901034220227,-0.06316512823104858,-0.24679678678512573,-0.030586729882202235,-0.1009138822555542,-0.2380305528640747,-0.08277045668467053,-0.08036082983016968,-0.13336950540542603,-0.09139185876949796,-0.06492459774017334,-0.10287952423095703,-0.08626258106335172,-0.011725068092346191,-0.24220439791679382,-0.037451007528147784,-0.04284614324569702,-0.22001370787620544,-0.08765240491732129,-0.03395193815231323,-0.12148642539978027,-0.07484353811844358,-0.02556467056274414,-0.09672766923904419,-0.054754153950057116,0.039385318756103516,-0.21873167157173157,-0.04930039228304395,0.015615224838256836,-0.17542004585266113,-0.08063536615475186,0.011127769947052002,-0.11054646968841553,-0.07450830669506558,0.014816343784332275,-0.10252326726913452,-0.06222409860595235,roll
0.0,0.0,0.0,-0.05803436040878296,0.004972636699676514,-0.0355988261277389,-0.13055413961410522,-0.05240356922149658,-0.05514327483126635,-0.1622370481491089,-0.11733394861221313,-0.07075544120618815,-0.13919556140899658,-0.15724962949752808,-0.07967636408159251,-0.09104222059249878,-0.21265041828155518,-0.028308637904615352,-0.13811874389648438,-0.2212749421596527,-0.06878208042928691,-0.12076342105865479,-0.14234966039657593,-0.09031759621450419,-0.09971284866333008,-0.10892736911773682,-0.10105422558137889,-0.043010711669921875,-0.22921204566955566,-0.025592666583747814,-0.09915095567703247,-0.22021877765655518,-0.06274195434400553,-0.08241444826126099,-0.12871623039245605,-0.06503048958131785,-0.06400614976882935,-0.10125207901000977,-0.05853783758232112,0.0022097229957580566,-0.22091186046600342,-0.029933259355516384,-0.05365443229675293,-0.20018324255943298,-0.06761929811784739,-0.04354524612426758,-0.11149001121520996,-0.054228280204029033,-0.029042720794677734,-0.08374935388565063,-0.037185278254241894,0.043489038944244385,-0.19624027609825134,-0.03801423357674594,-0.0031633377075195312,-0.158941388130188,-0.06773702474185939,-0.0006452202796936035,-0.09549230337142944,-0.06353510590145106,0.012676537036895752,-0.07628440856933594,-0.05283246608325953,roll
0.0,0.0,0.0,-0.07284224033355713,-0.01407712697982788,-0.02957231063743393,-0.14123618602752686,-0.09591406583786011,-0.04643413868149082,-0.15720564126968384,-0.1810852289199829,-0.062336743589241905,-0.1264268159866333,-0.2331727147102356,-0.07146952744921009,-0.09484177827835083,-0.21621516346931458,-0.00570816291843812,-0.1294471025466919,-0.2599039673805237,-0.04920437258084576,-0.12123459577560425,-0.18493488430976868,-0.07205456938942234,-0.10245591402053833,-0.1403009295463562,-0.08207632299860279,-0.0514453649520874,-0.22432151436805725,-0.006634291041393681,-0.09189474582672119,-0.27775877714157104,-0.0541495613416032,-0.08665698766708374,-0.17394959926605225,-0.061084673519928856,-0.06904178857803345,-0.12963730096817017,-0.05261426490147869,-0.010728418827056885,-0.21656295657157898,-0.015841756727297707,-0.05171859264373779,-0.2601643204689026,-0.06537090685566227,-0.052734434604644775,-0.15588563680648804,-0.05303024944265644,-0.03580743074417114,-0.11247360706329346,-0.03130225163300793,0.036440491676330566,-0.1932550072669983,-0.027588733251889153,-0.011365413665771484,-0.20994791388511658,-0.06307574060161869,-0.017617523670196533,-0.1347612738609314,-0.05796699669559757,-0.002113163471221924,-0.10387682914733887,-0.04465372931559841,roll
0.0,0.0,0.0,-0.07439768314361572,-0.02552551031112671,-0.030629766138531522,-0.14744001626968384,-0.10316985845565796,-0.04823986344251807,-0.17183542251586914,-0.1882798969745636,-0.06499980293426688,-0.137706458568573,-0.2447744905948639,-0.07444073908243354,-0.10838544368743896,-0.21184775233268738,-0.0019977562709527774,-0.1347888708114624,-0.2643350660800934,-0.048568303661681966,-0.12167757749557495,-0.1884191334247589,-0.07521624021444495,-0.10150784254074097,-0.14241623878479004,-0.08677167348776038,-0.06436014175415039,-0.22173848748207092,-0.0027302291358637376,-0.09797936677932739,-0.2834208011627197,-0.05091182418379958,-0.08624410629272461,-0.18471524119377136,-0.06109711803708251,-0.06805622577667236,-0.1410515308380127,-0.05508533023510154,-0.02085578441619873,-0.2190481722354889,-0.012344201060273008,-0.053211092948913574,-0.2777596712112427,-0.06138322778258498,-0.05120408535003662,-0.17917248606681824,-0.049714147078134374,-0.036996304988861084,-0.13622814416885376,-0.02800405301366027,0.02791064977645874,-0.20169445872306824,-0.024668439256288366,-0.007189154624938965,-0.23399576544761658,-0.05692725904498275,-0.011283636093139648,-0.16236037015914917,-0.04876821391496833,0.0018860101699829102,-0.13177818059921265,-0.03336887337479766,roll
0.0,0.0,0.0,-0.05575472116470337,-0.007029533386230469,-0.059020000899465686,-0.12116998434066772,-0.036158740520477295,-0.09643003290358365,-0.1478724479675293,-0.08550387620925903,-0.1261719534343797,-0.10354083776473999,-0.12070441246032715,-0.14494103884163678,-0.12609022855758667,-0.21471691131591797,-0.056629385257394915,-0.13776618242263794,-0.19505244493484497,-0.1101618552750665,-0.11372214555740356,-0.11575955152511597,-0.13528253828945935,-0.09920954704284668,-0.09586852788925171,-0.14909128045502484,-0.07254153490066528,-0.2524993419647217,-0.04960822259846509,-0.08075910806655884,-0.2015070915222168,-0.10089050924244702,-0.06238281726837158,-0.10699260234832764,-0.10571160113278211,-0.05267411470413208,-0.09815448522567749,-0.10163856243553937,-0.017131507396697998,-0.2542455792427063,-0.05195819532337964,-0.019591689109802246,-0.1865149438381195,-0.10108467882338346,-0.015806853771209717,-0.0997534990310669,-0.08585855310622037,-0.014905452728271484,-0.09368127584457397,-0.06764646565380872,0.03638118505477905,-0.23438379168510437,-0.061039972508581286,0.03499448299407959,-0.1631750464439392,-0.09232968782845319,0.02755075693130493,-0.10294836759567261,-0.08665651028815091,0.022172987461090088,-0.10328423976898193,-0.07638791894379438,roll
0.0,0.0,0.0,-0.062338411808013916,-0.007369399070739746,-0.03871358486230747,-0.12746202945709229,-0.05480164289474487,-0.06252745466645138,-0.1665973663330078,-0.10072880983352661,-0.08218638526614086,-0.15421295166015625,-0.13853484392166138,-0.09401849584992306,-0.09688949584960938,-0.22676384449005127,-0.03146750407631771,-0.14723271131515503,-0.21243786811828613,-0.07338071542199032,-0.1318179965019226,-0.13706713914871216,-0.09463908451016323,-0.11193221807479858,-0.10971486568450928,-0.1051703833263673,-0.049516260623931885,-0.2438216209411621,-0.029159070200876158,-0.10551542043685913,-0.20521128177642822,-0.06812885331328289,-0.08974701166152954,-0.11710518598556519,-0.07218699829991237,-0.07162469625473022,-0.10139888525009155,-0.06736646520312206,-0.003934025764465332,-0.23135045170783997,-0.03395502196963207,-0.05947589874267578,-0.1851830780506134,-0.0722341679256715,-0.049715518951416016,-0.10165995359420776,-0.0598503306728162,-0.03429907560348511,-0.08901417255401611,-0.04374056237156765,0.036665141582489014,-0.19903558492660522,-0.04317242579872982,-0.00809788703918457,-0.1479247808456421,-0.07019451933319942,-0.006743967533111572,-0.09091520309448242,-0.06504222678358929,0.0057266950607299805,-0.08323073387145996,-0.05415482746775524,roll
0.0,0.0,0.0,-0.06629139184951782,-0.009098231792449951,-0.025166869567442518,-0.13498258590698242,-0.07952272891998291,-0.038939098300147634,-0.16545462608337402,-0.15243613719940186,-0.05220715183179436,-0.15465092658996582,-0.20932051539421082,-0.05932727682750283,-0.09424042701721191,-0.22224664688110352,-0.004935356726605278,-0.14209741353988647,-0.24403882026672363,-0.04627843427817879,-0.1308707594871521,-0.16788840293884277,-0.0687761776463276,-0.10865861177444458,-0.13129961490631104,-0.07899186241786538,-0.051313936710357666,-0.23424196243286133,-0.007770733846086841,-0.11071974039077759,-0.2508235275745392,-0.049729964168477636,-0.10115063190460205,-0.1546502709388733,-0.05547951761047898,-0.07950258255004883,-0.12191963195800781,-0.0482545480446106,-0.010483920574188232,-0.22667676210403442,-0.01832828338604031,-0.07246112823486328,-0.2350529134273529,-0.06100139993588982,-0.06644201278686523,-0.13730472326278687,-0.049351575256991964,-0.04704254865646362,-0.1064378023147583,-0.030337818370867353,0.028728604316711426,-0.2044001817703247,-0.031628949971604925,-0.03286302089691162,-0.18389952182769775,-0.06351472664039193,-0.03173857927322388,-0.11431944370269775,-0.05992626625459252,-0.011877477169036865,-0.09344369173049927,-0.048317151548076254,roll
0.0,0.0,0.0,-0.07700961828231812,-0.018933236598968506,-0.02855316875781,-0.15263229608535767,-0.09047555923461914,-0.04408796271587789,-0.1821463704109192,-0.17025262117385864,-0.059458354025139215,-0.15814006328582764,-0.23234513401985168,-0.06848114496375501,-0.11673367023468018,-0.2067033350467682,0.0024670397369277453,-0.14813965559005737,-0.2551578879356384,-0.043246035932554605,-0.13517266511917114,-0.18096226453781128,-0.07089525973702848,-0.11411476135253906,-0.13063859939575195,-0.0828803903451103,-0.0742369294166565,-0.21783971786499023,0.000359480557506231,-0.11180949211120605,-0.28016629815101624,-0.0487069985857147,-0.09849119186401367,-0.18093153834342957,-0.06224796688462675,-0.07767188549041748,-0.13046741485595703,-0.057583240329279306,-0.03008592128753662,-0.21628177165985107,-0.01021113386656225,-0.06425225734710693,-0.27419817447662354,-0.06011052942182005,-0.058570802211761475,-0.17409729957580566,-0.050055091737760904,-0.04277557134628296,-0.12516778707504272,-0.028467563449396494,0.02068305015563965,-0.2006288766860962,-0.02323320461715639,-0.016482174396514893,-0.23300740122795105,-0.057529186367048624,-0.01868152618408203,-0.15715083479881287,-0.04898685729409635,-0.005816459655761719,-0.11987769603729248,-0.0320904231658119,roll
0.0,0.0,0.0,-0.059191882610321045,-0.012205541133880615,-0.05059760376025224,-0.127005934715271,-0.04741239547729492,-0.082941240958462,-0.1595284342765808,-0.09994333982467651,-0.11003544121194864,-0.12140893936157227,-0.13537031412124634,-0.12826118557859445,-0.11436212062835693,-0.2225169837474823,-0.03832679554034257,-0.13540279865264893,-0.21178019046783447,-0.08701717793155694,-0.11035412549972534,-0.12913048267364502,-0.11409820555854822,-0.09482377767562866,-0.10081207752227783,-0.128815464071522,-0.0616835355758667,-0.24981409311294556,-0.03466636254597688,-0.08802741765975952,-0.22469860315322876,-0.08416867940832162,-0.06692546606063843,-0.12319433689117432,-0.09400888472009683,-0.05651885271072388,-0.0964277982711792,-0.09081714539934183,-0.008634328842163086,-0.24593526124954224,-0.03951614289690042,-0.02976614236831665,-0.2070510983467102,-0.08824431835819269,-0.021474123001098633,-0.11091554164886475,-0.07686483799625421,-0.018246710300445557,-0.08548814058303833,-0.05815189643908525,0.04151809215545654,-0.22161656618118286,-0.04964526309777284,0.02602297067642212,-0.1723257303237915,-0.07931345640827203,0.01965963840484619,-0.10940837860107422,-0.0721358352820971,0.016235172748565674,-0.09799784421920776,-0.05931489854265237,roll
0.0,0.0,0.0,-0.0582735538482666,0.00404512882232666,-0.04028899540395514,-0.1258556842803955,-0.04176521301269531,-0.06472084243984,-0.15870803594589233,-0.10007518529891968,-0.08457797338456885,-0.14613544940948486,-0.15075254440307617,-0.09674667139739768,-0.09989619255065918,-0.20421984791755676,-0.03385747169346587,-0.1500806212425232,-0.2161228060722351,-0.07743725498409049,-0.13616448640823364,-0.1442299485206604,-0.09727493991346137,-0.11630350351333618,-0.10609078407287598,-0.10508473535270468,-0.05121535062789917,-0.22638985514640808,-0.030039173934767405,-0.10415607690811157,-0.21294307708740234,-0.0688675897309281,-0.08917081356048584,-0.11464720964431763,-0.06906576027364508,-0.07202953100204468,-0.08839428424835205,-0.059886257548043886,-0.0032872557640075684,-0.2203729748725891,-0.033883664209554354,-0.05284970998764038,-0.18903231620788574,-0.07414537986011283,-0.0432356595993042,-0.09672987461090088,-0.05945695136875884,-0.028824567794799805,-0.07246190309524536,-0.04051656966299788,0.0432165265083313,-0.19429832696914673,-0.041861589450547854,-0.0006579756736755371,-0.14624178409576416,-0.07306325753421561,0.0017850399017333984,-0.08142286539077759,-0.0678920181581475,0.014342010021209717,-0.06464630365371704,-0.055527649272391955,roll
0.0,0.0,0.0,-0.06394976377487183,0.0019513368606567383,-0.037882664952746836,-0.13055282831192017,-0.059544503688812256,-0.05854100153254649,-0.15530669689178467,-0.12779361009597778,-0.07520422131227633,-0.14182031154632568,-0.18482214212417603,-0.08531871974872729,-0.08827286958694458,-0.2052917182445526,-0.024054517750016657,-0.13560199737548828,-0.22115442156791687,-0.06519190013813159,-0.12659555673599243,-0.14821270108222961,-0.08281714260982653,-0.10986119508743286,-0.10748064517974854,-0.08883410484003207,-0.04277318716049194,-0.21909281611442566,-0.021513353813759295,-0.09895128011703491,-0.23279720544815063,-0.06280740887331149,-0.09273701906204224,-0.13507062196731567,-0.06479346543954989,-0.07451945543289185,-0.1000756025314331,-0.05467005610870501,0.00046956539154052734,-0.21099361777305603,-0.026841092635265795,-0.057325661182403564,-0.20956993103027344,-0.0729256475012221,-0.053653061389923096,-0.11139142513275146,-0.06093647867845675,-0.03574293851852417,-0.07939821481704712,-0.041049180332890955,0.04439854621887207,-0.1854223608970642,-0.035340143148175684,-0.011599540710449219,-0.15758612751960754,-0.07266714215683123,-0.012603580951690674,-0.08324575424194336,-0.06896921039032122,0.0035646557807922363,-0.05694079399108887,-0.056045638177863566,roll
0.0,0.0,0.0,-0.06123697757720947,0.0033063888549804688,-0.043689180111073256,-0.1253286600112915,-0.04717278480529785,-0.06858063856282115,-0.15197211503982544,-0.1130145788192749,-0.0878320298544395,-0.1306810975074768,-0.17027801275253296,-0.10101695725836635,-0.09548991918563843,-0.16371876001358032,-0.034864891266011,-0.12127107381820679,-0.19102808833122253,-0.07667705783762813,-0.11079049110412598,-0.11887556314468384,-0.0967417172543037,-0.09493100643157959,-0.07572817802429199,-0.10513156274475932,-0.050580620765686035,-0.17757731676101685,-0.030228899737380743,-0.08230853080749512,-0.22018274664878845,-0.07523949811377406,-0.07288414239883423,-0.12539726495742798,-0.08179837832369685,-0.056157469749450684,-0.08206373453140259,-0.07511823991455913,-0.005752384662628174,-0.17183366417884827,-0.03261587018289447,-0.03557354211807251,-0.21148395538330078,-0.08461360255398631,-0.0332486629486084,-0.11462512612342834,-0.071905467604779,-0.020851612091064453,-0.0722246766090393,-0.05035997176685214,0.044281721115112305,-0.15235087275505066,-0.0376025176993835,0.01281583309173584,-0.16114503145217896,-0.07751839229979396,0.008974134922027588,-0.08409994840621948,-0.06926249334730983,0.017415285110473633,-0.04928469657897949,-0.05314264068522334,roll
0.0,0.0,0.0,-0.07275837659835815,-0.018666326999664307,-0.04419375565129258,-0.14549165964126587,-0.08960646390914917,-0.06857370194273926,-0.1739705204963684,-0.16973888874053955,-0.08985923584776856,-0.14762377738952637,-0.23881888389587402,-0.10275811311083771,-0.11728805303573608,-0.21417102217674255,-0.01445614993798472,-0.1457558274269104,-0.25945085287094116,-0.07213961687165238,-0.133043110370636,-0.17961496114730835,-0.10377944614964463,-0.11569446325302124,-0.13486987352371216,-0.11652417090016343,-0.07145696878433228,-0.22566169500350952,-0.013032221982655301,-0.1062847375869751,-0.29137444496154785,-0.07575481739121415,-0.09377694129943848,-0.18459707498550415,-0.09010538067894913,-0.07479113340377808,-0.13875430822372437,-0.08287421223002411,-0.024992704391479492,-0.2223089337348938,-0.02219255808967091,-0.05412185192108154,-0.2841034233570099,-0.08533738162594773,-0.050915539264678955,-0.17552787065505981,-0.07282968964653946,-0.03807270526885986,-0.13303953409194946,-0.046323910171565785,0.02597421407699585,-0.205581396818161,-0.03496862929540612,-0.002660512924194336,-0.23336681723594666,-0.07639621552306153,-0.008013248443603516,-0.1534140706062317,-0.06737595405655838,0.0001773834228515625,-0.1228150725364685,-0.04873054828721024,roll
0.0,0.0,0.0,-0.06164216995239258,-0.009658217430114746,-0.05235443361158332,-0.13329708576202393,-0.04109233617782593,-0.08689227797145804,-0.16447210311889648,-0.09280276298522949,-0.11542770363445243,-0.12547683715820312,-0.12940502166748047,-0.13523626424426993,-0.12193894386291504,-0.20681318640708923,-0.04884890191311797,-0.1398943066596985,-0.20656129717826843,-0.09542474247569999,-0.11660164594650269,-0.1247248649597168,-0.11801901556606254,-0.10084152221679688,-0.09083318710327148,-0.12987279988880118,-0.07044452428817749,-0.23371830582618713,-0.04477913774604758,-0.08872640132904053,-0.23081767559051514,-0.09567009009475669,-0.06735080480575562,-0.12903422117233276,-0.10429107494707068,-0.05587172508239746,-0.09236174821853638,-0.10003191329593619,-0.01730257272720337,-0.23459550738334656,-0.04835820667500457,-0.028318285942077637,-0.2158721685409546,-0.09956213183755835,-0.019257664680480957,-0.11640411615371704,-0.08753306515569648,-0.0165594220161438,-0.0795440673828125,-0.06800483264083823,0.03552079200744629,-0.2158537209033966,-0.05687287174220046,0.028989732265472412,-0.18340909481048584,-0.08966377474422416,0.021548748016357422,-0.1143389344215393,-0.08249598838443717,0.0144881010055542,-0.0931280255317688,-0.06948435403461417,roll
0.0,0.0,0.0,-0.057807207107543945,0.013170838356018066,-0.037950466340532785,-0.125257670879364,-0.027426183223724365,-0.05878923363064814,-0.16175687313079834,-0.07918816804885864,-0.07504989481543589,-0.15545165538787842,-0.13152474164962769,-0.08454371518467951,-0.10848784446716309,-0.1921347975730896,-0.028712314507117753,-0.15283501148223877,-0.19570890069007874,-0.06898004836415339,-0.13651162385940552,-0.12525713443756104,-0.0894052562770753,-0.11669456958770752,-0.08644771575927734,-0.09830364859675456,-0.06155973672866821,-0.215986967086792,-0.024384363507977014,-0.11228257417678833,-0.20482146739959717,-0.061013760930052285,-0.09376996755599976,-0.1127932071685791,-0.0642771822867303,-0.07686889171600342,-0.07962805032730103,-0.05773498020147372,-0.014172196388244629,-0.21361303329467773,-0.02710140771245051,-0.06223815679550171,-0.18933013081550598,-0.06672058529233027,-0.04988062381744385,-0.09905314445495605,-0.05634754053329516,-0.0353623628616333,-0.06487929821014404,-0.0402586264071374,0.03363710641860962,-0.19047397375106812,-0.03336530826067019,-0.006590127944946289,-0.1479736566543579,-0.06769749796961833,-0.004448592662811279,-0.07884186506271362,-0.0661043328699975,0.007696628570556641,-0.05028939247131348,-0.055813374882689004,roll
0.0,0.0,0.0,-0.07002252340316772,-0.004556536674499512,-0.03562569132407134,-0.14864665269851685,-0.0672503113746643,-0.05301022043784087,-0.1845504641532898,-0.14456897974014282,-0.06758905833919471,-0.16318756341934204,-0.21115943789482117,-0.07489345854480689,-0.13474255800247192,-0.19261521100997925,-0.00814708395262187,-0.16147422790527344,-0.2399052381515503,-0.05395436173637336,-0.14456093311309814,-0.16705846786499023,-0.07890292888839667,-0.12629860639572144,-0.11375021934509277,-0.08853270000179236,-0.08738940954208374,-0.21380388736724854,-0.007108266729460411,-0.11836296319961548,-0.2727321684360504,-0.05443631744344657,-0.10078263282775879,-0.16672322154045105,-0.06340578830202048,-0.0834885835647583,-0.11551493406295776,-0.055754083007172994,-0.03793865442276001,-0.2152305245399475,-0.014765362053708486,-0.06426680088043213,-0.2717057764530182,-0.06647952532728141,-0.0571553111076355,-0.16589859127998352,-0.05238371229131644,-0.045324504375457764,-0.11638122797012329,-0.027706517636374883,0.018424153327941895,-0.1992894411087036,-0.02503107747395461,-0.009950697422027588,-0.22927534580230713,-0.06213204076846068,-0.012301146984100342,-0.14862596988677979,-0.051117441415385656,-0.004802048206329346,-0.11083173751831055,-0.03184590002854293,roll
0.0,0.0,0.0,-0.08513134717941284,-0.025974273681640625,-0.04983233447663338,-0.15769898891448975,-0.08812880516052246,-0.08021602939359695,-0.18095529079437256,-0.15957865118980408,-0.10796626816980393,-0.14864611625671387,-0.22549256682395935,-0.1280374468445018,-0.12300980091094971,-0.20752733945846558,-0.025944083663745232,-0.15373122692108154,-0.2450052797794342,-0.10294851820461304,-0.13646650314331055,-0.16120773553848267,-0.15174030672304184,-0.11611068248748779,-0.1112261414527893,-0.17425214658968002,-0.07597696781158447,-0.21361243724822998,-0.02656596872500927,-0.11083942651748657,-0.2782060205936432,-0.11072917442314179,-0.09173387289047241,-0.17276126146316528,-0.14268814932100327,-0.07204395532608032,-0.12190008163452148,-0.1454392315029338,-0.027011871337890625,-0.21307575702667236,-0.03870058964483292,-0.056819915771484375,-0.27560174465179443,-0.11640063087932617,-0.04832029342651367,-0.16916614770889282,-0.11365699927799255,-0.03757256269454956,-0.12029123306274414,-0.09139686237566025,0.024279296398162842,-0.20671382546424866,-0.05506884838931114,0.0008613467216491699,-0.23455095291137695,-0.1069798411010936,-0.003532886505126953,-0.15447235107421875,-0.10448360602848084,0.001031637191772461,-0.11971765756607056,-0.08876267980329544,roll
0.0,0.0,0.0,-0.07010728120803833,-0.013004183769226074,-0.05618984653560233,-0.14287972450256348,-0.058159470558166504,-0.09053185238448691,-0.16875392198562622,-0.12309938669204712,-0.1184690262278707,-0.1292964220046997,-0.18005219101905823,-0.13742170884219718,-0.12542450428009033,-0.19719386100769043,-0.04333658917752814,-0.1464388370513916,-0.21345022320747375,-0.10625226451961112,-0.12244981527328491,-0.13402020931243896,-0.140020992895046,-0.10265535116195679,-0.10286355018615723,-0.15602896763888907,-0.07574474811553955,-0.21531769633293152,-0.03754897071925711,-0.0975767970085144,-0.25213634967803955,-0.10622363193837714,-0.07359826564788818,-0.13997745513916016,-0.12100872798768592,-0.05813080072402954,-0.10355687141418457,-0.11606935813037467,-0.02549588680267334,-0.21827995777130127,-0.04192544921247077,-0.04055505990982056,-0.2530112564563751,-0.10832813038436484,-0.029457807540893555,-0.14960086345672607,-0.09506088151542258,-0.022329747676849365,-0.11541646718978882,-0.06967159761993003,0.027434706687927246,-0.20685404539108276,-0.05095065413919997,0.01857203245162964,-0.22470161318778992,-0.09283413394300055,0.015806138515472412,-0.1505388617515564,-0.08338594092933249,0.01480025053024292,-0.12745678424835205,-0.06572988285628867,roll
0.0,0.0,0.0,-0.0664857029914856,0.0233306884765625,-0.02720087209496569,-0.1497490406036377,-0.023418784141540527,-0.038438687117434256,-0.18751007318496704,-0.09666991233825684,-0.04730626383576464,-0.17916804552078247,-0.15803420543670654,-0.05106730574522089,-0.1310557723045349,-0.14649423956871033,-0.0043816049747533725,-0.16099387407302856,-0.17684844136238098,-0.03749989906106066,-0.13848334550857544,-0.11805832386016846,-0.057288957776165716,-0.11238163709640503,-0.0723116397857666,-0.0666414294556148,-0.09124594926834106,-0.17647257447242737,-0.004679380932486765,-0.134066641330719,-0.21838390827178955,-0.04105117732439112,-0.11198586225509644,-0.13232281804084778,-0.04988265225443911,-0.08603113889694214,-0.0832669734954834,-0.04552988895926546,-0.04829198122024536,-0.18679550290107727,-0.011255836130715124,-0.09172177314758301,-0.22174972295761108,-0.0539504680946834,-0.07375270128250122,-0.13189101219177246,-0.043629193694926016,-0.05054366588592529,-0.08316493034362793,-0.024547720344401114,0.00547635555267334,-0.18231812119483948,-0.0196264293209083,-0.04306119680404663,-0.19842687249183655,-0.05492867344770502,-0.03583931922912598,-0.12417429685592651,-0.04703422451171946,-0.01743978261947632,-0.08042037487030029,-0.03123829701695513,roll
0.0,0.0,0.0,-0.08826524019241333,-0.006283879280090332,-0.010987224327720924,-0.16188520193099976,-0.0627669095993042,-0.015232535349525733,-0.19580614566802979,-0.1407468616962433,-0.022816020334460063,-0.1827096939086914,-0.2057459056377411,-0.0246725355185049,-0.13781285285949707,-0.17470988631248474,0.030455776219866948,-0.17220616340637207,-0.21043461561203003,-0.007882218147017284,-0.15225493907928467,-0.14429745078086853,-0.03441827305624656,-0.12464338541030884,-0.10354125499725342,-0.04702234947154693,-0.09880846738815308,-0.19732201099395752,0.02099425784280129,-0.14195066690444946,-0.2604653239250183,-0.02069098436305694,-0.12233531475067139,-0.16822907328605652,-0.03391164102623634,-0.09475260972976685,-0.125083327293396,-0.02973215588400535,-0.05680835247039795,-0.20542705059051514,0.003998214574210124,-0.10016065835952759,-0.26620417833328247,-0.037522289241053386,-0.08658629655838013,-0.16870564222335815,-0.024165577525593562,-0.06286239624023438,-0.1261277198791504,-0.0013758044599967434,-0.004067599773406982,-0.19909584522247314,-0.014569262313045783,-0.049953997135162354,-0.23466050624847412,-0.03928872131774597,-0.04771298170089722,-0.1600155234336853,-0.025169135341741367,-0.02871251106262207,-0.12464016675949097,-0.005713476138510032,roll
0.0,0.0,0.0,-0.07592523097991943,-0.003227710723876953,-0.023625364268696103,-0.15207529067993164,-0.06391382217407227,-0.03383250881222466,-0.1869673728942871,-0.13747432827949524,-0.04370976213601807,-0.16880935430526733,-0.1982320249080658,-0.04773177180675248,-0.12141680717468262,-0.1730315089225769,0.004603544042879548,-0.15317964553833008,-0.21229979395866394,-0.03467872340468148,-0.13580584526062012,-0.14227837324142456,-0.05653184626487473,-0.11157160997390747,-0.09445750713348389,-0.06483628574994782,-0.08229047060012817,-0.19356921315193176,0.0010542595083506967,-0.12421262264251709,-0.25688543915748596,-0.043605845163142476,-0.10953271389007568,-0.16342246532440186,-0.053826089690005574,-0.08466130495071411,-0.112388014793396,-0.04577105839041451,-0.03829395771026611,-0.198632150888443,-0.009539516384279523,-0.08057528734207153,-0.25274258852005005,-0.05612007875231484,-0.07045000791549683,-0.1558515727519989,-0.04406243536857346,-0.050723910331726074,-0.10927486419677734,-0.019914516920721326,0.013091564178466797,-0.1886892318725586,-0.021884480232870374,-0.03163665533065796,-0.2171824872493744,-0.05391573507574776,-0.031282782554626465,-0.14124497771263123,-0.04276987139371613,-0.015344798564910889,-0.10072851181030273,-0.02330861587313393,roll
0.0,0.0,0.0,-0.07837182283401489,-0.020832598209381104,-0.03653267246147607,-0.15499591827392578,-0.08356279134750366,-0.05678037401696656,-0.18775057792663574,-0.163120836019516,-0.07439026084205125,-0.16121411323547363,-0.22666823863983154,-0.08435471203586076,-0.13185787200927734,-0.20008546113967896,-0.01080314010789607,-0.1634649634361267,-0.2454979419708252,-0.05465071123501275,-0.14174962043762207,-0.173214852809906,-0.07847881164809678,-0.12053728103637695,-0.12477028369903564,-0.0881465509202144,-0.08685189485549927,-0.21694913506507874,-0.009809214029814939,-0.12247925996780396,-0.2833960950374603,-0.0583071358170173,-0.10029000043869019,-0.18436959385871887,-0.06939862516185258,-0.08113539218902588,-0.13288187980651855,-0.06368680145999406,-0.040521323680877686,-0.2179328203201294,-0.016827579927053193,-0.07077085971832275,-0.28324094414711,-0.06657216545602296,-0.058194875717163086,-0.18493321537971497,-0.05337565612455819,-0.04563748836517334,-0.13484254479408264,-0.03010767918488,0.011680662631988525,-0.20247602462768555,-0.026856087487544755,-0.01645529270172119,-0.24628424644470215,-0.06155809607764695,-0.016952037811279297,-0.17119652032852173,-0.050369831141438226,-0.01139158010482788,-0.12889260053634644,-0.03173332136532281,roll
0.0,0.0,0.0,-0.07221931219100952,0.0020244717597961426,-0.014687999563591347,-0.13901764154434204,-0.06231272220611572,-0.02328416280664669,-0.17329639196395874,-0.12335875630378723,-0.03302953712858425,-0.17944294214248657,-0.1750175654888153,-0.03885078750766979,-0.10306233167648315,-0.21002021431922913,0.0013245305117948192,-0.15338647365570068,-0.22758811712265015,-0.03356100939430462,-0.1431642770767212,-0.15352728962898254,-0.05254165031232105,-0.12135887145996094,-0.11807972192764282,-0.060703936444895135,-0.06419485807418823,-0.2239086925983429,-0.006426407436208592,-0.12861579656600952,-0.23948514461517334,-0.04139671050228344,-0.11855155229568481,-0.14733394980430603,-0.045211251305715905,-0.0910148024559021,-0.11625206470489502,-0.0382002177111076,-0.02494359016418457,-0.21774744987487793,-0.02028694883205162,-0.09179860353469849,-0.23230499029159546,-0.058538957910911904,-0.08555817604064941,-0.13355204463005066,-0.04462254740514027,-0.061343491077423096,-0.09923428297042847,-0.02535843983508812,0.014736175537109375,-0.19691836833953857,-0.035766086953060494,-0.04876387119293213,-0.1881876289844513,-0.06579941086687313,-0.04987400770187378,-0.11032623052597046,-0.05759640731133686,-0.029861032962799072,-0.07773703336715698,-0.04319975100673901,roll
0.0,0.0,0.0,-0.08320736885070801,-0.019192218780517578,-0.014669731225751548,-0.15412616729736328,-0.08117473125457764,-0.02311661742993465,-0.18663513660430908,-0.16052347421646118,-0.03472457915910354,-0.16784882545471191,-0.22849500179290771,-0.04136724114783874,-0.1261572241783142,-0.19338732957839966,0.023080592077292295,-0.1573905348777771,-0.24415183067321777,-0.016124055687271266,-0.14610719680786133,-0.17742183804512024,-0.041265965405784755,-0.12311673164367676,-0.1285049319267273,-0.05198816299804321,-0.08495503664016724,-0.20909523963928223,0.014470521394230218,-0.12348604202270508,-0.2817908227443695,-0.029583812657676845,-0.11667275428771973,-0.18771302700042725,-0.044493996504627376,-0.09525173902511597,-0.13237935304641724,-0.040370781872354655,-0.041064321994781494,-0.20965060591697693,-0.0013861236757861661,-0.08057934045791626,-0.2790786921977997,-0.04780347735055557,-0.07877832651138306,-0.178146630525589,-0.037961416844211726,-0.06159144639968872,-0.12125468254089355,-0.015437429737232833,0.010661005973815918,-0.1939922571182251,-0.018451453152977138,-0.03326684236526489,-0.23906844854354858,-0.04893310085304847,-0.03869175910949707,-0.16160836815834045,-0.03700581655272117,-0.02490288019180298,-0.11193430423736572,-0.017372348312221675,roll
0.0,0.0,0.0,-0.06804609298706055,-0.014734029769897461,-0.06272684609653822,-0.13291937112808228,-0.08138477802276611,-0.1022663173651921,-0.14373862743377686,-0.15005946159362793,-0.1339193043685185,-0.10565680265426636,-0.20313581824302673,-0.15773785686256758,-0.10014432668685913,-0.1868959665298462,-0.08075313097002379,-0.12697547674179077,-0.21059387922286987,-0.14956068074467055,-0.11489254236221313,-0.137752503156662,-0.18087249076130263,-0.09710061550140381,-0.12102645635604858,-0.19698069071533553,-0.05266314744949341,-0.19279399514198303,-0.07687509631874434,-0.07141315937042236,-0.2482660412788391,-0.16195446824791304,-0.06538403034210205,-0.16017663478851318,-0.1836002526259648,-0.05745893716812134,-0.1404227614402771,-0.1830296424603688,-0.0031533241271972656,-0.18625125288963318,-0.0818480906462895,-0.018564164638519287,-0.2480471134185791,-0.16231589591266982,-0.021229326725006104,-0.18099606037139893,-0.1644555536484944,-0.02349632978439331,-0.17568528652191162,-0.15056147253277175,0.046911656856536865,-0.17106163501739502,-0.09106036102535597,0.04381847381591797,-0.1902412474155426,-0.15354922985794417,0.034318506717681885,-0.1554480791091919,-0.16691116070511214,0.025769054889678955,-0.1697855293750763,-0.16621834611656539,roll
0.0,0.0,0.0,-0.05965983867645264,0.00638347864151001,-0.03076349123654154,-0.12762171030044556,-0.036153972148895264,-0.04702942556974676,-0.17179280519485474,-0.08175259828567505,-0.05983435101148871,-0.18102580308914185,-0.129985511302948,-0.06823375187155989,-0.1202194094657898,-0.1796671450138092,-0.02078102081355837,-0.16037338972091675,-0.192660391330719,-0.05299119389889029,-0.15095341205596924,-0.1250898838043213,-0.0705341782355049,-0.1367759108543396,-0.07953763008117676,-0.07818808517691878,-0.07635647058486938,-0.20482495427131653,-0.019262404360745222,-0.1224522590637207,-0.2245311737060547,-0.05242398864862707,-0.11246126890182495,-0.13126999139785767,-0.05829912162658957,-0.09693467617034912,-0.0835004448890686,-0.05354215688345221,-0.030404210090637207,-0.20628327131271362,-0.023002864041302473,-0.07373768091201782,-0.21600115299224854,-0.062557221569989,-0.06672394275665283,-0.12270677089691162,-0.055235383280489714,-0.05446219444274902,-0.07427763938903809,-0.04017319268820074,0.01763761043548584,-0.18852972984313965,-0.028751735755179197,-0.01934349536895752,-0.1702846884727478,-0.0627129387044647,-0.019435763359069824,-0.095980703830719,-0.0589406315171459,-0.009466230869293213,-0.05570286512374878,-0.04702108091947821,roll
0.0,0.0,0.0,-0.06999027729034424,-0.00677800178527832,-0.02292386144165448,-0.13972455263137817,-0.07078862190246582,-0.03555187470976762,-0.17842936515808105,-0.13213729858398438,-0.04766976721350602,-0.17851954698562622,-0.1905098259449005,-0.054993274433059014,-0.11169344186782837,-0.2102571725845337,-0.0031471632397597205,-0.1590021252632141,-0.2284458577632904,-0.03797774649922303,-0.14809608459472656,-0.15775030851364136,-0.05813487134639672,-0.12944674491882324,-0.12163734436035156,-0.06724643595282487,-0.07121402025222778,-0.2267540991306305,-0.0069605426839416396,-0.12778335809707642,-0.25362199544906616,-0.041787954790038384,-0.11786913871765137,-0.16381359100341797,-0.048233891648692406,-0.09700649976730347,-0.1249774694442749,-0.04270534105364732,-0.027347862720489502,-0.22301790118217468,-0.016936513406676568,-0.08598333597183228,-0.24550214409828186,-0.054910412800950326,-0.07878810167312622,-0.1482541561126709,-0.04318998269502572,-0.061930060386657715,-0.10555058717727661,-0.024783807618064202,0.017323613166809082,-0.2016836702823639,-0.029048963261288918,-0.039177119731903076,-0.19805562496185303,-0.05853317938510827,-0.040774643421173096,-0.12195581197738647,-0.050333670151871956,-0.02558290958404541,-0.08498632907867432,-0.03551608957116059,roll
0.0,0.0,0.0,-0.052829205989837646,0.007113516330718994,-0.04785064763672153,-0.11000674962997437,-0.0324975848197937,-0.07720963440186779,-0.13522791862487793,-0.08829399943351746,-0.09969142607695858,-0.11795395612716675,-0.14385461807250977,-0.11630405268914501,-0.07445353269577026,-0.14664793014526367,-0.05648800141460697,-0.09302109479904175,-0.18191373348236084,-0.09570265344626705,-0.08801507949829102,-0.11090758442878723,-0.10979985974080364,-0.0748741626739502,-0.06805512309074402,-0.1143991403961877,-0.03228873014450073,-0.156640887260437,-0.049977475472758215,-0.05457395315170288,-0.19999852776527405,-0.09547213248259823,-0.053306758403778076,-0.10799404978752136,-0.10051410428530971,-0.0405271053314209,-0.06003567576408386,-0.09362850121505062,0.009209096431732178,-0.1500249207019806,-0.04880553639776508,-0.012491166591644287,-0.19645440578460693,-0.10184003941066067,-0.016398489475250244,-0.10041135549545288,-0.08997312716491024,-0.00833284854888916,-0.048493146896362305,-0.06897092393882076,0.05090683698654175,-0.13222381472587585,-0.04998463548071186,0.03131914138793945,-0.1519935429096222,-0.09313782087809841,0.021310865879058838,-0.07542160153388977,-0.08610784045703213,0.02323514223098755,-0.02865910530090332,-0.0704002954745988,roll
0.0,0.0,0.0,-0.0830036997795105,-0.030845344066619873,-0.02259027760965182,-0.1542622447013855,-0.10678368806838989,-0.03720380913955523,-0.1831737756729126,-0.19166043400764465,-0.053804105040853756,-0.16202670335769653,-0.26160112023353577,-0.06488932472211673,-0.11656761169433594,-0.2171269953250885,0.009107524635965092,-0.1436287760734558,-0.28110820055007935,-0.034350892422025936,-0.13673681020736694,-0.20695903897285461,-0.061327928570335644,-0.11691927909851074,-0.15587010979652405,-0.0732567588661368,-0.07300472259521484,-0.22498679161071777,0.003376941070655448,-0.10637831687927246,-0.3075270652770996,-0.04454096209747149,-0.10143387317657471,-0.21152716875076294,-0.05968311977130725,-0.08186107873916626,-0.1579781174659729,-0.05636025395733668,-0.02837824821472168,-0.22103756666183472,-0.010101705682700413,-0.05966764688491821,-0.30482545495033264,-0.05931108993036105,-0.06226933002471924,-0.203821063041687,-0.050218174127167,-0.04861485958099365,-0.14663121104240417,-0.02909386892360999,0.022099018096923828,-0.2010250687599182,-0.0254270116661246,-0.012235283851623535,-0.2569335103034973,-0.0585313196156676,-0.022764742374420166,-0.17882144451141357,-0.04874590959889247,-0.013768911361694336,-0.12822622060775757,-0.031225483757680195,roll
0.0,0.0,0.0,-0.05763387680053711,-0.010589182376861572,-0.05728877173532965,-0.12163746356964111,-0.06355428695678711,-0.09414979280700209,-0.14189785718917847,-0.1269715428352356,-0.12444527657498838,-0.09959244728088379,-0.17455294728279114,-0.1475148445533705,-0.09811079502105713,-0.2029401659965515,-0.05563540594448568,-0.111777663230896,-0.215735524892807,-0.11461498798598768,-0.10200554132461548,-0.14052164554595947,-0.14635694982280256,-0.09215915203094482,-0.10766381025314331,-0.16229703487624647,-0.04508620500564575,-0.21711134910583496,-0.0517988673018408,-0.05531400442123413,-0.2538301944732666,-0.11697789491881849,-0.04683220386505127,-0.14710751175880432,-0.13134273351897718,-0.03875768184661865,-0.10419917106628418,-0.12744673551787855,0.007725715637207031,-0.20977911353111267,-0.0564222803877783,0.004404246807098389,-0.23546403646469116,-0.12170791091193678,0.0019684433937072754,-0.12801194190979004,-0.10940404446591856,-0.0007828474044799805,-0.08826541900634766,-0.08591285558213713,0.059123992919921875,-0.18778222799301147,-0.06562448503245832,0.05890780687332153,-0.17815133929252625,-0.10885665030946257,0.04601818323135376,-0.10075628757476807,-0.1008471569584799,0.0361250638961792,-0.07749491930007935,-0.08494183631410124,roll
0.0,0.0,0.0,-0.05916637182235718,-0.012718617916107178,-0.038478019358024085,-0.121640145778656,-0.06872588396072388,-0.060242379726275885,-0.15890520811080933,-0.12213712930679321,-0.07740237069259592,-0.14506536722183228,-0.16649413108825684,-0.0888426403416247,-0.09189069271087646,-0.21622532606124878,-0.029351788283690894,-0.13021665811538696,-0.22806578874588013,-0.06878735375534006,-0.122550368309021,-0.1567986011505127,-0.09083457541595408,-0.10909789800643921,-0.11769485473632812,-0.10184877616296717,-0.041765570640563965,-0.2318292260169983,-0.027595252440676177,-0.08899110555648804,-0.24567833542823792,-0.06903508556018778,-0.08601289987564087,-0.15748906135559082,-0.07833227020631739,-0.07425779104232788,-0.11749833822250366,-0.07485037547479578,0.006728470325469971,-0.2208167016506195,-0.03245860961209246,-0.03947031497955322,-0.2273438274860382,-0.0767540435207934,-0.04374140501022339,-0.14223593473434448,-0.07091120880971857,-0.038664937019348145,-0.10556823015213013,-0.056735059888467276,0.04920649528503418,-0.1915086805820465,-0.0405597153020949,0.010834097862243652,-0.15571925044059753,-0.07772090536485621,-0.0007957816123962402,-0.08765023946762085,-0.07747004431615778,0.0012313127517700195,-0.05771881341934204,-0.06811245781312891,roll
0.0,0.0,0.0,-0.07357430458068848,-0.02734297513961792,-0.02859170730528149,-0.13588780164718628,-0.10181182622909546,-0.04310808512684616,-0.1634238362312317,-0.17893055081367493,-0.056440165222852556,-0.14725327491760254,-0.24161788821220398,-0.06412047329661164,-0.09915715456008911,-0.23310643434524536,-0.0003205385438604935,-0.12510472536087036,-0.27798008918762207,-0.03910265672323021,-0.12659531831741333,-0.20356029272079468,-0.062221823216646044,-0.11626332998275757,-0.15203148126602173,-0.07172043803450379,-0.05252718925476074,-0.23875007033348083,-0.0016123696260592624,-0.08298683166503906,-0.2971615791320801,-0.043186021925180285,-0.09429728984832764,-0.19766369462013245,-0.05404677423950943,-0.08554953336715698,-0.14054778218269348,-0.0486355516624144,-0.005981326103210449,-0.2230716049671173,-0.010041979097991316,-0.03542482852935791,-0.2842836380004883,-0.05574975344654831,-0.05545079708099365,-0.1847114861011505,-0.044842859686582415,-0.05406004190444946,-0.12658554315567017,-0.02294023330625805,0.04089480638504028,-0.18873271346092224,-0.020545510531633226,0.006316244602203369,-0.22280150651931763,-0.05307011860725197,-0.01703411340713501,-0.14623981714248657,-0.0421210210334948,-0.01801234483718872,-0.09574741125106812,-0.02338787163910183,roll
0.0,0.0,0.0,-0.07840979099273682,-0.04348069429397583,-0.0288479945232325,-0.14556854963302612,-0.13224774599075317,-0.046793746071045916,-0.17099261283874512,-0.2230837643146515,-0.0652230142225676,-0.14607441425323486,-0.2911854684352875,-0.07731082128185562,-0.09946101903915405,-0.24505263566970825,-0.0012309780652799418,-0.11971235275268555,-0.3173951506614685,-0.04468452023166947,-0.1213526725769043,-0.241489440202713,-0.07056169794697098,-0.11061125993728638,-0.18430161476135254,-0.08140051947731308,-0.052787721157073975,-0.2439751923084259,-0.004252203980570357,-0.07678365707397461,-0.3332845866680145,-0.05005411268967919,-0.08400475978851318,-0.23951128125190735,-0.06346537010568909,-0.07423985004425049,-0.18105736374855042,-0.05963018001813225,-0.006275951862335205,-0.2291252613067627,-0.015007035115843337,-0.02884805202484131,-0.31971073150634766,-0.06167432503599457,-0.04480934143066406,-0.22267267107963562,-0.05072755576867394,-0.04170119762420654,-0.1625921130180359,-0.02919694246548943,0.042854905128479004,-0.1980028748512268,-0.02827402600843243,0.015278995037078857,-0.25765371322631836,-0.06020511897105507,-0.005771517753601074,-0.18446388840675354,-0.049832279102986377,-0.006560683250427246,-0.1324189305305481,-0.03232108639377884,roll
0.0,0.0,0.0,-0.06126284599304199,-0.016825497150421143,-0.04822681905920945,-0.12996137142181396,-0.07428193092346191,-0.07906678380663834,-0.15847992897033691,-0.14192533493041992,-0.10517711999113999,-0.12292361259460449,-0.19086617231369019,-0.12373766364748917,-0.09847718477249146,-0.2167907953262329,-0.04154467271860085,-0.12269783020019531,-0.24717265367507935,-0.08998116167481385,-0.11511373519897461,-0.16623109579086304,-0.11426881017382584,-0.10000544786453247,-0.13237804174423218,-0.12662426443989716,-0.04486823081970215,-0.22865644097328186,-0.03957296597059212,-0.06827545166015625,-0.2661973237991333,-0.09272945733960114,-0.06524914503097534,-0.16412663459777832,-0.1011388382523819,-0.05461430549621582,-0.1268485188484192,-0.09539090903695069,0.007304847240447998,-0.21855908632278442,-0.04547407912309609,-0.012097179889678955,-0.24333089590072632,-0.10092556538279496,-0.018600761890411377,-0.14014017581939697,-0.08756852956707917,-0.016163408756256104,-0.10314661264419556,-0.06573582502301178,0.05806100368499756,-0.19341689348220825,-0.05546124341185532,0.04016232490539551,-0.18537387251853943,-0.09358055206234894,0.02358531951904297,-0.10894942283630371,-0.08591901572640381,0.01836085319519043,-0.0812610387802124,-0.07133444460328064,roll
0.0,0.0,0.0,-0.059490740299224854,-0.012115716934204102,-0.03923282125111882,-0.12771743535995483,-0.06887882947921753,-0.06238072463389699,-0.16633260250091553,-0.12642306089401245,-0.08193646096702878,-0.144523024559021,-0.17176976799964905,-0.09575581275936429,-0.0960114598274231,-0.2111024260520935,-0.02728022546585862,-0.12704706192016602,-0.2409229874610901,-0.07184241437431638,-0.11947596073150635,-0.17030543088912964,-0.09857166283842389,-0.10684490203857422,-0.12601011991500854,-0.11178119951006238,-0.04449868202209473,-0.22563064098358154,-0.02618431025263135,-0.08401888608932495,-0.2553435266017914,-0.07207327806469266,-0.08061885833740234,-0.1646210253238678,-0.08393076532598798,-0.0702366828918457,-0.11665934324264526,-0.08087213807817761,0.006575942039489746,-0.21467244625091553,-0.032449529553616685,-0.033875226974487305,-0.23136794567108154,-0.0796061801266319,-0.03917253017425537,-0.14322960376739502,-0.0736729251694328,-0.037147462368011475,-0.09944438934326172,-0.05812441655513112,0.05326271057128906,-0.18632778525352478,-0.04214234375473325,0.01825469732284546,-0.1579381227493286,-0.07876837723966901,0.005142629146575928,-0.0897902250289917,-0.07723394506689374,0.004412233829498291,-0.05781346559524536,-0.06679037683721845,roll
0.0,0.0,0.0,-0.05530029535293579,-0.01354968547821045,-0.038304850974896,-0.10904240608215332,-0.06888365745544434,-0.060242757716991946,-0.14475101232528687,-0.1162695586681366,-0.07715902529082541,-0.13929039239883423,-0.1640215814113617,-0.0884173666628385,-0.08279275894165039,-0.20763057470321655,-0.03634772873840575,-0.11495894193649292,-0.2292061448097229,-0.06982947192511801,-0.11121970415115356,-0.1564699411392212,-0.08432773552260642,-0.10391455888748169,-0.11339759826660156,-0.09036096982083563,-0.03596913814544678,-0.2175363004207611,-0.0340110739263082,-0.07849478721618652,-0.24639612436294556,-0.0735216518434072,-0.08299362659454346,-0.1558225452899933,-0.08126695505700354,-0.07507055997848511,-0.10949206352233887,-0.07705111108145957,0.008826136589050293,-0.20261150598526,-0.03665452874622588,-0.02815413475036621,-0.2284632921218872,-0.08258103630862479,-0.03836554288864136,-0.13847512006759644,-0.07501862249694113,-0.03690558671951294,-0.08899450302124023,-0.05887216381154303,0.04867810010910034,-0.17185530066490173,-0.04154764912448172,0.020446956157684326,-0.15961644053459167,-0.08100231043420081,0.0036107301712036133,-0.0873604416847229,-0.0775703122409368,0.00023823976516723633,-0.04580235481262207,-0.06533268145642523,roll
0.0,0.0,0.0,-0.06659263372421265,-0.010673880577087402,-0.032567156743084524,-0.13558238744735718,-0.08546686172485352,-0.0474094099214426,-0.16899675130844116,-0.16406238079071045,-0.059730535637413595,-0.1543465256690979,-0.22796696424484253,-0.06575535823014889,-0.10664039850234985,-0.21942001581192017,-0.007269346885209416,-0.13032817840576172,-0.26645427942276,-0.04363230456021938,-0.12955939769744873,-0.1885649859905243,-0.06295101184753094,-0.11702585220336914,-0.13731428980827332,-0.07049723554757747,-0.05963301658630371,-0.22940459847450256,-0.006791150461708639,-0.08746546506881714,-0.2941403090953827,-0.04715285290387783,-0.09546589851379395,-0.19387075304985046,-0.05540134225395832,-0.08458149433135986,-0.13737913966178894,-0.04805735711363468,-0.011026740074157715,-0.21621239185333252,-0.013228506114160155,-0.03678518533706665,-0.281513512134552,-0.059153678159987066,-0.052721500396728516,-0.1802661418914795,-0.046962587427174185,-0.049352407455444336,-0.12227347493171692,-0.024145204838191603,0.03805631399154663,-0.1857604682445526,-0.021845296289598082,0.007309615612030029,-0.21903401613235474,-0.056474482904945944,-0.012575864791870117,-0.1396792232990265,-0.04621353958157215,-0.01246565580368042,-0.08753132820129395,-0.027755691002880667,roll
0.0,0.0,0.0,-0.07199716567993164,-0.028030455112457275,-0.03590999204510581,-0.14245814085006714,-0.10951721668243408,-0.05687614191168677,-0.1717473268508911,-0.19503596425056458,-0.07653426784867179,-0.1515856385231018,-0.2650102972984314,-0.08932066369646918,-0.10309618711471558,-0.2347317337989807,-0.008429576045216436,-0.12265342473983765,-0.2967625558376312,-0.05609395015829932,-0.12335711717605591,-0.218317449092865,-0.08352071452731025,-0.11304515600204468,-0.16360723972320557,-0.09471580792063605,-0.056560635566711426,-0.23800960183143616,-0.00920279916221034,-0.08085751533508301,-0.32637208700180054,-0.05962546575659644,-0.08603566884994507,-0.22694683074951172,-0.07209819216126334,-0.07435452938079834,-0.16881194710731506,-0.06605153936737906,-0.008626043796539307,-0.2252960503101349,-0.018531412219942922,-0.028062641620635986,-0.3105771541595459,-0.07080997932547461,-0.04179275035858154,-0.2072644829750061,-0.05842895839208495,-0.03764843940734863,-0.15028995275497437,-0.03451017696255576,0.04247337579727173,-0.19555729627609253,-0.030764449721516485,0.01717090606689453,-0.24990767240524292,-0.06735756654137504,-0.0025652050971984863,-0.17010760307312012,-0.05654500830763709,-0.0026261210441589355,-0.12033557891845703,-0.03764620456689727,roll
0.0,0.0,0.0,-0.05950188636779785,-0.004912853240966797,-0.0421628689509248,-0.13483524322509766,-0.055592477321624756,-0.0673839671653127,-0.17222124338150024,-0.11786234378814697,-0.08876954746659749,-0.14501851797103882,-0.16742509603500366,-0.10325508547242634,-0.11219090223312378,-0.19790807366371155,-0.03279814479168408,-0.13796395063400269,-0.22509172558784485,-0.07934366894181721,-0.12383013963699341,-0.150799959897995,-0.10454366338666432,-0.10822755098342896,-0.11254888772964478,-0.11733017844375127,-0.06260436773300171,-0.2219812273979187,-0.03167050314362996,-0.09349232912063599,-0.25041723251342773,-0.08287911099608891,-0.08107143640518188,-0.15804600715637207,-0.09377408755239003,-0.06697964668273926,-0.11760932207107544,-0.08900286239799016,-0.011743903160095215,-0.22242951393127441,-0.038152925495467116,-0.0393027663230896,-0.22269654273986816,-0.08789729309495442,-0.03565019369125366,-0.13073211908340454,-0.07946371269639485,-0.03007107973098755,-0.09728562831878662,-0.062060590658745696,0.03735220432281494,-0.206123948097229,-0.04875931871350758,0.016348421573638916,-0.16439583897590637,-0.08436010760482304,0.011437296867370605,-0.09722739458084106,-0.08261794579442494,0.014293313026428223,-0.07949930429458618,-0.07286827993806355,roll
0.0,0.0,0.0,-0.06264334917068481,-0.0075421929359436035,-0.03783584811446872,-0.13219338655471802,-0.06807422637939453,-0.05932569556591716,-0.16691303253173828,-0.13548293709754944,-0.07600293733833041,-0.14927440881729126,-0.18355360627174377,-0.08657686837671008,-0.09398794174194336,-0.2163999080657959,-0.03246619977710452,-0.12970417737960815,-0.22618800401687622,-0.0721284417128345,-0.11944729089736938,-0.14697012305259705,-0.09314175375459399,-0.10213512182235718,-0.10133039951324463,-0.10382656433341708,-0.045607686042785645,-0.23166316747665405,-0.030663032612778807,-0.09390127658843994,-0.23999157547950745,-0.07171846606490817,-0.08920550346374512,-0.149350106716156,-0.07859362342117038,-0.07386660575866699,-0.10496991872787476,-0.07432169147489276,0.0012655258178710938,-0.22201299667358398,-0.0354182203924438,-0.05139470100402832,-0.22402462363243103,-0.0790067581152698,-0.052223145961761475,-0.13753265142440796,-0.07151924499032702,-0.042756497859954834,-0.09780490398406982,-0.057370771250703,0.04352724552154541,-0.19542697072029114,-0.04350151919481959,-0.0021255016326904297,-0.1552044153213501,-0.08218899794576373,-0.010611116886138916,-0.08562946319580078,-0.0829839823460361,-0.004468023777008057,-0.05371767282485962,-0.07464459218738284,roll
0.0,0.0,0.0,-0.06281089782714844,-0.006719231605529785,-0.03747231199491807,-0.13162541389465332,-0.07040327787399292,-0.05973653554070779,-0.16730189323425293,-0.1422918736934662,-0.07773879229176828,-0.14716899394989014,-0.20195549726486206,-0.09000335692513772,-0.09231257438659668,-0.21129482984542847,-0.027190017170198644,-0.12286478281021118,-0.246127188205719,-0.06520882307637521,-0.11733275651931763,-0.16964992880821228,-0.08380919753659555,-0.10257202386856079,-0.12337234616279602,-0.09133219032634088,-0.045503079891204834,-0.22043058276176453,-0.025294336146600926,-0.08431577682495117,-0.2626005709171295,-0.06591232924807855,-0.0853109359741211,-0.1675693392753601,-0.07292476355183908,-0.07214337587356567,-0.11547550559043884,-0.0667931070839245,0.001568913459777832,-0.20834776759147644,-0.029572319826968396,-0.04061192274093628,-0.2528032064437866,-0.077808723441251,-0.048137664794921875,-0.15252825617790222,-0.06689422636378595,-0.041224122047424316,-0.09411710500717163,-0.046317417762168134,0.04749786853790283,-0.180637389421463,-0.03605082317341157,0.005829274654388428,-0.19496816396713257,-0.07545649319041559,-0.006915032863616943,-0.11251237988471985,-0.06784898101437875,-0.0025219321250915527,-0.059223949909210205,-0.05123176856983491,roll
0.0,0.0,0.0,-0.08292996883392334,-0.019783973693847656,-0.03758711294648265,-0.16241884231567383,-0.10130345821380615,-0.05805988164064502,-0.18883967399597168,-0.19597041606903076,-0.07647362278220271,-0.16328656673431396,-0.2675913870334625,-0.08683141247746562,-0.12185925245285034,-0.2301086187362671,-0.009564568487974157,-0.1401979923248291,-0.30222368240356445,-0.05364841149565791,-0.13561522960662842,-0.22054892778396606,-0.07768206225154017,-0.12149566411972046,-0.15957534313201904,-0.08803208844182109,-0.07320278882980347,-0.23905369639396667,-0.008827238543005933,-0.10292774438858032,-0.328607976436615,-0.05864021481392001,-0.10209137201309204,-0.2198941707611084,-0.06876393334385966,-0.08694559335708618,-0.15677830576896667,-0.06207045839545344,-0.024900078773498535,-0.23280513286590576,-0.016716421781154622,-0.05222058296203613,-0.31877121329307556,-0.06997740195510005,-0.06297874450683594,-0.20997723937034607,-0.05609570742961978,-0.054770708084106445,-0.14728304743766785,-0.03193621636745547,0.030537962913513184,-0.20808640122413635,-0.02780024261591052,-0.0018786191940307617,-0.25396618247032166,-0.06649777220007991,-0.01811927556991577,-0.1692974865436554,-0.05734489039895152,-0.014601707458496094,-0.1179458498954773,-0.0402906939518175,roll
0.0,0.0,0.0,-0.08023977279663086,-0.04300427436828613,-0.04719892042135143,-0.1536378264427185,-0.12767016887664795,-0.0752691020295515,-0.17661821842193604,-0.22147110104560852,-0.102896965019454,-0.14668059349060059,-0.2968686819076538,-0.12146305935834789,-0.10937714576721191,-0.2619633376598358,-0.005322613664020537,-0.13468122482299805,-0.3231939673423767,-0.07010251181577587,-0.13063979148864746,-0.23523664474487305,-0.10850539701436901,-0.11559760570526123,-0.1995064914226532,-0.126215814523448,-0.06170886754989624,-0.2658696472644806,-0.007127858143348931,-0.09254276752471924,-0.34863150119781494,-0.08002070980523968,-0.0894809365272522,-0.23783722519874573,-0.10115404324983501,-0.07469373941421509,-0.19831299781799316,-0.09707181798671627,-0.013506650924682617,-0.25989294052124023,-0.021713488645900725,-0.038009047508239746,-0.3440316617488861,-0.0922623266503706,-0.04372084140777588,-0.23241707682609558,-0.08368004756425762,-0.035194218158721924,-0.19193929433822632,-0.058506037019242285,0.03784269094467163,-0.24032527208328247,-0.041017263107050894,0.01439809799194336,-0.28140369057655334,-0.08644100176547909,-0.00010693073272705078,-0.1992315948009491,-0.08058999376748943,0.0033966898918151855,-0.16507107019424438,-0.0638637681529417,roll
0.0,0.0,0.0,-0.074931800365448,-0.02173316478729248,-0.09228561178787231,-0.1431216597557068,-0.09914153814315796,-0.14862842218025207,-0.15565764904022217,-0.1768592894077301,-0.19380252913578033,-0.11185681819915771,-0.23867657780647278,-0.2275138582382965,-0.10503888130187988,-0.24810650944709778,-0.10063191608531952,-0.12802624702453613,-0.26554903388023376,-0.1945272620116043,-0.11598390340805054,-0.1659080982208252,-0.23775475577457428,-0.09809994697570801,-0.15001064538955688,-0.25833769992931366,-0.05021226406097412,-0.2531130015850067,-0.0904618586693573,-0.06435918807983398,-0.30684807896614075,-0.19972071901901245,-0.06188172101974487,-0.18186357617378235,-0.22075655416591644,-0.05232405662536621,-0.16347825527191162,-0.21386829868896484,0.004753768444061279,-0.24303722381591797,-0.09424539015634537,-0.004016578197479248,-0.2813247740268707,-0.19678553299053192,-0.010798454284667969,-0.1673852503299713,-0.18447253958328247,-0.007937192916870117,-0.1607825756072998,-0.15496467904193878,0.055896103382110596,-0.22495678067207336,-0.10573592887266159,0.05427229404449463,-0.21460238099098206,-0.1743980582152176,0.0438959002494812,-0.13604921102523804,-0.1740146066342163,0.04678034782409668,-0.13768291473388672,-0.1605745042954254,roll
0.0,0.0,0.0,-0.055800676345825195,0.00288546085357666,-0.05906849511592327,-0.13214975595474243,-0.03222453594207764,-0.09502431534855305,-0.17011749744415283,-0.07853764295578003,-0.12397393368809162,-0.1401011347770691,-0.13057732582092285,-0.14439105772106586,-0.12746548652648926,-0.19208458065986633,-0.05421210610001026,-0.14677119255065918,-0.20363938808441162,-0.1109948136719936,-0.12696623802185059,-0.12129366397857666,-0.13981811486809193,-0.11294049024581909,-0.08571493625640869,-0.15466631733505665,-0.07219946384429932,-0.21983906626701355,-0.0500005760106319,-0.09053939580917358,-0.2452930510044098,-0.11610393010704456,-0.06866168975830078,-0.12519049644470215,-0.12963866972057758,-0.056527018547058105,-0.0842658281326294,-0.12501042865841328,-0.017364144325256348,-0.22334426641464233,-0.054572393825935706,-0.024143457412719727,-0.23464614152908325,-0.12180648528664051,-0.015133798122406006,-0.11802160739898682,-0.10827309422819553,-0.013327538967132568,-0.08035683631896973,-0.08408328675358234,0.03922891616821289,-0.2092050313949585,-0.06379819445936619,0.04030054807662964,-0.18430742621421814,-0.10924411349623142,0.035687923431396484,-0.1001235842704773,-0.10130348586170612,0.027839362621307373,-0.08022260665893555,-0.08544058137266575,roll
0.0,0.0,0.0,-0.07067364454269409,0.00014406442642211914,-0.04094874533387838,-0.1479051113128662,-0.05699115991592407,-0.0641277772423905,-0.19172918796539307,-0.12227645516395569,-0.08331062319251714,-0.182020902633667,-0.18670418858528137,-0.09586546989652334,-0.1206510066986084,-0.2084667980670929,-0.023588145622341017,-0.15983009338378906,-0.23546403646469116,-0.06653213920566259,-0.1477280855178833,-0.15810588002204895,-0.08845764818164525,-0.1261584758758545,-0.12490692734718323,-0.09822405549260793,-0.07402986288070679,-0.22428986430168152,-0.02159352461370645,-0.12183272838592529,-0.2563222348690033,-0.06643173518153844,-0.11258852481842041,-0.15611404180526733,-0.07208504947396932,-0.09076172113418579,-0.11957007646560669,-0.06418853672715841,-0.024609088897705078,-0.2185564637184143,-0.02766962210210977,-0.07358729839324951,-0.25035083293914795,-0.08034498664113698,-0.07097464799880981,-0.14218109846115112,-0.06696335645887075,-0.053737640380859375,-0.10000854730606079,-0.04416723596426664,0.02720499038696289,-0.19615980982780457,-0.0367777091500443,-0.019645333290100098,-0.191267192363739,-0.07770871790620504,-0.025906920433044434,-0.10134673118591309,-0.0696717989680451,-0.014595329761505127,-0.05854064226150513,-0.05280650826665578,roll
0.0,0.0,0.0,-0.06955832242965698,0.006079137325286865,-0.0454336220462892,-0.1500367522239685,-0.058127641677856445,-0.07087864373522734,-0.19034290313720703,-0.1379166841506958,-0.09154468421536421,-0.17470026016235352,-0.2108227014541626,-0.10497494433718657,-0.1325175166130066,-0.1897006332874298,-0.02990734596448874,-0.15975868701934814,-0.24792718887329102,-0.07652784530716872,-0.1473284363746643,-0.17435553669929504,-0.0990658367117021,-0.12994396686553955,-0.1242428719997406,-0.1079769918759439,-0.08410316705703735,-0.20886510610580444,-0.027010008885440584,-0.11933612823486328,-0.28929218649864197,-0.07879306767779326,-0.10639762878417969,-0.18852370977401733,-0.08901658300953841,-0.08759737014770508,-0.13486933708190918,-0.08196712677079177,-0.03186595439910889,-0.20972278714179993,-0.03198057432371115,-0.06469529867172241,-0.2834438979625702,-0.09032601509886717,-0.05993056297302246,-0.17344141006469727,-0.07828808967667555,-0.04689270257949829,-0.12002277374267578,-0.05463724975186324,0.026636362075805664,-0.19534248113632202,-0.039814748062667604,-0.005324006080627441,-0.22065123915672302,-0.08536899481612181,-0.008492112159729004,-0.1285606026649475,-0.07774190996485686,-0.00048542022705078125,-0.08221328258514404,-0.060471080436286684,roll
0.0,0.0,0.0,-0.0698583722114563,-0.014902114868164062,-0.05016140475709108,-0.15110498666763306,-0.09746849536895752,-0.07978336348969606,-0.18612754344940186,-0.18409135937690735,-0.10518100693661836,-0.16259610652923584,-0.25915753841400146,-0.12225617304284242,-0.1264166235923767,-0.2371225655078888,-0.032832874207088025,-0.1549721360206604,-0.30030545592308044,-0.08938414439398912,-0.14581239223480225,-0.21669688820838928,-0.12011848226029542,-0.12884652614593506,-0.17279577255249023,-0.13437545880515245,-0.07569164037704468,-0.2486383318901062,-0.031100390700885328,-0.10905671119689941,-0.333349347114563,-0.0915504379554477,-0.09862691164016724,-0.22413969039916992,-0.10456346556384233,-0.08297872543334961,-0.17627039551734924,-0.09904017135340837,-0.020544767379760742,-0.2437339723110199,-0.039022470115014585,-0.04617476463317871,-0.3320254683494568,-0.10113318845469621,-0.046799659729003906,-0.2207615077495575,-0.08768141850669053,-0.038743674755096436,-0.17335745692253113,-0.06353952571589616,0.03917592763900757,-0.22180712223052979,-0.05114967584449914,0.01797652244567871,-0.2629358470439911,-0.09654011413294938,0.004652917385101318,-0.17290490865707397,-0.08791743799883989,0.004153430461883545,-0.12804394960403442,-0.07080524250704912,roll
0.0,0.0,0.0,-0.06648576259613037,-0.00032341480255126953,-0.08549845291247493,-0.13361650705337524,-0.05714958906173706,-0.13657664580216533,-0.1515401005744934,-0.12277424335479736,-0.17682010753026134,-0.11516737937927246,-0.18749764561653137,-0.20794316453805095,-0.11792778968811035,-0.2151956856250763,-0.08338245077004558,-0.12463271617889404,-0.22675824165344238,-0.16714484317174083,-0.10690122842788696,-0.14082568883895874,-0.2106441192137254,-0.09517979621887207,-0.10698199272155762,-0.2309421829687608,-0.060742974281311035,-0.22814714908599854,-0.0725329153048051,-0.06855928897857666,-0.27407389879226685,-0.16611040456166393,-0.05448812246322632,-0.149583637714386,-0.18813044650426036,-0.04585731029510498,-0.10951125621795654,-0.1830164871918214,-0.00275343656539917,-0.22242024540901184,-0.07447895480265743,-0.004705667495727539,-0.2591915428638458,-0.16346883101334697,-0.0026665329933166504,-0.1372557282447815,-0.15263053102364665,-0.004521191120147705,-0.10492831468582153,-0.124918752144481,0.05321258306503296,-0.20389926433563232,-0.08318737221827632,0.05512046813964844,-0.192091166973114,-0.14258597118725902,0.045510947704315186,-0.10711312294006348,-0.13878090007176525,0.0371515154838562,-0.09449774026870728,-0.12278215659728176,roll
0.0,0.0,0.0,-0.0610964298248291,-0.0036652684211730957,-0.046391714984224564,-0.13426107168197632,-0.05456697940826416,-0.07340174602870775,-0.1778828501701355,-0.11294412612915039,-0.095738057667063,-0.16729360818862915,-0.17305994033813477,-0.11069395082597566,-0.11860466003417969,-0.21122640371322632,-0.03345745863919092,-0.15343743562698364,-0.23221251368522644,-0.08689627485875917,-0.13725602626800537,-0.146666020154953,-0.11564340876941515,-0.11761468648910522,-0.09713935852050781,-0.128263030821131,-0.06572502851486206,-0.23190540075302124,-0.03156776415710283,-0.10972106456756592,-0.25586825609207153,-0.08740867363815141,-0.09557485580444336,-0.14653518795967102,-0.09996797578935457,-0.07695847749710083,-0.09963709115982056,-0.09465210574273897,-0.010316073894500732,-0.2280634641647339,-0.03850150542859865,-0.05006074905395508,-0.2392098605632782,-0.0992330654204352,-0.04514169692993164,-0.1293574571609497,-0.0915251939237578,-0.03567516803741455,-0.08386480808258057,-0.07078650283222032,0.04497122764587402,-0.2074759602546692,-0.04887437137369943,0.014452636241912842,-0.1802569329738617,-0.0953202589095099,0.007401943206787109,-0.09525144100189209,-0.09250443863277269,0.009692549705505371,-0.06068527698516846,-0.07853563564424348,roll
0.0,0.0,0.0,-0.07140398025512695,-0.028016865253448486,-0.04900126702887064,-0.145849347114563,-0.09236454963684082,-0.08198071814877039,-0.1804741621017456,-0.16247129440307617,-0.11154147781235224,-0.16163206100463867,-0.23482313752174377,-0.1334188187847758,-0.11252385377883911,-0.24031862616539001,-0.033445881528678,-0.1421075463294983,-0.2843397259712219,-0.10186318851810938,-0.12937045097351074,-0.19333899021148682,-0.1413584554920817,-0.11080360412597656,-0.1392894983291626,-0.15866864271265513,-0.059812188148498535,-0.24503886699676514,-0.034549059195342124,-0.09501945972442627,-0.3063770532608032,-0.10856361485821253,-0.08724606037139893,-0.18937891721725464,-0.1300398016701365,-0.07208150625228882,-0.1367090940475464,-0.1269100809822703,-0.006477236747741699,-0.23459932208061218,-0.04591602630716807,-0.036113440990448,-0.29439684748649597,-0.11951960421902186,-0.038725852966308594,-0.17892879247665405,-0.11031269080740458,-0.03251713514328003,-0.1267903447151184,-0.08465722746950632,0.047430574893951416,-0.20991110801696777,-0.06084640122753626,0.02124345302581787,-0.23215392231941223,-0.11202078856331354,0.006855964660644531,-0.14356297254562378,-0.10413269497257716,0.005830526351928711,-0.10172051191329956,-0.08450781352621561,roll
0.0,0.0,0.0,-0.08020162582397461,-0.011991500854492188,-0.03095391466169417,-0.1471540331840515,-0.0772707462310791,-0.04837797096817553,-0.1884094476699829,-0.14479953050613403,-0.06368137410728991,-0.22724908590316772,-0.19533199071884155,-0.07898030689804614,-0.12296664714813232,-0.20340093970298767,-0.03181720784752429,-0.16894805431365967,-0.28911542892456055,-0.05676945931165278,-0.19580292701721191,-0.348106324672699,-0.07699687293617785,-0.2161688208580017,-0.4037875533103943,-0.0932594638213402,-0.07621771097183228,-0.2384030818939209,-0.03718427828400195,-0.10729390382766724,-0.3471086025238037,-0.06225768363921702,-0.12663328647613525,-0.42395979166030884,-0.08328175804464877,-0.1430189609527588,-0.4940558671951294,-0.09896762928812564,-0.025281846523284912,-0.24364620447158813,-0.04682731515615046,-0.03592580556869507,-0.35717543959617615,-0.07763344309179843,-0.04523259401321411,-0.4346824586391449,-0.10107663533537448,-0.05597931146621704,-0.5030325949192047,-0.11636089048235476,0.0275423526763916,-0.2273939847946167,-0.0582662362500912,0.04898649454116821,-0.31427767872810364,-0.08679518363325656,0.06094050407409668,-0.37533479928970337,-0.10281467697470248,0.06470870971679688,-0.4323434382677078,-0.11363162360041201,left
0.0,0.0,0.0,-0.08023339509963989,-0.011881828308105469,-0.03545496032734263,-0.14909225702285767,-0.07749354839324951,-0.05622203440566409,-0.19021576642990112,-0.1496357023715973,-0.07358804882665027,-0.22873008251190186,-0.20392167568206787,-0.09111995787520755,-0.12772589921951294,-0.2054196000099182,-0.04364194513459552,-0.16983795166015625,-0.30075186491012573,-0.07131505550046313,-0.19341129064559937,-0.364795058965683,-0.09244351626534808,-0.21039730310440063,-0.4244486838579178,-0.10910784990687716,-0.07829082012176514,-0.239795982837677,-0.04735852570433963,-0.10378140211105347,-0.3598771095275879,-0.0742799246420418,-0.11741948127746582,-0.44293832778930664,-0.09610722006459582,-0.12746334075927734,-0.5167452394962311,-0.11251074613232959,-0.024992287158966064,-0.24412378668785095,-0.05519040093918193,-0.03430253267288208,-0.3654017448425293,-0.08852917493481982,-0.0379260778427124,-0.4498578906059265,-0.11512382120986331,-0.04187119007110596,-0.5234930515289307,-0.13270354063411105,0.0306205153465271,-0.22823157906532288,-0.06469972969193805,0.057670533657073975,-0.31902724504470825,-0.09606460274358142,0.07609450817108154,-0.3834076076745987,-0.11489033491511691,0.08685529232025146,-0.4443589895963669,-0.12790812344451297,left
0.0,0.0,0.0,-0.08064347505569458,-0.012608051300048828,-0.04635460630558441,-0.1503315567970276,-0.07879269123077393,-0.07507282451294373,-0.19519728422164917,-0.15328338742256165,-0.09848217621944855,-0.23595619201660156,-0.21094194054603577,-0.12221369848154495,-0.11925488710403442,-0.21738669276237488,-0.06189566433928917,-0.1593378782272339,-0.32072722911834717,-0.09479538307093094,-0.17941659688949585,-0.3904857635498047,-0.11896551356218765,-0.19031363725662231,-0.4548875689506531,-0.1380335460653157,-0.06638193130493164,-0.2516283690929413,-0.062234174018129806,-0.08325642347335815,-0.38051527738571167,-0.09410829052828262,-0.08874422311782837,-0.4671997129917145,-0.11797288015984009,-0.09081852436065674,-0.5451974868774414,-0.13625267848871658,-0.012091457843780518,-0.25191742181777954,-0.06712272719047974,-0.01016998291015625,-0.38271844387054443,-0.10542266026638458,-0.003712177276611328,-0.47156912088394165,-0.1352009992351384,0.0018209218978881836,-0.5498863756656647,-0.15519527301691483,0.0431063175201416,-0.2296624481678009,-0.07429413453243683,0.08087235689163208,-0.3204939067363739,-0.11035187498234222,0.10756534337997437,-0.384381502866745,-0.13275360271833847,0.1256777048110962,-0.445615217089653,-0.14855708882711838,left
0.0,0.0,0.0,-0.08222651481628418,-0.005165517330169678,-0.03605558482357196,-0.15310657024383545,-0.06683063507080078,-0.058804178064548296,-0.2002573013305664,-0.1330304741859436,-0.07756704596229724,-0.2444223165512085,-0.18162193894386292,-0.09661756960102252,-0.12764567136764526,-0.2027890980243683,-0.04800315332957439,-0.1736762523651123,-0.2954542338848114,-0.07541560885854892,-0.1994870901107788,-0.3565417528152466,-0.09625419733472995,-0.218453049659729,-0.4146307110786438,-0.11269096789308719,-0.07828468084335327,-0.23905301094055176,-0.05158804488726787,-0.10500741004943848,-0.35938024520874023,-0.07894750443645648,-0.12105858325958252,-0.44318054616451263,-0.10093621668764285,-0.13353383541107178,-0.5189127326011658,-0.11720864233919315,-0.025319933891296387,-0.24179816246032715,-0.05877473337002925,-0.0303230881690979,-0.36696356534957886,-0.09330545124956302,-0.0322413444519043,-0.45293907821178436,-0.12061794606395893,-0.03450930118560791,-0.5295409262180328,-0.13831948993154697,0.029247045516967773,-0.22241610288619995,-0.06727431473680667,0.06046050786972046,-0.31437698006629944,-0.09970690814205341,0.08027094602584839,-0.3783869743347168,-0.11844987181373767,0.09296679496765137,-0.4399164021015167,-0.13102631030031375,left
0.0,0.0,0.0,-0.07965177297592163,0.002566516399383545,-0.0317169917870217,-0.1519830822944641,-0.05448037385940552,-0.05237552208191687,-0.2000042200088501,-0.11353367567062378,-0.0693674279499703,-0.24215912818908691,-0.1573418378829956,-0.08728138787037665,-0.13082218170166016,-0.1859687864780426,-0.048625235085552276,-0.18217003345489502,-0.27211442589759827,-0.07608512473589712,-0.2138952612876892,-0.3301200270652771,-0.09620961976534659,-0.2401333451271057,-0.3827369809150696,-0.11182691586500937,-0.0822024941444397,-0.2248370349407196,-0.05317915660626227,-0.11609530448913574,-0.33804136514663696,-0.08056141120678717,-0.13938361406326294,-0.41712072491645813,-0.10263501537329489,-0.15918844938278198,-0.48660585284233093,-0.1189008621621781,-0.029447197914123535,-0.2304411232471466,-0.0603671861935311,-0.040837109088897705,-0.3510620594024658,-0.09377460611349875,-0.0503230094909668,-0.43287888169288635,-0.12065606993920142,-0.05928003787994385,-0.503328949213028,-0.13841694278008276,0.02416861057281494,-0.21347010135650635,-0.06824262124783331,0.049229979515075684,-0.3036671280860901,-0.0993230981875115,0.06293731927871704,-0.3678520917892456,-0.11750872117764288,0.07084530591964722,-0.42889250814914703,-0.1299949405837708,left
0.0,0.0,0.0,-0.07604807615280151,0.00550687313079834,-0.03311531462452422,-0.1486678123474121,-0.04907459020614624,-0.054652443460440736,-0.19755351543426514,-0.1068686842918396,-0.07206060581586371,-0.24080663919448853,-0.14807718992233276,-0.09058876924893866,-0.12902343273162842,-0.17988380789756775,-0.052639009735798936,-0.18159717321395874,-0.2619771957397461,-0.08191579424521933,-0.21487444639205933,-0.31739383935928345,-0.10382761650464545,-0.24381732940673828,-0.3686702847480774,-0.12068798982284079,-0.0836215615272522,-0.2198083996772766,-0.0561168923296691,-0.12139201164245605,-0.32975804805755615,-0.08529966913840781,-0.14799737930297852,-0.40733781456947327,-0.10828278057954321,-0.1717592477798462,-0.4759732484817505,-0.12515134953639517,-0.03280305862426758,-0.22642305493354797,-0.06204875775358687,-0.048095643520355225,-0.3431013226509094,-0.09625931673429022,-0.06067633628845215,-0.42388665676116943,-0.12354385697028647,-0.07267236709594727,-0.4940875172615051,-0.14162428521296988,0.019643962383270264,-0.21072745323181152,-0.06883524202487479,0.04133027791976929,-0.300068199634552,-0.10034043186090003,0.05162292718887329,-0.3638851046562195,-0.11903242611072073,0.056568145751953125,-0.4241800904273987,-0.13198830031535635,left
0.0,0.0,0.0,-0.07652062177658081,-0.003267645835876465,-0.026198025728064067,-0.14617657661437988,-0.06428343057632446,-0.04207599529107142,-0.19025808572769165,-0.12430733442306519,-0.05584741377313662,-0.22917258739471436,-0.16579216718673706,-0.06995395191987086,-0.12486165761947632,-0.19125992059707642,-0.03449809917290736,-0.1748242974281311,-0.27571678161621094,-0.05992777266581584,-0.2066868543624878,-0.3307254910469055,-0.07935106375296641,-0.2329520583152771,-0.3808228075504303,-0.09417349466164637,-0.08003926277160645,-0.22757774591445923,-0.04148631163914729,-0.11549133062362671,-0.3380436897277832,-0.0674388221748643,-0.13918322324752808,-0.417960450053215,-0.08896737166722346,-0.15902644395828247,-0.48950573801994324,-0.10424507030327845,-0.02979379892349243,-0.23409458994865417,-0.0517421289630704,-0.0435757040977478,-0.34996604919433594,-0.0832127592809968,-0.05529409646987915,-0.42945246398448944,-0.10859072574456263,-0.06679010391235352,-0.4985111653804779,-0.12473526963074733,0.023029983043670654,-0.21939438581466675,-0.06285278120120097,0.04456073045730591,-0.30920499563217163,-0.09169528254349757,0.05579894781112671,-0.3732706904411316,-0.10862683125813533,0.06027543544769287,-0.43353064358234406,-0.11986039944966365,left
0.0,0.0,0.0,-0.07974445819854736,-0.01388704776763916,-0.03503366886619119,-0.1465016007423401,-0.0784907341003418,-0.0566686759794095,-0.18888753652572632,-0.14648854732513428,-0.07510242938045053,-0.22536450624465942,-0.19999495148658752,-0.09387669294122247,-0.12007510662078857,-0.20560261607170105,-0.04497906147483377,-0.16439884901046753,-0.29878857731819153,-0.07369757025483636,-0.19106680154800415,-0.36034151911735535,-0.09539750545266656,-0.21128833293914795,-0.4181549847126007,-0.1122201117778161,-0.07100749015808105,-0.24084949493408203,-0.048845484396252914,-0.09599459171295166,-0.36122751235961914,-0.07706494211200265,-0.11100518703460693,-0.4434798061847687,-0.09913663892987756,-0.12265628576278687,-0.5170233845710754,-0.11549280165675668,-0.018434464931488037,-0.24476030468940735,-0.05665836065057306,-0.025792598724365234,-0.3669826090335846,-0.09005336790326623,-0.0304335355758667,-0.45173782110214233,-0.11609416781905679,-0.03546333312988281,-0.5252314507961273,-0.13307071804049997,0.03605133295059204,-0.2280634343624115,-0.06611784874442606,0.06358903646469116,-0.3203464150428772,-0.09622905730250864,0.0806128978729248,-0.3853582888841629,-0.11387712835315256,0.08957463502883911,-0.44570082426071167,-0.12598168431762247,left
0.0,0.0,0.0,-0.08474737405776978,-0.01879096031188965,-0.038663300421035274,-0.15400731563568115,-0.09063148498535156,-0.061194061037099345,-0.19379431009292603,-0.1677204966545105,-0.07985187574843167,-0.22821474075317383,-0.2289552390575409,-0.0986014406345248,-0.11992079019546509,-0.22161924839019775,-0.047537735398805125,-0.1595255732536316,-0.3219497799873352,-0.07564052447298764,-0.18177157640457153,-0.38989055156707764,-0.09744359060744046,-0.19680768251419067,-0.45209577679634094,-0.11530637994030712,-0.0679236650466919,-0.2541561424732208,-0.05004525437573193,-0.08862441778182983,-0.3757498264312744,-0.0778228442333102,-0.09954255819320679,-0.45927633345127106,-0.10059613242367504,-0.10689681768417358,-0.5333041846752167,-0.11847599103668927,-0.01473701000213623,-0.25385719537734985,-0.05694789692381619,-0.01673722267150879,-0.37917952239513397,-0.09168334558228253,-0.016198456287384033,-0.46621158719062805,-0.12049300476530789,-0.01620042324066162,-0.5432918965816498,-0.14021089925984143,0.039565443992614746,-0.23113664984703064,-0.06568705543497799,0.07392001152038574,-0.3210912346839905,-0.09921019032219647,0.0953437089920044,-0.38567598164081573,-0.12090838953474758,0.10845845937728882,-0.44803284108638763,-0.13650419070938824,left
0.0,0.0,0.0,-0.08519363403320312,-0.01666337251663208,-0.039942811675672374,-0.15430021286010742,-0.08956468105316162,-0.06224187413633331,-0.1933700442314148,-0.1667887270450592,-0.08027479747713073,-0.23037850856781006,-0.22513791918754578,-0.09813248316228851,-0.12271422147750854,-0.2252323031425476,-0.047849211342935405,-0.16165953874588013,-0.32732948660850525,-0.0756740043538855,-0.18332797288894653,-0.39584383368492126,-0.0973540763038443,-0.19774115085601807,-0.45922377705574036,-0.1150457854050444,-0.06957554817199707,-0.25795093178749084,-0.04961282710016235,-0.08888864517211914,-0.38266852498054504,-0.07630091855705246,-0.09758901596069336,-0.46804240345954895,-0.09800060043514236,-0.10317641496658325,-0.5441001355648041,-0.11510751346528991,-0.01501697301864624,-0.2573246359825134,-0.05599529246271118,-0.017256200313568115,-0.38434016704559326,-0.08990977654636367,-0.01569950580596924,-0.47211261093616486,-0.11779348502338394,-0.014906644821166992,-0.5493954420089722,-0.13687145660102829,0.04051941633224487,-0.23443526029586792,-0.06450777450979217,0.07574868202209473,-0.32373225688934326,-0.0976420561450766,0.09881305694580078,-0.38822662830352783,-0.11895497838438018,0.11341571807861328,-0.4503975808620453,-0.13417199204147323,left
0.0,0.0,0.0,-0.0858914852142334,-0.013736248016357422,-0.035028982519605734,-0.15648216009140015,-0.08329141139984131,-0.05547198986957369,-0.19735294580459595,-0.15763014554977417,-0.07211937344024477,-0.23519045114517212,-0.21285206079483032,-0.08861763364026842,-0.1252029538154602,-0.22162729501724243,-0.04521173199961481,-0.16667383909225464,-0.3225659132003784,-0.07230209147880373,-0.19002610445022583,-0.38936692476272583,-0.09283988511512575,-0.2075023055076599,-0.4519638568162918,-0.10936557835290728,-0.07291549444198608,-0.25483328104019165,-0.04931246077964602,-0.094340980052948,-0.37930843234062195,-0.07636097407291231,-0.10548907518386841,-0.464511901140213,-0.09761579668472109,-0.11411231756210327,-0.5415470004081726,-0.1135486025209218,-0.0185469388961792,-0.2548675835132599,-0.0574141997689992,-0.020143449306488037,-0.38006776571273804,-0.09216843134115038,-0.01851940155029297,-0.4665611535310745,-0.11972482836196718,-0.0183335542678833,-0.5432038903236389,-0.13764446562478838,0.036722004413604736,-0.23176339268684387,-0.06696203684757052,0.07216626405715942,-0.3212127685546875,-0.10000691896627245,0.09476566314697266,-0.3845039904117584,-0.11992746180246172,0.10928195714950562,-0.4454847425222397,-0.13347285574624834,left
0.0,0.0,0.0,-0.08651161193847656,-0.009868323802947998,-0.03257592465172365,-0.15751492977142334,-0.07876920700073242,-0.05234081368337229,-0.2008073329925537,-0.14993727207183838,-0.06879191915879801,-0.2414342164993286,-0.20099329948425293,-0.08515160601029947,-0.1268104910850525,-0.21465030312538147,-0.042079870359998495,-0.17237460613250732,-0.3137415051460266,-0.0688135109413679,-0.1979438066482544,-0.37930911779403687,-0.08859007130752161,-0.2165217399597168,-0.4395527243614197,-0.10387707571874216,-0.07546985149383545,-0.24923712015151978,-0.04693764518390253,-0.1002882719039917,-0.3731399178504944,-0.07448531012425974,-0.11448919773101807,-0.45954129099845886,-0.09604248474727228,-0.12479591369628906,-0.5372041463851929,-0.11123578320632532,-0.02157461643218994,-0.2501199543476105,-0.05540598999152735,-0.023789823055267334,-0.3746797740459442,-0.08963071625123575,-0.02462327480316162,-0.4610588252544403,-0.11615080456624582,-0.02581918239593506,-0.536842554807663,-0.13268568436990336,0.03360098600387573,-0.22832512855529785,-0.0650625012386854,0.06675106287002563,-0.3192221522331238,-0.09683852712998942,0.08688300848007202,-0.3834254741668701,-0.11503312061915949,0.09975415468215942,-0.4448663741350174,-0.12671371619592264,left
0.0,0.0,0.0,-0.08103501796722412,-0.003641963005065918,-0.03020373213411176,-0.1531720757484436,-0.06736987829208374,-0.04946978803099,-0.1998172402381897,-0.13129180669784546,-0.06558297614873254,-0.2402973175048828,-0.17857110500335693,-0.08195874135316217,-0.12463897466659546,-0.1996879279613495,-0.04201956506193483,-0.174391508102417,-0.29176220297813416,-0.06774624477446878,-0.2043359875679016,-0.35237768292427063,-0.08693720440686548,-0.22800606489181519,-0.4082114100456238,-0.10227428417027795,-0.07576686143875122,-0.23620450496673584,-0.04766361455739343,-0.10757172107696533,-0.3531174063682556,-0.07426312606156671,-0.12833172082901,-0.4358161687850952,-0.09564515243590677,-0.14521604776382446,-0.50932976603508,-0.1113727618318876,-0.023699820041656494,-0.23874467611312866,-0.05641193728268945,-0.030158638954162598,-0.3630158305168152,-0.08973637263596856,-0.037161827087402344,-0.44633352756500244,-0.11598098318398797,-0.044381022453308105,-0.5186651647090912,-0.13324403803170526,0.02971804141998291,-0.21725279092788696,-0.06600997637332284,0.061498403549194336,-0.30507832765579224,-0.09751296083749139,0.07810354232788086,-0.36825263500213623,-0.11600995849192941,0.08708405494689941,-0.42828869819641113,-0.1286398921471914,left
0.0,0.0,0.0,-0.08038198947906494,1.6927719116210938e-05,-0.02945222602039621,-0.1534442901611328,-0.05851024389266968,-0.048528098396957375,-0.19950741529464722,-0.11898154020309448,-0.0644383438751106,-0.2395065426826477,-0.16507494449615479,-0.08099272184819029,-0.1286545991897583,-0.1902560591697693,-0.04412911542505071,-0.18047398328781128,-0.2767648696899414,-0.07100141876190946,-0.21357226371765137,-0.3326585292816162,-0.09126036696881101,-0.2432732880115509,-0.3852100968360901,-0.1069677480384712,-0.08186852931976318,-0.22716066241264343,-0.049765438668430306,-0.1170419454574585,-0.3410155773162842,-0.07645995252579496,-0.14254820346832275,-0.4190492630004883,-0.09732063942402647,-0.16529542207717896,-0.4898392856121063,-0.112495296530426,-0.029762983322143555,-0.23073703050613403,-0.05816168420761869,-0.0426446795463562,-0.35146939754486084,-0.09011630796641157,-0.05483371019363403,-0.4325779378414154,-0.11436361902207182,-0.06696140766143799,-0.5048123896121979,-0.1303449132367973,0.024141013622283936,-0.2114320993423462,-0.06748912566155241,0.047645390033721924,-0.3007279634475708,-0.09702755593508527,0.05925172567367554,-0.3634982705116272,-0.11308085256069944,0.06415367126464844,-0.42335227131843567,-0.1239306934997444,left
0.0,0.0,0.0,-0.07984119653701782,-0.000686943531036377,-0.03195427501381687,-0.1528967022895813,-0.05891239643096924,-0.05248802298487476,-0.1991390585899353,-0.12042278051376343,-0.06964785748900226,-0.24312859773635864,-0.16369903087615967,-0.08738098436774067,-0.13362854719161987,-0.18687182664871216,-0.04656725147546581,-0.18387484550476074,-0.2707356810569763,-0.07418289923847965,-0.217404305934906,-0.3238954544067383,-0.09471149140776447,-0.24760642647743225,-0.37479639053344727,-0.11070967608870319,-0.08862638473510742,-0.2247108519077301,-0.05151012683094791,-0.12536835670471191,-0.3354058265686035,-0.08064261222065738,-0.1521531343460083,-0.41249120235443115,-0.10277541870058826,-0.1759486198425293,-0.4835585057735443,-0.1185674458164101,-0.03732877969741821,-0.22939518094062805,-0.05932835260213665,-0.05221027135848999,-0.34357696771621704,-0.09332002097548298,-0.06452763080596924,-0.4212055504322052,-0.11778468781889728,-0.07704132795333862,-0.49082517623901367,-0.13344226920784763,0.016734302043914795,-0.21311822533607483,-0.0683023198861008,0.036086320877075195,-0.3011486828327179,-0.09877883786143116,0.04633551836013794,-0.36276084184646606,-0.11500742429674915,0.0503426194190979,-0.42184877395629883,-0.12586130345047764,left
0.0,0.0,0.0,-0.08200252056121826,-0.0022929906845092773,-0.0330725862850727,-0.15525871515274048,-0.06279158592224121,-0.05416123487253799,-0.20205265283584595,-0.12537437677383423,-0.07182625599403991,-0.24565213918685913,-0.16910895705223083,-0.08983267761965408,-0.13428765535354614,-0.1889210343360901,-0.04673304327030792,-0.1850062608718872,-0.27242088317871094,-0.07494071044226303,-0.21887516975402832,-0.32511597871780396,-0.0961846328546585,-0.24945011734962463,-0.37519150972366333,-0.11267604597111358,-0.09010487794876099,-0.2284572720527649,-0.05113355361123695,-0.12808924913406372,-0.33839112520217896,-0.08067574270268096,-0.1558542251586914,-0.41502948105335236,-0.10322097607155456,-0.18122708797454834,-0.4831063449382782,-0.11951189406414642,-0.040132105350494385,-0.23541486263275146,-0.05866256647010459,-0.057105302810668945,-0.3484359383583069,-0.09232411451836242,-0.0714142918586731,-0.42579299211502075,-0.11729537613888397,-0.0864408016204834,-0.4930591285228729,-0.13354851223726882,0.012586891651153564,-0.22105321288108826,-0.06759618140955581,0.03199571371078491,-0.31117045879364014,-0.09767617948551788,0.04061317443847656,-0.37576824426651,-0.11476454056997909,0.0416417121887207,-0.43542128801345825,-0.12652650393744125,left
0.0,0.0,0.0,-0.08078610897064209,-0.009528040885925293,-0.02915205917602748,-0.15329962968826294,-0.07215690612792969,-0.04752007610446185,-0.20102733373641968,-0.1342718005180359,-0.06390925980454654,-0.2442144751548767,-0.17934775352478027,-0.08077978081351489,-0.13277143239974976,-0.19836193323135376,-0.037301087000429334,-0.18113183975219727,-0.28186577558517456,-0.06592812872773379,-0.21136265993118286,-0.33674490451812744,-0.0881802711570856,-0.2373051643371582,-0.38870736956596375,-0.10496758408194751,-0.08800989389419556,-0.23565465211868286,-0.044010737159311475,-0.12396413087844849,-0.3499530255794525,-0.07248598075753421,-0.14703887701034546,-0.42807212471961975,-0.0946594450557825,-0.16694217920303345,-0.49938079714775085,-0.11033541447764605,-0.035974204540252686,-0.243127703666687,-0.05434977001792163,-0.05095452070236206,-0.35885515809059143,-0.08682270086652011,-0.06302773952484131,-0.4377584457397461,-0.11047345883494586,-0.07573533058166504,-0.5070780515670776,-0.12524710334187716,0.019413650035858154,-0.2304425835609436,-0.06613031513339251,0.03676110506057739,-0.3225550055503845,-0.09435969329720706,0.04625755548477173,-0.3852847218513489,-0.10894007719403476,0.04792165756225586,-0.4428543895483017,-0.11834396160489291,left
0.0,0.0,0.0,-0.08024376630783081,-0.017082631587982178,-0.02790011446113283,-0.15177839994430542,-0.08505785465240479,-0.045849067895957774,-0.1968199610710144,-0.14802443981170654,-0.062099991171905344,-0.23496949672698975,-0.19553416967391968,-0.07954431864554579,-0.12649530172348022,-0.20613494515419006,-0.04007611590559179,-0.17385518550872803,-0.29548588395118713,-0.06771415266329939,-0.20336580276489258,-0.3562850058078766,-0.08860850873524839,-0.22632157802581787,-0.41106927394866943,-0.10483031514222318,-0.0784420371055603,-0.24258553981781006,-0.04743649604851896,-0.10881060361862183,-0.361346572637558,-0.07486191931302244,-0.12944531440734863,-0.4437553137540817,-0.09664995017583067,-0.14565986394882202,-0.5155348479747772,-0.11304098907048399,-0.025827109813690186,-0.24870014190673828,-0.05814134123856718,-0.03657156229019165,-0.37149418890476227,-0.09023645314509565,-0.046803951263427734,-0.4536728113889694,-0.11595821174914533,-0.05692070722579956,-0.5248789489269257,-0.13332409205968077,0.028455257415771484,-0.23340296745300293,-0.0699535438709944,0.052474021911621094,-0.3250539302825928,-0.09898587855632002,0.06628245115280151,-0.3900824040174484,-0.1160428279929846,0.07149690389633179,-0.4511373043060303,-0.12818973305756742,left
0.0,0.0,0.0,-0.07966470718383789,-0.01761692762374878,-0.03410317350630976,-0.1484399437904358,-0.08836805820465088,-0.05507883776431299,-0.1911236047744751,-0.15872642397880554,-0.07350521509056307,-0.22776544094085693,-0.2120920717716217,-0.0928082389057181,-0.11892086267471313,-0.21393150091171265,-0.0465532836735747,-0.16334635019302368,-0.3082861006259918,-0.07713118169908739,-0.1904451847076416,-0.3716992288827896,-0.10010162715320803,-0.21093899011611938,-0.4304978847503662,-0.1179292944491408,-0.06888943910598755,-0.2497415542602539,-0.051544051361133825,-0.09380817413330078,-0.37272393703460693,-0.08121027771835543,-0.11009830236434937,-0.4558127671480179,-0.10368754689102389,-0.12349998950958252,-0.5285398662090302,-0.12061789606218554,-0.015374422073364258,-0.25336402654647827,-0.060479890298893224,-0.022397160530090332,-0.37579894065856934,-0.09459528301363207,-0.027986586093902588,-0.45789317786693573,-0.12063927177791811,-0.03452390432357788,-0.5297296345233917,-0.13791256372337557,0.038912832736968994,-0.2345491647720337,-0.071216083806803,0.06788772344589233,-0.3270426392555237,-0.10229247782831408,0.08469140529632568,-0.392535001039505,-0.12066454414730288,0.09236931800842285,-0.45390790700912476,-0.13356924776439882,left
0.0,0.0,0.0,-0.08118391036987305,-0.02352231740951538,-0.03860241174371026,-0.15056121349334717,-0.09768825769424438,-0.0620582364466884,-0.19382250308990479,-0.17173251509666443,-0.08209645002753518,-0.23045051097869873,-0.22799456119537354,-0.1028321236339309,-0.11897969245910645,-0.22251158952713013,-0.05121167748839639,-0.16332882642745972,-0.3207761347293854,-0.08105637132794641,-0.1881130337715149,-0.3883849233388901,-0.10350172966391824,-0.20547735691070557,-0.45082467794418335,-0.12146756797702096,-0.06696152687072754,-0.25752949714660645,-0.054190110411951764,-0.09000658988952637,-0.38392871618270874,-0.08374908566148065,-0.10317432880401611,-0.46948060393333435,-0.10660043358475946,-0.11278492212295532,-0.5452434420585632,-0.12445910274655603,-0.012639045715332031,-0.2594955861568451,-0.06120286509067796,-0.016763627529144287,-0.38567107915878296,-0.09548664837748788,-0.020565927028656006,-0.47091981768608093,-0.1226966530051925,-0.025188207626342773,-0.545472115278244,-0.141352809962342,0.04241377115249634,-0.23866555094718933,-0.07026156782777093,0.0734403133392334,-0.32910507917404175,-0.1006675809589126,0.09280115365982056,-0.3918020874261856,-0.11925119161278985,0.10289818048477173,-0.45102445781230927,-0.13296886533171914,left
0.0,0.0,0.0,-0.08278089761734009,-0.022264838218688965,-0.039402097958173954,-0.15195536613464355,-0.0962827205657959,-0.06392695431694051,-0.19240307807922363,-0.1759595274925232,-0.0849068579553034,-0.22891777753829956,-0.23514655232429504,-0.10674685661777517,-0.11842525005340576,-0.22476738691329956,-0.05354625036105176,-0.16002047061920166,-0.3257853090763092,-0.08343176220640203,-0.18458133935928345,-0.39413803815841675,-0.10634559069856664,-0.20258277654647827,-0.4579935818910599,-0.1250561145423319,-0.06503236293792725,-0.25879329442977905,-0.05635706012233754,-0.08674907684326172,-0.3825521618127823,-0.08560819600805303,-0.10047852993011475,-0.46756865084171295,-0.10929749582990667,-0.11170917749404907,-0.543580561876297,-0.1285280701993372,-0.010522782802581787,-0.26011669635772705,-0.06306661342367192,-0.013206779956817627,-0.38703586161136627,-0.09728564743980428,-0.016420364379882812,-0.4744606614112854,-0.12596577082857152,-0.021199405193328857,-0.5512849688529968,-0.14630780791028997,0.04454392194747925,-0.23829758167266846,-0.07177806322559377,0.07877522706985474,-0.32873737812042236,-0.10302420382484456,0.0996246337890625,-0.39278554916381836,-0.12358746354564687,0.11090242862701416,-0.4534309208393097,-0.1391833541272547,left
0.0,0.0,0.0,-0.08441787958145142,-0.017973482608795166,-0.041243051873209424,-0.15547055006027222,-0.08912795782089233,-0.06588737456655736,-0.19657397270202637,-0.16730237007141113,-0.08610778837061162,-0.23160207271575928,-0.23004692792892456,-0.10659353225088353,-0.12151157855987549,-0.22220289707183838,-0.05328108905411,-0.16211163997650146,-0.3235631585121155,-0.08272125362015004,-0.18515527248382568,-0.39286647737026215,-0.10512441931820149,-0.20144188404083252,-0.4565087854862213,-0.12359411804533238,-0.06757807731628418,-0.2564007639884949,-0.05506662441945309,-0.08934080600738525,-0.37789975106716156,-0.08429200737333531,-0.1024160385131836,-0.46217501163482666,-0.1079712563619637,-0.1127091646194458,-0.5373367667198181,-0.12678183405256505,-0.01280069351196289,-0.25717470049858093,-0.061204692111971326,-0.01551896333694458,-0.3839222192764282,-0.09721399633741612,-0.016289055347442627,-0.47277243435382843,-0.12712016491747136,-0.017990291118621826,-0.5519495606422424,-0.1478918620810532,0.042739152908325195,-0.23479539155960083,-0.06922783492660756,0.0779036283493042,-0.3253995478153229,-0.1037578859791779,0.10007905960083008,-0.3909212499856949,-0.12646372406339879,0.11339747905731201,-0.45405668020248413,-0.14303444115972752,left
0.0,0.0,0.0,-0.08336347341537476,-0.014889836311340332,-0.04145799767016456,-0.15396666526794434,-0.08430403470993042,-0.06627591516613052,-0.19730305671691895,-0.15885981917381287,-0.08658890988468215,-0.23566389083862305,-0.21693015098571777,-0.10693987276195571,-0.12508410215377808,-0.22426387667655945,-0.05360636677383468,-0.16584360599517822,-0.3258199691772461,-0.08409672792791412,-0.18928277492523193,-0.3947937786579132,-0.10742398913740203,-0.20586419105529785,-0.4591968059539795,-0.12630346234678314,-0.0714406967163086,-0.2587968409061432,-0.055781869252911065,-0.0922166109085083,-0.3843224048614502,-0.08487492617010162,-0.10242438316345215,-0.47060877084732056,-0.10762491639493987,-0.1097707748413086,-0.5481303334236145,-0.12548094805120513,-0.016559898853302002,-0.2584710717201233,-0.06248470958112762,-0.01855844259262085,-0.3869880437850952,-0.09940162118314788,-0.016867876052856445,-0.4756954312324524,-0.12894601937173888,-0.016388416290283203,-0.5550585091114044,-0.14902287538885162,0.03931021690368652,-0.23446381092071533,-0.07116189416288421,0.07635664939880371,-0.32455745339393616,-0.1073858049118428,0.09982550144195557,-0.39033767580986023,-0.13037676926492736,0.11417293548583984,-0.45455504953861237,-0.1467120778167157,left
0.0,0.0,0.0,-0.08454382419586182,-0.008952617645263672,-0.04032926238090795,-0.15744060277938843,-0.07777386903762817,-0.06423585093529027,-0.2020968794822693,-0.15156859159469604,-0.08285038894922536,-0.2436884641647339,-0.20566827058792114,-0.10184572613746923,-0.12811243534088135,-0.21684393286705017,-0.05707959062368673,-0.17237913608551025,-0.3162602186203003,-0.08736657327921193,-0.19754934310913086,-0.3826277256011963,-0.11016145325214666,-0.21690583229064941,-0.4452718496322632,-0.12814894295246404,-0.07604622840881348,-0.252056747674942,-0.058765403693030294,-0.0988813042640686,-0.380107581615448,-0.08755975193292898,-0.11133712530136108,-0.46564196050167084,-0.10904397792131704,-0.12110549211502075,-0.5419655740261078,-0.12536001182110112,-0.021610021591186523,-0.2521645128726959,-0.06425268179685872,-0.023854374885559082,-0.3803706765174866,-0.10028583533079427,-0.022359013557434082,-0.46814680099487305,-0.1281570491841535,-0.021766185760498047,-0.5461209118366241,-0.1466572431376676,0.03390449285507202,-0.2286405861377716,-0.07141597545654577,0.06932765245437622,-0.32088810205459595,-0.10562846786291402,0.09274005889892578,-0.3836390972137451,-0.12572692311317724,0.10890543460845947,-0.4442269206047058,-0.1396345195821027,left
0.0,0.0,0.0,-0.08367949724197388,-0.01034635305404663,-0.035387875464806484,-0.1544278860092163,-0.07447707653045654,-0.058788822916397976,-0.20142686367034912,-0.14079517126083374,-0.07798678236926548,-0.24409419298171997,-0.1912095546722412,-0.09785569268191807,-0.12760037183761597,-0.20781075954437256,-0.0531292054327821,-0.17321985960006714,-0.3038315176963806,-0.08268963354552739,-0.20094287395477295,-0.3671918213367462,-0.10432563531125538,-0.22348809242248535,-0.42645254731178284,-0.12106548803771489,-0.07674312591552734,-0.2421770989894867,-0.05707200425590031,-0.1027752161026001,-0.3650197386741638,-0.08672949480737202,-0.11840999126434326,-0.4491381049156189,-0.10894892918790333,-0.13111764192581177,-0.5246869027614594,-0.1251257415386533,-0.02245306968688965,-0.24217718839645386,-0.06416990416968815,-0.025917768478393555,-0.36664873361587524,-0.09993365215981953,-0.02628415822982788,-0.45423686504364014,-0.1274434085460996,-0.027260780334472656,-0.531394898891449,-0.1453061159225797,0.03263866901397705,-0.2200242280960083,-0.07234358596528523,0.06526494026184082,-0.31107771396636963,-0.10495256441558354,0.08606928586959839,-0.37456318736076355,-0.1235356758805608,0.1002192497253418,-0.4351695775985718,-0.13617203193629734,left
0.0,0.0,0.0,-0.08265620470046997,-0.005351066589355469,-0.031420453351927335,-0.15500080585479736,-0.06763201951980591,-0.05170372770447784,-0.2029820680618286,-0.1299625039100647,-0.06841468335409218,-0.24485409259796143,-0.177534282207489,-0.08585515887756401,-0.1285809874534607,-0.19667351245880127,-0.04708003149647766,-0.17809003591537476,-0.28818121552467346,-0.07357634873409324,-0.20845955610275269,-0.3478143811225891,-0.09335577012319618,-0.23299360275268555,-0.40397584438323975,-0.10906628788728767,-0.07920819520950317,-0.23334181308746338,-0.051679278624249037,-0.11002033948898315,-0.3478187322616577,-0.07862030239124351,-0.13113605976104736,-0.43008196353912354,-0.10049960286636406,-0.14855462312698364,-0.5057839453220367,-0.11696022273321205,-0.026566267013549805,-0.2362036108970642,-0.05901718036551529,-0.032450735569000244,-0.35693359375,-0.09200238705892616,-0.037578284740448,-0.440173476934433,-0.11883902074117714,-0.04315805435180664,-0.5143609344959259,-0.13687503607292228,0.026998043060302734,-0.21606969833374023,-0.06718822838087135,0.058199942111968994,-0.3018465042114258,-0.09806598992366844,0.07576864957809448,-0.3632318079471588,-0.11642702938337379,0.08671718835830688,-0.42235368490219116,-0.12924722106475883,left
0.0,0.0,0.0,-0.08066564798355103,-0.0009625554084777832,-0.03196663834856395,-0.15220636129379272,-0.057843804359436035,-0.05316840537594203,-0.19864249229431152,-0.1186487078666687,-0.07089496084259395,-0.24220919609069824,-0.1644309163093567,-0.08933262207315806,-0.12996143102645874,-0.19252127408981323,-0.04605636053489093,-0.18088144063949585,-0.27877679467201233,-0.07334167935655955,-0.21386271715164185,-0.33479589223861694,-0.09374235995815638,-0.24232089519500732,-0.3890516757965088,-0.11012369074629191,-0.08313614130020142,-0.22944799065589905,-0.05124914326475505,-0.11698609590530396,-0.33951306343078613,-0.08016325958774928,-0.14074426889419556,-0.417699933052063,-0.10301369854019526,-0.16177523136138916,-0.4910975992679596,-0.1196837095241392,-0.03184014558792114,-0.23180583119392395,-0.05935649626658801,-0.040424644947052,-0.34823107719421387,-0.0942243156652296,-0.047885119915008545,-0.4294154942035675,-0.12059655465887431,-0.056103408336639404,-0.5032404363155365,-0.1378828404168928,0.021094918251037598,-0.21136021614074707,-0.06835026719377879,0.047049641609191895,-0.2962741553783417,-0.10056141444252376,0.06132858991622925,-0.35596174001693726,-0.11826059647606257,0.06934231519699097,-0.41365161538124084,-0.13027265348242167,left
0.0,0.0,0.0,-0.08071595430374146,0.00039649009704589844,-0.031585871625139816,-0.1544448733329773,-0.05279958248138428,-0.05275139530320416,-0.20122653245925903,-0.11331307888031006,-0.07028332670350323,-0.24469447135925293,-0.15859454870224,-0.08802843411584149,-0.13311606645584106,-0.1874515414237976,-0.04545390178580533,-0.1848137378692627,-0.27346494793891907,-0.07267283220906506,-0.21834057569503784,-0.3291754126548767,-0.09263940473218213,-0.24808984994888306,-0.3824215531349182,-0.1084226476134802,-0.08727794885635376,-0.22478437423706055,-0.05087684412617932,-0.12508147954940796,-0.33643317222595215,-0.0795713992895628,-0.15085101127624512,-0.41388222575187683,-0.10172847231049786,-0.1732805371284485,-0.4859546422958374,-0.11762991865296613,-0.03621482849121094,-0.22800961136817932,-0.05924510900993596,-0.048743486404418945,-0.34328338503837585,-0.0939786018909956,-0.06051057577133179,-0.42216938734054565,-0.11972613950391064,-0.07263785600662231,-0.4933251142501831,-0.136359285015061,0.017294764518737793,-0.2087116837501526,-0.06851522942204724,0.04090327024459839,-0.2931116819381714,-0.10047821273226987,0.052263617515563965,-0.3526700735092163,-0.1180574776711012,0.05669444799423218,-0.41068440675735474,-0.12982505132575284,left
0.0,0.0,0.0,-0.08118557929992676,-0.003865540027618408,-0.033532069829220745,-0.15305691957473755,-0.06378823518753052,-0.05523324554872033,-0.2006596326828003,-0.1257590651512146,-0.07364847308110711,-0.24744996428489685,-0.1686793565750122,-0.0927566269607496,-0.13043087720870972,-0.1935161054134369,-0.04679725488733766,-0.18028712272644043,-0.2781113386154175,-0.07527796721171853,-0.21335798501968384,-0.3309468626976013,-0.09708880430173394,-0.24342408776283264,-0.3824729323387146,-0.11403789168309686,-0.08512330055236816,-0.23002555966377258,-0.051601482388491604,-0.1192927360534668,-0.34180501103401184,-0.08033884113740442,-0.14450418949127197,-0.41905057430267334,-0.1024202833147001,-0.16739118099212646,-0.48986706137657166,-0.11842764711093423,-0.03431248664855957,-0.23310846090316772,-0.05974885618400094,-0.04795205593109131,-0.34956273436546326,-0.09345960414123056,-0.05909508466720581,-0.4280846118927002,-0.1184223795504522,-0.0708354115486145,-0.49859464168548584,-0.13477308845233438,0.018418312072753906,-0.21446296572685242,-0.06937156414699075,0.04041445255279541,-0.3017706871032715,-0.1004649752945852,0.05249190330505371,-0.3635137677192688,-0.11775161868047235,0.05795407295227051,-0.42231684923171997,-0.12950701808642862,left
0.0,0.0,0.0,-0.08054786920547485,-0.008726835250854492,-0.03169338769455976,-0.15202254056930542,-0.06904542446136475,-0.05183237037797994,-0.19870245456695557,-0.13266831636428833,-0.06913383296867437,-0.2418624758720398,-0.17875024676322937,-0.08657281092544622,-0.1313161849975586,-0.20203962922096252,-0.041044346906147666,-0.18025922775268555,-0.2895795702934265,-0.06868566564460821,-0.21071332693099976,-0.3445631265640259,-0.08995164177557058,-0.23786377906799316,-0.39680418372154236,-0.1062344013824088,-0.08505213260650635,-0.23837515711784363,-0.0464800297393424,-0.11791568994522095,-0.35350501537323,-0.07421329609294958,-0.13993394374847412,-0.4319709539413452,-0.09602372340103216,-0.15941911935806274,-0.5037009716033936,-0.11156436792751379,-0.03268557786941528,-0.242710679769516,-0.05548060677190847,-0.043999314308166504,-0.359786719083786,-0.08780895910402364,-0.05350834131240845,-0.43891291320323944,-0.11216775319715566,-0.06369823217391968,-0.5095009207725525,-0.12780079982420034,0.02245950698852539,-0.22543329000473022,-0.06594894073148794,0.04413032531738281,-0.3137505352497101,-0.0950899123324973,0.056438148021698,-0.3749980628490448,-0.11077784738679952,0.061744093894958496,-0.4325060695409775,-0.12101263544698782,left
0.0,0.0,0.0,-0.0800294280052185,-0.0122719407081604,-0.030232811239784496,-0.15062469244003296,-0.07512015104293823,-0.0493395848993714,-0.1931944489479065,-0.13946503400802612,-0.06596497435612036,-0.2303796112537384,-0.19026905298233032,-0.0830954312209542,-0.12341398000717163,-0.20667368173599243,-0.04086662445706679,-0.17046105861663818,-0.2979676127433777,-0.06855190534633948,-0.19944405555725098,-0.3581054210662842,-0.08953723300737693,-0.22313398122787476,-0.4135197401046753,-0.10549987096828772,-0.075625479221344,-0.2401818037033081,-0.04698811088246657,-0.10560274124145508,-0.3579823970794678,-0.07480403025192572,-0.1253703236579895,-0.4402666240930557,-0.09704879660648658,-0.14148181676864624,-0.5144513845443726,-0.11304299522680594,-0.022870779037475586,-0.2429092526435852,-0.05651844282192542,-0.03164130449295044,-0.36054325103759766,-0.08865168679994895,-0.03902620077133179,-0.4420173615217209,-0.11346467573685004,-0.046440184116363525,-0.5136735141277313,-0.12961060543102576,0.031892478466033936,-0.22434338927268982,-0.06739287067694022,0.05561339855194092,-0.31309080123901367,-0.09679627407831504,0.06986445188522339,-0.37533658742904663,-0.11296819139761283,0.07735496759414673,-0.4338834881782532,-0.1235903276924546,left
0.0,0.0,0.0,-0.07941192388534546,-0.020447909832000732,-0.03442925768345617,-0.14512622356414795,-0.09198451042175293,-0.05508227454870962,-0.18607401847839355,-0.16565072536468506,-0.07260441588610433,-0.22353756427764893,-0.22128921747207642,-0.09018333064764761,-0.11668610572814941,-0.2214221954345703,-0.04198274197429441,-0.1568637490272522,-0.31847602128982544,-0.07003911393135809,-0.1793842315673828,-0.38318002223968506,-0.09166031139344,-0.19562458992004395,-0.4433230757713318,-0.10855132149904989,-0.06574684381484985,-0.2530575394630432,-0.046090377442538966,-0.08688348531723022,-0.37798625230789185,-0.0736065040752294,-0.09853684902191162,-0.46268972754478455,-0.09553193854540609,-0.10752856731414795,-0.537259429693222,-0.1116425375863912,-0.012243151664733887,-0.25262174010276794,-0.05417652981728338,-0.014802813529968262,-0.376286119222641,-0.08742347913235449,-0.01579040288925171,-0.46016113460063934,-0.11315240519493841,-0.018136918544769287,-0.5327939987182617,-0.12983067142218374,0.04213076829910278,-0.23030424118041992,-0.06393054681271337,0.0740540623664856,-0.3180535137653351,-0.09436518507450842,0.09302717447280884,-0.3800995349884033,-0.11187013792246603,0.10360777378082275,-0.43869248032569885,-0.12369423168152593,left
0.0,0.0,0.0,-0.08338379859924316,-0.015959620475769043,-0.04092907278425173,-0.1511516571044922,-0.08779597282409668,-0.06422365947253184,-0.19084447622299194,-0.16489726305007935,-0.08257213725335077,-0.22902053594589233,-0.22137221693992615,-0.10102802260405497,-0.11998504400253296,-0.21854496002197266,-0.05145865424162821,-0.15942275524139404,-0.3159184753894806,-0.08033989860302881,-0.181410014629364,-0.38191694021224976,-0.10334015383011774,-0.19737017154693604,-0.44411812722682953,-0.12182507409340815,-0.06852763891220093,-0.25070837140083313,-0.05214595540053324,-0.08844083547592163,-0.37179386615753174,-0.07932974888569788,-0.09853076934814453,-0.4558326303958893,-0.10140749557501749,-0.10588288307189941,-0.5318542122840881,-0.11857614411599116,-0.0154762864112854,-0.24995410442352295,-0.05706119655258135,-0.01903003454208374,-0.37322622537612915,-0.09043896688706354,-0.018518686294555664,-0.45886756479740143,-0.11772866292483286,-0.01871633529663086,-0.5342751443386078,-0.1363055084515281,0.03841876983642578,-0.22730609774589539,-0.06410209579951243,0.07075005769729614,-0.3148634135723114,-0.09623601032978968,0.09177106618881226,-0.37673839926719666,-0.11623941107279734,0.10562396049499512,-0.43586766719818115,-0.13037030144221262,left
0.0,0.0,0.0,-0.08259588479995728,-0.0156707763671875,-0.04356698485563015,-0.1517045497894287,-0.08407652378082275,-0.06917823644826626,-0.19337999820709229,-0.15794885158538818,-0.08961295130202984,-0.22882628440856934,-0.21895834803581238,-0.10986660214612698,-0.11983650922775269,-0.21887949109077454,-0.055145932161309474,-0.15758687257766724,-0.31908708810806274,-0.0842160561914227,-0.17903655767440796,-0.385093092918396,-0.10638787391135907,-0.19403570890426636,-0.44712303578853607,-0.12435298206756329,-0.06706243753433228,-0.24968454241752625,-0.05506506355951046,-0.08370494842529297,-0.37102192640304565,-0.08239535036037182,-0.09106630086898804,-0.45320363342761993,-0.10367671194026684,-0.09565752744674683,-0.5271295607089996,-0.12056571038911557,-0.013697981834411621,-0.24638718366622925,-0.05955927612731671,-0.013971388339996338,-0.3708339333534241,-0.09417290034244274,-0.01121598482131958,-0.455119326710701,-0.12222017886588787,-0.0092582106590271,-0.5305482447147369,-0.14152989330241894,0.04031258821487427,-0.220747172832489,-0.06629225405404782,0.07631915807723999,-0.3058234453201294,-0.10057162287185406,0.09960061311721802,-0.36690160632133484,-0.12266859205911373,0.1151990294456482,-0.4266785979270935,-0.13841975274036145,left
0.0,0.0,0.0,-0.08184075355529785,-0.015140414237976074,-0.043974618840309176,-0.15158438682556152,-0.0827028751373291,-0.07074764319071392,-0.19297319650650024,-0.15565234422683716,-0.09241965361246685,-0.2293492555618286,-0.21664351224899292,-0.11418901332029918,-0.11967742443084717,-0.22111526131629944,-0.057826838868948016,-0.1563512086868286,-0.3222770094871521,-0.0880654374540768,-0.1768752932548523,-0.38777899742126465,-0.11030624755034069,-0.19083648920059204,-0.4489685446023941,-0.12789414771208385,-0.06607156991958618,-0.2505647540092468,-0.05839647300848583,-0.08029639720916748,-0.3740118741989136,-0.0867158988893948,-0.0857577919960022,-0.4565912336111069,-0.10797221161732296,-0.0880739688873291,-0.530564695596695,-0.12464635022291759,-0.011532366275787354,-0.2453882098197937,-0.0636046449125729,-0.00962156057357788,-0.3699350953102112,-0.09912510164389232,-0.004402220249176025,-0.4539829343557358,-0.12743717380175212,0.00039690732955932617,-0.5285118818283081,-0.14677378483423809,0.04369485378265381,-0.21836012601852417,-0.07104159839758495,0.07960212230682373,-0.30483120679855347,-0.10575649835476497,0.1041828989982605,-0.3647812604904175,-0.12761175580629924,0.12159156799316406,-0.42317914962768555,-0.1431220317662678,left
0.0,0.0,0.0,-0.0836072564125061,-0.010865986347198486,-0.04042197238834433,-0.15218442678451538,-0.07910197973251343,-0.0647786914947801,-0.19357633590698242,-0.15097033977508545,-0.08428031053574614,-0.23544740676879883,-0.20563113689422607,-0.10459292527468733,-0.1192980408668518,-0.21241837739944458,-0.05637520399125151,-0.15796273946762085,-0.312104731798172,-0.08620188977749876,-0.17833828926086426,-0.3777688443660736,-0.10800026949675612,-0.19174480438232422,-0.43962281942367554,-0.12525375034840636,-0.06726562976837158,-0.24237027764320374,-0.058293393218832534,-0.08459407091140747,-0.36805689334869385,-0.08777287449868254,-0.09131038188934326,-0.4513959288597107,-0.11012193408043913,-0.09411418437957764,-0.5282048285007477,-0.12680999782116942,-0.013231039047241211,-0.2381671965122223,-0.06402004357607893,-0.01147758960723877,-0.3621152639389038,-0.09992758777173094,-0.005601346492767334,-0.44653820991516113,-0.12807500209839873,0.00048404932022094727,-0.5221045017242432,-0.1467455610278421,0.041286587715148926,-0.21267426013946533,-0.07149553891451887,0.07419806718826294,-0.29906949400901794,-0.10568269189627699,0.09755653142929077,-0.35800784826278687,-0.12613256123097472,0.11517143249511719,-0.41491296887397766,-0.14015677418740324,left
0.0,0.0,0.0,-0.08263802528381348,-0.008716702461242676,-0.03610270714301578,-0.15176498889923096,-0.0723370909690857,-0.05943868925709239,-0.19445377588272095,-0.13965755701065063,-0.07843300571579448,-0.23649734258651733,-0.18879008293151855,-0.0980097415103387,-0.12365084886550903,-0.20187997817993164,-0.05304640402931682,-0.1656585931777954,-0.2988743782043457,-0.08120436092752925,-0.1880331039428711,-0.36124658584594727,-0.10168423375029079,-0.2039428949356079,-0.42086082696914673,-0.11778356006283275,-0.07230478525161743,-0.23408010601997375,-0.055904379691071426,-0.09387260675430298,-0.3550632894039154,-0.08464871218342296,-0.10508716106414795,-0.43811145424842834,-0.1071059318437051,-0.11220914125442505,-0.5151802897453308,-0.1237675609244775,-0.018777549266815186,-0.23251622915267944,-0.061666271294541275,-0.017940282821655273,-0.35500651597976685,-0.09562976529736034,-0.015514254570007324,-0.43778863549232483,-0.12201460322279445,-0.012883901596069336,-0.510989785194397,-0.13949001451868526,0.03476196527481079,-0.2093430757522583,-0.06866934766907207,0.06650722026824951,-0.2937687933444977,-0.09997983893293849,0.08733624219894409,-0.3529885709285736,-0.11795909574169627,0.10294145345687866,-0.4100877046585083,-0.13020596524614803,left
0.0,0.0,0.0,-0.08232218027114868,-0.0057642459869384766,-0.032875501303720966,-0.15275710821151733,-0.06645268201828003,-0.05355508321409275,-0.19678997993469238,-0.13088083267211914,-0.07069747218375255,-0.23828357458114624,-0.17968535423278809,-0.0881178013372903,-0.12442857027053833,-0.19643348455429077,-0.043872487484264866,-0.17011219263076782,-0.28928351402282715,-0.06934911826138546,-0.19737505912780762,-0.34855514764785767,-0.08815216341500332,-0.21824496984481812,-0.4051608443260193,-0.10315609791760494,-0.07520186901092529,-0.23028627038002014,-0.047905360101509586,-0.10273683071136475,-0.34459343552589417,-0.07410437682156612,-0.11965066194534302,-0.42429956793785095,-0.09538920292143871,-0.13217443227767944,-0.4988006353378296,-0.11110218682770778,-0.023417949676513672,-0.2310153841972351,-0.05510880121474315,-0.026111841201782227,-0.34906601905822754,-0.08745314249281932,-0.027999579906463623,-0.4276583194732666,-0.11247267642502834,-0.030061841011047363,-0.49840497970581055,-0.12887930938487102,0.028998196125030518,-0.20982754230499268,-0.06347799369578411,0.05677109956741333,-0.29205256700515747,-0.09382134744410564,0.07431948184967041,-0.348671019077301,-0.11076134511714031,0.0863223671913147,-0.40343302488327026,-0.12206863680367519,left
0.0,0.0,0.0,-0.08146721124649048,-0.006187736988067627,-0.03135886751866224,-0.15135353803634644,-0.06432002782821655,-0.051396540932415746,-0.1962915062904358,-0.12424492835998535,-0.0683760415837753,-0.23739928007125854,-0.17069870233535767,-0.08570561521506193,-0.1255914568901062,-0.1922864317893982,-0.04106496983027341,-0.17498356103897095,-0.28081491589546204,-0.06816974245762708,-0.2053479552268982,-0.3375769257545471,-0.08838644587254407,-0.2297717034816742,-0.3918754458427429,-0.10414101891970517,-0.07912182807922363,-0.22601479291915894,-0.04626234211778524,-0.11089915037155151,-0.33553430438041687,-0.07443733476853254,-0.13142770528793335,-0.41357332468032837,-0.09660284184670331,-0.1478930115699768,-0.4871315062046051,-0.11238525771355512,-0.028755903244018555,-0.22812113165855408,-0.0549354810342777,-0.036858320236206055,-0.34214022755622864,-0.08828528188919904,-0.043155550956726074,-0.4205084443092346,-0.11283899807190778,-0.04918050765991211,-0.49226847290992737,-0.12869693302369,0.023165643215179443,-0.20860761404037476,-0.0648173537180412,0.04681283235549927,-0.289119690656662,-0.09536662661290052,0.061185598373413086,-0.34542959928512573,-0.1116567622945297,0.07024866342544556,-0.40089893341064453,-0.12239465826010587,left
0.0,0.0,0.0,-0.0772562026977539,-0.0026336312294006348,-0.03178654094156741,-0.14733898639678955,-0.058551251888275146,-0.052359296427340496,-0.19274622201919556,-0.11735451221466064,-0.06958390627917765,-0.2339131236076355,-0.16188496351242065,-0.08711947356280803,-0.12362015247344971,-0.18707275390625,-0.04345407937583445,-0.1732797622680664,-0.27126312255859375,-0.07118220482882975,-0.20451033115386963,-0.32726535201072693,-0.09182876949128627,-0.23055267333984375,-0.3800458312034607,-0.10779742752131938,-0.07801693677902222,-0.22211164236068726,-0.048465935931773174,-0.11331212520599365,-0.3290480375289917,-0.07708033774909495,-0.1367279291152954,-0.4058573842048645,-0.09886725847539424,-0.1560404896736145,-0.47733163833618164,-0.11436144118127345,-0.02829664945602417,-0.2247934341430664,-0.05682800938305377,-0.04039508104324341,-0.33609539270401,-0.09031665925797938,-0.050312817096710205,-0.41220220923423767,-0.11428886507567881,-0.05970340967178345,-0.4810899794101715,-0.12979294215259074,0.023400485515594482,-0.20530247688293457,-0.06648252014932154,0.04508942365646362,-0.2864375710487366,-0.09703934793290614,0.05541515350341797,-0.34474214911460876,-0.11355634634313105,0.05984485149383545,-0.40197044610977173,-0.12460856740293025,left
0.0,0.0,0.0,-0.07912606000900269,-0.007380425930023193,-0.03482991597766727,-0.1481316089630127,-0.06887274980545044,-0.05586949131603092,-0.19125163555145264,-0.1325560212135315,-0.07354675746674388,-0.23219656944274902,-0.17963695526123047,-0.09132691241021007,-0.12691515684127808,-0.20125332474708557,-0.04280996463413089,-0.17489135265350342,-0.2901730537414551,-0.07023159927840084,-0.20465964078903198,-0.34578195214271545,-0.09102146095747798,-0.2303471863269806,-0.3982916474342346,-0.10697915918345302,-0.07998818159103394,-0.2352186143398285,-0.046111790008495745,-0.10950905084609985,-0.34598907828330994,-0.07325562602991909,-0.1291072964668274,-0.42266976833343506,-0.09470493114704936,-0.14629817008972168,-0.49179622530937195,-0.11035874254221767,-0.0292813777923584,-0.23690974712371826,-0.05336330971832126,-0.03855162858963013,-0.34869152307510376,-0.0852654627632603,-0.046059608459472656,-0.426040381193161,-0.1098418063592419,-0.05451697111129761,-0.4946209490299225,-0.12596276170725673,0.023463070392608643,-0.21790775656700134,-0.06242229185218662,0.046423494815826416,-0.3030989170074463,-0.09135195381159633,0.05918961763381958,-0.36244189739227295,-0.1078462875556454,0.06489551067352295,-0.41831663250923157,-0.11911685533041805,left
0.0,0.0,0.0,-0.07866531610488892,-0.01144099235534668,-0.03636078492243655,-0.14431673288345337,-0.07430440187454224,-0.05881907746632464,-0.18599164485931396,-0.1419486403465271,-0.07718846157629855,-0.2248280644416809,-0.19323769211769104,-0.09568183079798587,-0.11919510364532471,-0.2019302248954773,-0.04642466411431201,-0.16200637817382812,-0.29171788692474365,-0.07416938201029666,-0.18872201442718506,-0.3517740070819855,-0.09566839740116961,-0.21115481853485107,-0.40852048993110657,-0.11234664127667315,-0.07123500108718872,-0.23506441712379456,-0.04888241693814166,-0.09613209962844849,-0.3494518995285034,-0.07577526525099643,-0.11345565319061279,-0.428874671459198,-0.09723278835852511,-0.12900054454803467,-0.5003101229667664,-0.1129299844845093,-0.020842909812927246,-0.23559242486953735,-0.05488961145718463,-0.02665531635284424,-0.35142645239830017,-0.08669659451086886,-0.03156781196594238,-0.43116989731788635,-0.110878288303212,-0.03829550743103027,-0.5013124942779541,-0.1266709189160622,0.030352473258972168,-0.2143837809562683,-0.06264226839383014,0.05616903305053711,-0.2991983890533447,-0.09167749390442737,0.07036501169204712,-0.3591095209121704,-0.10759358063776858,0.07737290859222412,-0.41537973284721375,-0.11827847317297824,left
0.0,0.0,0.0,-0.07786482572555542,-0.012945473194122314,-0.038006330501502816,-0.14308089017868042,-0.0786135196685791,-0.06101592503136999,-0.18244975805282593,-0.14937907457351685,-0.07931515447444326,-0.21875572204589844,-0.20288175344467163,-0.09765747807568914,-0.11560803651809692,-0.20847013592720032,-0.0500518592411936,-0.15512287616729736,-0.30156171321868896,-0.07785145066327459,-0.17871862649917603,-0.36349746584892273,-0.09966491780824072,-0.1980312466621399,-0.42172349989414215,-0.11662609003133184,-0.06619220972061157,-0.2386597990989685,-0.051029952835506265,-0.08666503429412842,-0.3549148440361023,-0.07751992962903387,-0.1001046895980835,-0.43528538942337036,-0.09868096433228857,-0.11176443099975586,-0.5070652663707733,-0.11448155216521627,-0.01505434513092041,-0.2368496060371399,-0.055460235696500604,-0.017700672149658203,-0.3542550802230835,-0.08699126414603597,-0.019246995449066162,-0.4358348548412323,-0.11157327018327123,-0.02177649736404419,-0.5074617266654968,-0.12780977658576376,0.036609113216400146,-0.2138512134552002,-0.061722467314666574,0.06638264656066895,-0.29765942692756653,-0.0908640312368334,0.08354103565216064,-0.35853999853134155,-0.10750558845347769,0.09446287155151367,-0.4166745990514755,-0.1188457222992838,left
0.0,0.0,0.0,-0.08171021938323975,-0.016821444034576416,-0.042270820511845386,-0.14828580617904663,-0.08275765180587769,-0.06758660442974929,-0.18810194730758667,-0.15524005889892578,-0.08808004475977782,-0.2252737283706665,-0.213395893573761,-0.10856017835286025,-0.11676269769668579,-0.21418702602386475,-0.052206810487774646,-0.1547066569328308,-0.3095729947090149,-0.08127169675972823,-0.17645889520645142,-0.3736931085586548,-0.10365425415184859,-0.19138336181640625,-0.43320780992507935,-0.1212897635236061,-0.06593924760818481,-0.24339726567268372,-0.05234407998469237,-0.08334523439407349,-0.36064690351486206,-0.07916912056353453,-0.09180682897567749,-0.4412728101015091,-0.1002512834205902,-0.09708130359649658,-0.5127181112766266,-0.1166583485141075,-0.014282524585723877,-0.240054190158844,-0.05704381309297446,-0.016779959201812744,-0.3583821952342987,-0.0894226244821823,-0.015284836292266846,-0.4387633800506592,-0.11538765199330214,-0.0140455961227417,-0.5092339515686035,-0.13324700660851363,0.03827381134033203,-0.21583682298660278,-0.06415035195496444,0.06927704811096191,-0.30003488063812256,-0.09521537639048461,0.08996790647506714,-0.35841846466064453,-0.11458764590170745,0.10402822494506836,-0.4144483804702759,-0.12834863729622725,left
0.0,0.0,0.0,-0.07883214950561523,-0.01553267240524292,-0.04582076591523787,-0.14585185050964355,-0.08145982027053833,-0.07340794873508116,-0.18608814477920532,-0.15426558256149292,-0.09559119564565322,-0.22122806310653687,-0.21600735187530518,-0.11778289151462218,-0.11345529556274414,-0.2157006859779358,-0.059000619473778215,-0.14946842193603516,-0.313973605632782,-0.08919824731620452,-0.16917085647583008,-0.3792171776294708,-0.1115892387655606,-0.18184316158294678,-0.4395374655723572,-0.12926199358972212,-0.06177628040313721,-0.24393230676651,-0.057775896760546175,-0.07553458213806152,-0.3643025755882263,-0.08592156392606398,-0.08038771152496338,-0.4446662962436676,-0.1070869199660649,-0.08159863948822021,-0.5161392688751221,-0.12377068472179076,-0.009356915950775146,-0.2383669912815094,-0.06116139215501448,-0.007203280925750732,-0.35976189374923706,-0.09519349855455062,-0.0017288923263549805,-0.44054746627807617,-0.12197335881265303,0.003120899200439453,-0.5116758644580841,-0.14044711810620925,0.04372906684875488,-0.21185708045959473,-0.06707156521352431,0.07760685682296753,-0.29627105593681335,-0.0999407179382672,0.10102760791778564,-0.3534548282623291,-0.12050920051606795,0.11773818731307983,-0.408569872379303,-0.13515804034742018,left
0.0,0.0,0.0,-0.07942813634872437,-0.009678423404693604,-0.040726307202476164,-0.1474224328994751,-0.06972020864486694,-0.06765372993459096,-0.18977731466293335,-0.13611727952957153,-0.08944189490784993,-0.22719091176986694,-0.19202572107315063,-0.11178435327519765,-0.11333358287811279,-0.2010536789894104,-0.060512713510888716,-0.15090203285217285,-0.30012211203575134,-0.09091348888387074,-0.17151468992233276,-0.363528847694397,-0.11261673213948598,-0.18462330102920532,-0.42317092418670654,-0.129372767527002,-0.0624922513961792,-0.23012757301330566,-0.06081724481691708,-0.07682865858078003,-0.35057273507118225,-0.09044156165828099,-0.08253371715545654,-0.43045246601104736,-0.11217132898082127,-0.08410501480102539,-0.5047064423561096,-0.12842362316359868,-0.009941577911376953,-0.22625982761383057,-0.06443127187003483,-0.004047572612762451,-0.3481980562210083,-0.09882964881171574,0.004135608673095703,-0.42917388677597046,-0.12477039488067021,0.012775123119354248,-0.5011303722858429,-0.14206907840480199,0.04259622097015381,-0.2019103765487671,-0.06970752717961659,0.07662081718444824,-0.28465476632118225,-0.10213573219289174,0.10058784484863281,-0.3404276967048645,-0.12078070582856526,0.12005823850631714,-0.394059956073761,-0.1333388605903565,left
0.0,0.0,0.0,-0.07808595895767212,-0.0024660229682922363,-0.034075377134513474,-0.1452544927597046,-0.058868587017059326,-0.05752407163186035,-0.18848258256912231,-0.12040388584136963,-0.07651770636243782,-0.23066580295562744,-0.16615670919418335,-0.09612767919702492,-0.11873745918273926,-0.18811827898025513,-0.05203081071181259,-0.15987330675125122,-0.2816035747528076,-0.0782848797718998,-0.18422597646713257,-0.3430194854736328,-0.0970207132379528,-0.202691912651062,-0.39881807565689087,-0.11163882687492332,-0.06903266906738281,-0.21780109405517578,-0.05505706891221962,-0.08954155445098877,-0.3325164020061493,-0.0812758408467289,-0.10201287269592285,-0.4116552770137787,-0.10232914015455208,-0.11066728830337524,-0.4843341112136841,-0.11801672503156624,-0.017312705516815186,-0.21525675058364868,-0.060568989811372376,-0.015314757823944092,-0.3340686559677124,-0.09299674406452141,-0.01202327013015747,-0.41462475061416626,-0.11824507787628136,-0.008411884307861328,-0.4857545495033264,-0.13506261780662498,0.03423267602920532,-0.19215381145477295,-0.06690849885148964,0.06545501947402954,-0.2761204242706299,-0.09746508076591454,0.08717840909957886,-0.33116936683654785,-0.11386815234823189,0.10444504022598267,-0.38368725776672363,-0.12482478245897255,left
0.0,0.0,0.0,-0.07649236917495728,-0.0004538297653198242,-0.0326670817425736,-0.1453598141670227,-0.05265963077545166,-0.05424707376866422,-0.19131463766098022,-0.11023032665252686,-0.07196022936611257,-0.2346089482307434,-0.15331023931503296,-0.08997360238342367,-0.12233275175094604,-0.18092620372772217,-0.045408207862664085,-0.16909021139144897,-0.2661275565624237,-0.07049496838359914,-0.19817280769348145,-0.32238930463790894,-0.08917383471040807,-0.22222834825515747,-0.3747261166572571,-0.10405282297639928,-0.07573133707046509,-0.2153635025024414,-0.048703767298746925,-0.10506516695022583,-0.32270488142967224,-0.07438258448152624,-0.12399661540985107,-0.39808976650238037,-0.09555407979993902,-0.13963347673416138,-0.4680251181125641,-0.11115060368089758,-0.025759756565093994,-0.2170916497707367,-0.05470845842270933,-0.03199881315231323,-0.3283729553222656,-0.08604565629272543,-0.03546351194381714,-0.4055388569831848,-0.11069114127664648,-0.03887897729873657,-0.47552916407585144,-0.127102989642907,0.024981677532196045,-0.19777750968933105,-0.06171689176468931,0.0505366325378418,-0.27588099241256714,-0.09106163301973424,0.06635606288909912,-0.3293096423149109,-0.10706060001163564,0.07716721296310425,-0.38087573647499084,-0.11778431007175527,left
0.0,0.0,0.0,-0.07727682590484619,-0.001119077205657959,-0.03425262841079757,-0.14666372537612915,-0.052732646465301514,-0.05592001574729011,-0.19185465574264526,-0.11007916927337646,-0.07373470040653274,-0.23456615209579468,-0.15240609645843506,-0.09207613738868758,-0.12632966041564941,-0.17926651239395142,-0.04681109237168357,-0.17733687162399292,-0.25846225023269653,-0.07427671524379775,-0.20976895093917847,-0.31066402792930603,-0.09498096230123565,-0.23755481839179993,-0.36159563064575195,-0.11109418394659087,-0.0824286937713623,-0.2150018811225891,-0.049948386574726555,-0.11689579486846924,-0.31848403811454773,-0.07819124283884094,-0.14130693674087524,-0.3925516605377197,-0.09994453164432571,-0.16223394870758057,-0.4623216390609741,-0.1155768034109883,-0.033842384815216064,-0.21894556283950806,-0.05627081143353507,-0.04664158821105957,-0.32641151547431946,-0.08908306779954955,-0.05796051025390625,-0.40034252405166626,-0.1131295931587033,-0.06930285692214966,-0.4669509828090668,-0.12862239005659148,0.017188847064971924,-0.2023267149925232,-0.06407286199424789,0.036471426486968994,-0.2820393741130829,-0.09354323866460845,0.04672980308532715,-0.3379664421081543,-0.10951851281021163,0.05139845609664917,-0.39133456349372864,-0.12016669633482024,left
0.0,0.0,0.0,-0.07816016674041748,-0.008696794509887695,-0.03654876862501055,-0.1450367569923401,-0.06652027368545532,-0.06009208549593836,-0.18880325555801392,-0.13028424978256226,-0.07946666468714625,-0.22904139757156372,-0.17939332127571106,-0.09911412139271647,-0.1205301284790039,-0.194056898355484,-0.04898551245068461,-0.1654389500617981,-0.28214699029922485,-0.07738669355248362,-0.1931406855583191,-0.34084421396255493,-0.0990663333687678,-0.2165117859840393,-0.3965212106704712,-0.11576966334914118,-0.07345402240753174,-0.22789844870567322,-0.0512854955050841,-0.10027235746383667,-0.34025365114212036,-0.0793415768895045,-0.11880320310592651,-0.4186907112598419,-0.1015334068689242,-0.13540339469909668,-0.49026668071746826,-0.11762388189171702,-0.023436367511749268,-0.22968867421150208,-0.056891707226981225,-0.029962897300720215,-0.34265685081481934,-0.08924581994151026,-0.03516662120819092,-0.4226199984550476,-0.1141572683009997,-0.04194706678390503,-0.49348676204681396,-0.13043559481238276,0.027767717838287354,-0.21054476499557495,-0.06413324315880686,0.05256795883178711,-0.29361778497695923,-0.09311193366383463,0.06578713655471802,-0.3514581322669983,-0.10912990708683878,0.07203292846679688,-0.4057080149650574,-0.11990987648104579,left
0.0,0.0,0.0,-0.07861018180847168,-0.01471942663192749,-0.04178300463814821,-0.14487653970718384,-0.07626855373382568,-0.06780084931511965,-0.18634909391403198,-0.14488255977630615,-0.08912070059437838,-0.22282379865646362,-0.20068469643592834,-0.1106980141367444,-0.11594951152801514,-0.210943341255188,-0.0550005395080575,-0.1549428105354309,-0.30469661951065063,-0.08565381133217898,-0.1785680651664734,-0.36805465817451477,-0.10917852782864657,-0.19633334875106812,-0.4267507791519165,-0.12749171220917788,-0.06567728519439697,-0.2424241602420807,-0.055512398120356465,-0.08484554290771484,-0.357761025428772,-0.08401467615027514,-0.09553050994873047,-0.43663547933101654,-0.10585029387135592,-0.10329246520996094,-0.5063788294792175,-0.12269404494423952,-0.014315009117126465,-0.2406889796257019,-0.06030641087551203,-0.015423238277435303,-0.3583914637565613,-0.09414041006226626,-0.014302670955657959,-0.4385647773742676,-0.12091300600428667,-0.013930201530456543,-0.5091298222541809,-0.1391859199966916,0.03755384683609009,-0.21693000197410583,-0.06730543785948839,0.06955176591873169,-0.300203800201416,-0.09954281115193453,0.0891827940940857,-0.35833364725112915,-0.11944281273741808,0.10164940357208252,-0.4137761890888214,-0.13346993887086,left
0.0,0.0,0.0,-0.08050346374511719,-0.014423370361328125,-0.044244915107015004,-0.1488727331161499,-0.07814931869506836,-0.07066651792240464,-0.19070297479629517,-0.14842736721038818,-0.09190426380348526,-0.2268086075782776,-0.20747500658035278,-0.11305258036566102,-0.11662733554840088,-0.21306726336479187,-0.055519804218533864,-0.1539013385772705,-0.30994275212287903,-0.08482350767565094,-0.17444175481796265,-0.37450024485588074,-0.10702329487514817,-0.18792998790740967,-0.4344472438097,-0.12466316283655487,-0.06473338603973389,-0.24314817786216736,-0.0549185684413942,-0.08071267604827881,-0.35965749621391296,-0.0824313721151384,-0.08774113655090332,-0.4400278627872467,-0.10378402830076539,-0.09153985977172852,-0.5123872756958008,-0.12048416198206269,-0.012251436710357666,-0.24020683765411377,-0.05895304665875756,-0.013090968132019043,-0.3586260676383972,-0.09272201717806183,-0.009632468223571777,-0.43992799520492554,-0.11990610123586976,-0.006439030170440674,-0.5124013125896454,-0.13853593529177033,0.04093801975250244,-0.21616792678833008,-0.06540513397169434,0.07296258211135864,-0.29914385080337524,-0.09798732758474671,0.09515684843063354,-0.3564623296260834,-0.11852877945614182,0.1107746958732605,-0.4121166169643402,-0.13310277820539795,left
0.0,0.0,0.0,-0.08169794082641602,-0.009495973587036133,-0.03933992871770897,-0.1498585343360901,-0.07154601812362671,-0.0637459296895031,-0.19152116775512695,-0.13927501440048218,-0.08314490208158531,-0.2304629683494568,-0.19352203607559204,-0.10315698275098839,-0.11677432060241699,-0.20211705565452576,-0.056065785528517154,-0.15586644411087036,-0.29874104261398315,-0.0849173952055935,-0.1770707368850708,-0.36207956075668335,-0.10584361741075554,-0.19103622436523438,-0.42187947034835815,-0.12226368376741448,-0.0657230019569397,-0.232598215341568,-0.05724394956359902,-0.08307027816772461,-0.35376209020614624,-0.08575714269409218,-0.09108513593673706,-0.43427199125289917,-0.10716403165588417,-0.09530043601989746,-0.5087821781635284,-0.12308580318222084,-0.012994349002838135,-0.22987544536590576,-0.06190388167033234,-0.01122218370437622,-0.34986281394958496,-0.0960376475168232,-0.00655442476272583,-0.4310939610004425,-0.12255263963470497,-0.0019107460975646973,-0.5032208859920502,-0.1401195291591648,0.03984922170639038,-0.20605888962745667,-0.06819739827642479,0.07082408666610718,-0.28970736265182495,-0.10034879931936302,0.09210795164108276,-0.3472055494785309,-0.11941262224445381,0.10809290409088135,-0.40249109268188477,-0.1323940370393757,left
0.0,0.0,0.0,-0.08095526695251465,-0.007948577404022217,-0.03979008248455784,-0.15025991201400757,-0.06751811504364014,-0.064396813273504,-0.19470030069351196,-0.1330353021621704,-0.08409376418597958,-0.2357192039489746,-0.18300259113311768,-0.10431187576062939,-0.1199566125869751,-0.19674652814865112,-0.05453174909956715,-0.1628308892250061,-0.2872322201728821,-0.08296435302503369,-0.18744581937789917,-0.3482308089733124,-0.10441351658113263,-0.2059226632118225,-0.40643733739852905,-0.12145517742641232,-0.07116526365280151,-0.22910061478614807,-0.05526155954606793,-0.09448510408401489,-0.34295305609703064,-0.08328335708387158,-0.10750526189804077,-0.4223719835281372,-0.10478797531135342,-0.11744803190231323,-0.49656811356544495,-0.12108491337306759,-0.019952714443206787,-0.2285228967666626,-0.05962619906671307,-0.022463083267211914,-0.34422916173934937,-0.09295780187852642,-0.022338449954986572,-0.42395249009132385,-0.11916527128227017,-0.022972047328948975,-0.4952721893787384,-0.13674317276485226,0.032344162464141846,-0.20727115869522095,-0.06583153432615063,0.060979366302490234,-0.290483683347702,-0.09674889570482037,0.07953792810440063,-0.346691370010376,-0.11526907956607602,0.09234321117401123,-0.4005669951438904,-0.12818160629279873,left
0.0,0.0,0.0,-0.08001440763473511,-0.00826960802078247,-0.03608929927995064,-0.1478314995765686,-0.0676645040512085,-0.05900801907827713,-0.19015580415725708,-0.13279688358306885,-0.07707297246506073,-0.22804683446884155,-0.18311768770217896,-0.09549761753132202,-0.11776667833328247,-0.19298672676086426,-0.05266293327858307,-0.15896809101104736,-0.28411245346069336,-0.07918781976749756,-0.18272870779037476,-0.34416839480400085,-0.0985416788940654,-0.20069533586502075,-0.4012018144130707,-0.1139842961316333,-0.06907689571380615,-0.22473981976509094,-0.053979994762443084,-0.09193593263626099,-0.33744150400161743,-0.08147451471140243,-0.10592347383499146,-0.41520261764526367,-0.10247231464435913,-0.11662179231643677,-0.4880785644054413,-0.11812278072883942,-0.018545985221862793,-0.2240103781223297,-0.058129513669513244,-0.019638478755950928,-0.3386463522911072,-0.09079784344484665,-0.02125030755996704,-0.4175540804862976,-0.11646658371736862,-0.023819804191589355,-0.4870561957359314,-0.13341298888971664,0.03244483470916748,-0.20236578583717346,-0.06351053159286835,0.061567068099975586,-0.2849077582359314,-0.09349467049887039,0.07768023014068604,-0.34175994992256165,-0.11133744012167313,0.08746099472045898,-0.3959786593914032,-0.12356215905001022,left
0.0,0.0,0.0,-0.06747400760650635,-0.03345519304275513,-0.03398993787641302,-0.12312471866607666,-0.11105597019195557,-0.05433773425693289,-0.15436989068984985,-0.17587655782699585,-0.07498546866054312,-0.18030637502670288,-0.23285460472106934,-0.09019952443713919,-0.08353638648986816,-0.21048474311828613,-0.045140014861772215,-0.10535937547683716,-0.243960440158844,-0.09040866223449484,-0.09519785642623901,-0.16534024477005005,-0.1091136204945542,-0.0874212384223938,-0.09897094964981079,-0.11358417746896521,-0.03286498785018921,-0.2172122597694397,-0.045887550239513075,-0.05112546682357788,-0.23683738708496094,-0.10461370078201071,-0.044920384883880615,-0.13493794202804565,-0.11973309693212286,-0.040875911712646484,-0.0604853630065918,-0.11899972883338705,0.017330825328826904,-0.20791739225387573,-0.052618542586515105,0.007535159587860107,-0.24244433641433716,-0.10949373421544806,0.0009012222290039062,-0.15208035707473755,-0.11200435635919348,-0.0055315494537353516,-0.07914990186691284,-0.0996313783275582,0.06113457679748535,-0.19218486547470093,-0.061644429241368925,0.09276241064071655,-0.2581028342247009,-0.10151514587278143,0.12268972396850586,-0.29394328594207764,-0.11432303664560095,0.1449180245399475,-0.3284338712692261,-0.11650316593522803,right
0.0,0.0,0.0,-0.0681072473526001,-0.03011620044708252,-0.025672289966735207,-0.12373477220535278,-0.10379713773727417,-0.04302305491188463,-0.15545248985290527,-0.1636987328529358,-0.0632538436494201,-0.18186736106872559,-0.21631765365600586,-0.07907845215419229,-0.08878737688064575,-0.20587992668151855,-0.027912374078425728,-0.11397689580917358,-0.2379869818687439,-0.06793179498532709,-0.10604649782180786,-0.16068756580352783,-0.08564522252896722,-0.09694039821624756,-0.095428466796875,-0.08935636417487558,-0.0391765832901001,-0.21314752101898193,-0.031021439894232117,-0.06119215488433838,-0.22918570041656494,-0.08252760903457101,-0.05501526594161987,-0.1305416226387024,-0.09752188013413843,-0.05060219764709473,-0.057427048683166504,-0.09713727371314462,0.011357486248016357,-0.2053837776184082,-0.039349493994507156,-0.002855956554412842,-0.24415194988250732,-0.08904006467679437,-0.009745359420776367,-0.1527543067932129,-0.08983235941747125,-0.015986502170562744,-0.0820809006690979,-0.07687571035245355,0.0558091402053833,-0.19071054458618164,-0.049373769625219666,0.08250439167022705,-0.2571040987968445,-0.07941918210605081,0.10912227630615234,-0.2923564314842224,-0.0861032991252273,0.1285463571548462,-0.3302576541900635,-0.08462929861167368,right
0.0,0.0,0.0,-0.0648646354675293,-0.028853654861450195,-0.02535384612588132,-0.12147647142410278,-0.10445833206176758,-0.04194889495579446,-0.1566845178604126,-0.16287678480148315,-0.06171907762495721,-0.18905025720596313,-0.2129153609275818,-0.07787981162277902,-0.09234511852264404,-0.20732975006103516,-0.02546651939360345,-0.11816650629043579,-0.23276609182357788,-0.06671823839155877,-0.11419785022735596,-0.15952199697494507,-0.08824456761090005,-0.10833984613418579,-0.0956609845161438,-0.09465175399986947,-0.04456984996795654,-0.21726149320602417,-0.028450417318026666,-0.0677342414855957,-0.2230343222618103,-0.07953547964302743,-0.06234961748123169,-0.12470865249633789,-0.09528924802748406,-0.056472718715667725,-0.050513505935668945,-0.09545570144859994,0.005790770053863525,-0.20911633968353271,-0.03703779632655824,-0.01085585355758667,-0.2417805790901184,-0.0873187286636039,-0.017455101013183594,-0.15158557891845703,-0.0893963454147979,-0.02084648609161377,-0.07902681827545166,-0.07664566765038217,0.05105304718017578,-0.19434040784835815,-0.04720394591299737,0.07614904642105103,-0.26124829053878784,-0.07821181694475854,0.09767913818359375,-0.2993484437465668,-0.08547566364018166,0.1122056245803833,-0.33727729320526123,-0.08387944380251611,right
0.0,0.0,0.0,-0.06862109899520874,-0.027942419052124023,-0.022088252774608463,-0.12965530157089233,-0.10198527574539185,-0.03770793492270741,-0.16918182373046875,-0.1621209979057312,-0.057696568614971966,-0.20376530289649963,-0.21063321828842163,-0.07382691914511952,-0.10302430391311646,-0.2002239227294922,-0.017970309428108067,-0.13351160287857056,-0.23982608318328857,-0.05641777703834805,-0.1258806586265564,-0.16924184560775757,-0.07431517804337773,-0.11561840772628784,-0.1092987060546875,-0.0781696539588097,-0.055442869663238525,-0.21111756563186646,-0.022542766130698055,-0.08359193801879883,-0.22275912761688232,-0.0736019712157372,-0.07182031869888306,-0.1250213384628296,-0.09017497564030919,-0.061424851417541504,-0.053647398948669434,-0.09026909137440953,-0.004770219326019287,-0.20741355419158936,-0.032379816121590466,-0.025164365768432617,-0.24405521154403687,-0.0806788828439835,-0.029180586338043213,-0.1565011739730835,-0.08345932031346592,-0.03085935115814209,-0.08811724185943604,-0.07137301082087788,0.04150933027267456,-0.19846707582473755,-0.04369865620805058,0.06520932912826538,-0.2675817608833313,-0.07089998090935978,0.08725643157958984,-0.3091455101966858,-0.0773263078398827,0.10190194845199585,-0.3523235321044922,-0.075753676540387,right
0.0,0.0,0.0,-0.06876885890960693,-0.030091464519500732,-0.021039162355179997,-0.13074660301208496,-0.10845053195953369,-0.03803253598761103,-0.17302823066711426,-0.1676485538482666,-0.06024014629673502,-0.21364200115203857,-0.21208930015563965,-0.0794306626195862,-0.10019123554229736,-0.19941258430480957,-0.01804579101752779,-0.12907671928405762,-0.22426044940948486,-0.05978450976562044,-0.11592614650726318,-0.14545702934265137,-0.08329935424279711,-0.1000712513923645,-0.08241981267929077,-0.0906507080073311,-0.05409425497055054,-0.21020770072937012,-0.024253538402433605,-0.08097189664840698,-0.21727430820465088,-0.07432790898036501,-0.06540119647979736,-0.12023711204528809,-0.09251897089433214,-0.05286359786987305,-0.048603594303131104,-0.09448544733476183,-0.003970801830291748,-0.2067074179649353,-0.035723325389142246,-0.02205902338027954,-0.242034912109375,-0.08179502986621401,-0.021642088890075684,-0.1500130295753479,-0.0839872216458275,-0.020261526107788086,-0.07753956317901611,-0.07176291995000383,0.042169928550720215,-0.19775444269180298,-0.04906942747783205,0.06522864103317261,-0.27265435457229614,-0.07268950395535967,0.09131187200546265,-0.3151298463344574,-0.07651704602193377,0.11077821254730225,-0.3578590154647827,-0.07357957266520998,right
0.0,0.0,0.0,-0.07058513164520264,-0.027955234050750732,-0.022930452724608585,-0.13379377126693726,-0.10673683881759644,-0.04094481853178422,-0.17633795738220215,-0.16441673040390015,-0.06346590084365289,-0.21670550107955933,-0.20416170358657837,-0.08276835841468255,-0.1017611026763916,-0.1944056749343872,-0.02689816256395261,-0.12642139196395874,-0.20988816022872925,-0.06976129872134607,-0.10599404573440552,-0.12768560647964478,-0.09187539679339807,-0.08469486236572266,-0.06559985876083374,-0.09844201070598046,-0.05445539951324463,-0.2067180871963501,-0.033180363600763485,-0.07485532760620117,-0.2157987356185913,-0.08689378214410226,-0.056069791316986084,-0.11957377195358276,-0.10507724446586053,-0.04202735424041748,-0.046836018562316895,-0.10682060581973474,-0.0034071803092956543,-0.20633870363235474,-0.04437387747100274,-0.017377853393554688,-0.24544328451156616,-0.09406175476840417,-0.014333128929138184,-0.15118199586868286,-0.09699710470965783,-0.01186603307723999,-0.07645946741104126,-0.08483226609757821,0.04326909780502319,-0.19973868131637573,-0.05740700302055757,0.0684388279914856,-0.2776893973350525,-0.08394180995753686,0.09745955467224121,-0.32066142559051514,-0.08951658022931497,0.12017041444778442,-0.3643161356449127,-0.08775505435994546,right
0.0,0.0,0.0,-0.07564836740493774,-0.02644050121307373,-0.021793528442685783,-0.14121752977371216,-0.10515165328979492,-0.03808277377993363,-0.18253469467163086,-0.16401255130767822,-0.058368164097373665,-0.2222571074962616,-0.20229476690292358,-0.07584729323298234,-0.10375779867172241,-0.19647741317749023,-0.025849475508039177,-0.12632781267166138,-0.20677411556243896,-0.0650003207674672,-0.10351961851119995,-0.12491786479949951,-0.08629354367167252,-0.07999712228775024,-0.06441736221313477,-0.09387257227808732,-0.055294573307037354,-0.20987194776535034,-0.03206428418070573,-0.0735771656036377,-0.2202467918395996,-0.08281989673287171,-0.05531388521194458,-0.12591904401779175,-0.10049303898722428,-0.04088890552520752,-0.0529552698135376,-0.10297552773863572,-0.003938913345336914,-0.21014541387557983,-0.04278992021590966,-0.015619099140167236,-0.2521783411502838,-0.09064834842592973,-0.014101862907409668,-0.1631145477294922,-0.0940189165821721,-0.0115928053855896,-0.08878540992736816,-0.08310024717957276,0.04360586404800415,-0.20330810546875,-0.05521534288436669,0.07043766975402832,-0.28327709436416626,-0.08159990141302842,0.09950745105743408,-0.3303109407424927,-0.08813271949202317,0.12318038940429688,-0.37599143385887146,-0.08773371854931611,right
0.0,0.0,0.0,-0.07665073871612549,-0.03009873628616333,-0.026128359959443515,-0.14052355289459229,-0.11507236957550049,-0.04222251184376091,-0.1812790036201477,-0.1802714467048645,-0.06026880152614922,-0.2193690538406372,-0.22774991393089294,-0.07409650914462418,-0.09647774696350098,-0.2227853238582611,-0.020216668845137065,-0.10777020454406738,-0.22204935550689697,-0.05355629406960816,-0.08488786220550537,-0.14295852184295654,-0.07315217040570587,-0.06569802761077881,-0.08430719375610352,-0.08078097634108872,-0.04741936922073364,-0.23727497458457947,-0.023263162822445338,-0.058428943157196045,-0.23276561498641968,-0.06822588376792282,-0.04144996404647827,-0.13937944173812866,-0.08544226817878098,-0.029465913772583008,-0.06733560562133789,-0.08820669435056061,0.0025972723960876465,-0.23385050892829895,-0.031098638550361102,-0.0003883838653564453,-0.2585577070713043,-0.07522305928262085,0.00032150745391845703,-0.17265468835830688,-0.07853055082352967,0.0012937188148498535,-0.1012689471244812,-0.0681411706665358,0.048395633697509766,-0.22001677751541138,-0.041126006172021334,0.08066260814666748,-0.2945447862148285,-0.06575511477979035,0.1111556887626648,-0.3394026458263397,-0.0707036712029776,0.1356656551361084,-0.38233768939971924,-0.06904736243279785,right
0.0,0.0,0.0,-0.07793891429901123,-0.0282895565032959,-0.030496808635518846,-0.14274519681930542,-0.11888974905014038,-0.04685315576426774,-0.18302476406097412,-0.18643444776535034,-0.06423498776786118,-0.22399187088012695,-0.23074406385421753,-0.07660373386971742,-0.09560048580169678,-0.22205454111099243,-0.024556639539525804,-0.10400128364562988,-0.22150009870529175,-0.06349168059460908,-0.08211880922317505,-0.13709425926208496,-0.0860927933179596,-0.06461262702941895,-0.07524782419204712,-0.09498735603921205,-0.04453253746032715,-0.23678797483444214,-0.02622179773680955,-0.05283856391906738,-0.23637419939041138,-0.07535602239005357,-0.03983563184738159,-0.13614654541015625,-0.09267024782531053,-0.029738187789916992,-0.06288254261016846,-0.09474105474583894,0.006245255470275879,-0.23197215795516968,-0.033915650966093835,0.006970882415771484,-0.2530587911605835,-0.08249980297915727,0.0052721500396728516,-0.16323471069335938,-0.08468325522773057,0.0037258267402648926,-0.09064573049545288,-0.0724129461967209,0.05218684673309326,-0.2182796597480774,-0.04431251895658761,0.08797681331634521,-0.294283926486969,-0.07270929303996354,0.1192556619644165,-0.33970749378204346,-0.07867283460728913,0.14434552192687988,-0.38175708055496216,-0.07708754477135926,right
0.0,0.0,0.0,-0.07556581497192383,-0.028267085552215576,-0.02577149914236543,-0.13811010122299194,-0.11056143045425415,-0.04202167177231786,-0.1770879030227661,-0.17345595359802246,-0.060498042494373294,-0.21691638231277466,-0.21599435806274414,-0.0752401822212505,-0.09518373012542725,-0.21725523471832275,-0.024832433551864597,-0.11228197813034058,-0.21113425493240356,-0.06379056209357259,-0.09017586708068848,-0.12929248809814453,-0.08681176835330007,-0.06779813766479492,-0.07027935981750488,-0.09581667417319295,-0.04533165693283081,-0.22940844297409058,-0.029044131279306384,-0.06072908639907837,-0.22056180238723755,-0.07744381809266088,-0.0447535514831543,-0.12458688020706177,-0.0945849441889095,-0.03077685832977295,-0.05488407611846924,-0.09689238154919622,0.00509333610534668,-0.22337323427200317,-0.03844202542336461,0.0006290674209594727,-0.23884916305541992,-0.08659116411240575,0.0014207959175109863,-0.15215355157852173,-0.08973190420897481,0.003916561603546143,-0.08315002918243408,-0.07796065741808889,0.05139482021331787,-0.2095400094985962,-0.04996793949635503,0.0845792293548584,-0.2863890528678894,-0.07732401275666234,0.11512130498886108,-0.33310452103614807,-0.08277437323363301,0.1412968635559082,-0.37620484828948975,-0.08060655975373265,right
0.0,0.0,0.0,-0.0743250846862793,-0.02734839916229248,-0.026370643901714175,-0.13874322175979614,-0.10317593812942505,-0.04545806467820057,-0.1789809763431549,-0.158100426197052,-0.0671382968156422,-0.2190569043159485,-0.19805890321731567,-0.08480974033761868,-0.10186511278152466,-0.2099490761756897,-0.03154123321462521,-0.12949633598327637,-0.20258837938308716,-0.07228716954875836,-0.10502046346664429,-0.1152346134185791,-0.09421741709400067,-0.08088964223861694,-0.05293792486190796,-0.10173693046260723,-0.05489069223403931,-0.22222840785980225,-0.035900798889883845,-0.07870900630950928,-0.20797371864318848,-0.08649024859357723,-0.05741679668426514,-0.11288368701934814,-0.10398668542791256,-0.040993332862854004,-0.04385566711425781,-0.10665392622638592,-0.005271196365356445,-0.21517479419708252,-0.04483711466480145,-0.022308647632598877,-0.23627012968063354,-0.09252317741800198,-0.016103088855743408,-0.14654970169067383,-0.0948552911012257,-0.009457409381866455,-0.07646846771240234,-0.08352853104759106,0.03993314504623413,-0.1988062858581543,-0.0559640315203751,0.06352424621582031,-0.27273765206336975,-0.08236545071292767,0.09148067235946655,-0.3193886876106262,-0.08774265393901715,0.11454617977142334,-0.36607658863067627,-0.08611302569795498,right
0.0,0.0,0.0,-0.07485085725784302,-0.02662205696105957,-0.026224424350743902,-0.13955211639404297,-0.10748475790023804,-0.044227515566831244,-0.18051809072494507,-0.16797971725463867,-0.06540862958479465,-0.22023630142211914,-0.20865517854690552,-0.0827863488678986,-0.09944415092468262,-0.20499378442764282,-0.025978879291301382,-0.12289810180664062,-0.21359983086585999,-0.06609434377003254,-0.10036700963973999,-0.1309671401977539,-0.08726331334162296,-0.07708436250686646,-0.07217037677764893,-0.09408030401516498,-0.05153721570968628,-0.21738585829734802,-0.030552786994462622,-0.07309228181838989,-0.22131681442260742,-0.08185259740400852,-0.052857160568237305,-0.12712055444717407,-0.09913052361059727,-0.03733372688293457,-0.057589173316955566,-0.10032374154377521,-0.0024453401565551758,-0.21573036909103394,-0.04030424471545757,-0.016514062881469727,-0.24933171272277832,-0.08844022195387424,-0.01118534803390503,-0.1613878607749939,-0.09138338010359348,-0.005526244640350342,-0.09162503480911255,-0.07921662669230045,0.042776525020599365,-0.20708173513412476,-0.05234243090797008,0.06805890798568726,-0.2836541533470154,-0.07730704288530887,0.0954025387763977,-0.33018621802330017,-0.08213099579859318,0.11735844612121582,-0.3762795925140381,-0.0799251918082291,right
0.0,0.0,0.0,-0.07354146242141724,-0.030584752559661865,-0.02472078368447228,-0.1366782784461975,-0.11305767297744751,-0.04113287791989251,-0.1786041259765625,-0.17798179388046265,-0.060892700556735235,-0.21323955059051514,-0.22608640789985657,-0.07692595139525338,-0.09512096643447876,-0.21391484141349792,-0.023143758405069548,-0.10963219404220581,-0.23101606965065002,-0.061373814348200995,-0.0896521806716919,-0.14980202913284302,-0.08126204029105111,-0.0709916353225708,-0.0847858190536499,-0.08753673300526543,-0.04537707567214966,-0.22794628143310547,-0.02765618764243527,-0.05824637413024902,-0.24141377210617065,-0.07850615993521615,-0.04215484857559204,-0.14394670724868774,-0.09649065450213357,-0.030977308750152588,-0.06859487295150757,-0.0983320431449215,0.004970192909240723,-0.2284976840019226,-0.03725786820433541,0.002519547939300537,-0.2708887457847595,-0.08673054293177529,0.0034467577934265137,-0.17864573001861572,-0.0915481926538746,0.004161953926086426,-0.10208100080490112,-0.08066799804947777,0.05068087577819824,-0.2205146849155426,-0.04871704742691918,0.08710014820098877,-0.2932557761669159,-0.07769455328963204,0.12021493911743164,-0.33636343479156494,-0.08591248408339425,0.146558940410614,-0.3811977505683899,-0.0859457732775013,right
0.0,0.0,0.0,-0.07733863592147827,-0.0321769118309021,-0.031544192288379236,-0.14226514101028442,-0.12248015403747559,-0.05063693091676669,-0.18559598922729492,-0.19247859716415405,-0.07143710047409968,-0.2264266014099121,-0.24055445194244385,-0.08771670848534541,-0.09155875444412231,-0.2194523811340332,-0.027478280071477457,-0.1003274917602539,-0.2312101125717163,-0.06777284533188777,-0.08045846223831177,-0.14748018980026245,-0.08990169555352168,-0.06388205289840698,-0.0832872986793518,-0.09782064199850993,-0.04077881574630737,-0.2320173978805542,-0.029022113014320894,-0.047528743743896484,-0.24341756105422974,-0.080566878024797,-0.035841524600982666,-0.14373552799224854,-0.09847797692225413,-0.02725929021835327,-0.06822150945663452,-0.10039245576069789,0.010589063167572021,-0.22919487953186035,-0.03649219736860232,0.013466596603393555,-0.2666810154914856,-0.08584601670906977,0.00985485315322876,-0.17565959692001343,-0.08799278229878382,0.0062868595123291016,-0.10109210014343262,-0.07542523235485987,0.0568583607673645,-0.21767312288284302,-0.04667080432579951,0.09440845251083374,-0.29439783096313477,-0.07328491151736216,0.1271909475326538,-0.33817508816719055,-0.07829336315796809,0.15321016311645508,-0.3816109299659729,-0.0762791806499763,right
0.0,0.0,0.0,-0.07531565427780151,-0.030267298221588135,-0.028777166857992142,-0.1387559175491333,-0.1187903881072998,-0.046853646292959183,-0.1825130581855774,-0.1847456693649292,-0.06681163574722859,-0.22445166110992432,-0.22682154178619385,-0.08259557898310277,-0.08989399671554565,-0.21696650981903076,-0.026810163288985223,-0.10222268104553223,-0.2247079610824585,-0.06610690768030736,-0.08322393894195557,-0.13939177989959717,-0.08839225734737965,-0.06611549854278564,-0.07336127758026123,-0.09685599769619557,-0.038913190364837646,-0.2302546501159668,-0.02985805425015542,-0.04993981122970581,-0.2372359037399292,-0.08031362260845754,-0.03825253248214722,-0.1349780559539795,-0.09827784414557073,-0.028497934341430664,-0.05836367607116699,-0.10064186866549107,0.012224555015563965,-0.22626149654388428,-0.03832390125063512,0.010869860649108887,-0.25817522406578064,-0.086596704676424,0.007151365280151367,-0.16742485761642456,-0.08888823504713628,0.004057586193084717,-0.0930556058883667,-0.07698336954382512,0.057751357555389404,-0.21410125494003296,-0.04927789385584447,0.09484386444091797,-0.29042017459869385,-0.07596044208077046,0.12735861539840698,-0.3357525169849396,-0.08117882873085591,0.15288162231445312,-0.3791711926460266,-0.07957324351338002,right
0.0,0.0,0.0,-0.07633018493652344,-0.029485046863555908,-0.02725772319479347,-0.14126843214035034,-0.11128157377243042,-0.045066512582138785,-0.18388375639915466,-0.17115622758865356,-0.06514987295611263,-0.22376692295074463,-0.2147189974784851,-0.08138643896324993,-0.09835696220397949,-0.21373248100280762,-0.02994523143513561,-0.1247357726097107,-0.2099129557609558,-0.06797086393578411,-0.10226327180862427,-0.12369900941848755,-0.08798618560774685,-0.07890480756759644,-0.06189990043640137,-0.09462439214928509,-0.0495758056640625,-0.22617584466934204,-0.033197864351109274,-0.07058566808700562,-0.21543538570404053,-0.08165474182112575,-0.05317485332489014,-0.12069475650787354,-0.0983855122898376,-0.03889375925064087,-0.05081760883331299,-0.1007051089976585,0.000883638858795166,-0.22035914659500122,-0.041133231875733145,-0.011296212673187256,-0.2443048357963562,-0.08819469755633236,-0.008364856243133545,-0.15477490425109863,-0.09124100154383541,-0.004483699798583984,-0.08270221948623657,-0.08030702864869,0.04672956466674805,-0.20618373155593872,-0.05128051286681057,0.07559174299240112,-0.27973365783691406,-0.07808390950901867,0.1063697338104248,-0.3230913281440735,-0.08403527682764889,0.13211840391159058,-0.36489856243133545,-0.08257036602242351,right
0.0,0.0,0.0,-0.07561057806015015,-0.026579976081848145,-0.028317538962198796,-0.1412217617034912,-0.10600864887237549,-0.04721101367516667,-0.1830849051475525,-0.16382700204849243,-0.06838933372540623,-0.22412431240081787,-0.20378059148788452,-0.08520945900721699,-0.10147446393966675,-0.21051406860351562,-0.031066378519369664,-0.13002514839172363,-0.20834672451019287,-0.07268790894789845,-0.1057664155960083,-0.12002193927764893,-0.09498371923012883,-0.08088207244873047,-0.058350563049316406,-0.10272787505431324,-0.05389374494552612,-0.22336381673812866,-0.03454728046102673,-0.07866537570953369,-0.21342283487319946,-0.08687163138432652,-0.057397544384002686,-0.11709582805633545,-0.1042197122578159,-0.04007488489151001,-0.04792070388793945,-0.10612013185067326,-0.0038768649101257324,-0.21729373931884766,-0.043248385131789746,-0.021577835083007812,-0.24383118748664856,-0.09265895926995427,-0.016644835472106934,-0.15409106016159058,-0.0948159321550861,-0.010737001895904541,-0.0833854079246521,-0.08267330372376591,0.041227638721466064,-0.20268696546554565,-0.05438148224396855,0.06754142045974731,-0.2766725420951843,-0.08241754764361531,0.09610134363174438,-0.3230397701263428,-0.08872639381928593,0.11903631687164307,-0.36971819400787354,-0.08728735888047368,right
0.0,0.0,0.0,-0.07622313499450684,-0.02688974142074585,-0.028559151329773158,-0.14209681749343872,-0.10446810722351074,-0.04884803969480345,-0.18366676568984985,-0.16341513395309448,-0.07212596315957853,-0.2241605520248413,-0.20479917526245117,-0.09132094610549757,-0.1023949384689331,-0.206587016582489,-0.02980116684057066,-0.1293773055076599,-0.21418803930282593,-0.07147193629361936,-0.10640817880630493,-0.1287083625793457,-0.09330492395974943,-0.08178967237472534,-0.0689128041267395,-0.10054995793916532,-0.05426681041717529,-0.22020375728607178,-0.033930423893707484,-0.07906341552734375,-0.22082489728927612,-0.08659505773402998,-0.05854618549346924,-0.12725746631622314,-0.1044998608908827,-0.041972577571868896,-0.05822300910949707,-0.10628688264705488,-0.00481867790222168,-0.21809816360473633,-0.04338221181251356,-0.0223730206489563,-0.24940770864486694,-0.09193570096113035,-0.016987204551696777,-0.16151219606399536,-0.09528852928497145,-0.01030421257019043,-0.0917961597442627,-0.08373004872419187,0.04080849885940552,-0.20791178941726685,-0.05538538027622053,0.06405335664749146,-0.28387635946273804,-0.08080822158672163,0.09056228399276733,-0.33144116401672363,-0.08656751293756315,0.1123579740524292,-0.37926632165908813,-0.0851400860033209,right
0.0,0.0,0.0,-0.07739782333374023,-0.025945067405700684,-0.02674246288802351,-0.14364570379257202,-0.10514682531356812,-0.04616447620060171,-0.1862282156944275,-0.1673034429550171,-0.06911368750002111,-0.22750139236450195,-0.2074563205242157,-0.08846680901910986,-0.10285753011703491,-0.20230960845947266,-0.026748319044372693,-0.12510168552398682,-0.22102311253547668,-0.0675917201485845,-0.10362052917480469,-0.13962769508361816,-0.08974397264387335,-0.08191436529159546,-0.07799643278121948,-0.09720502130653585,-0.0546107292175293,-0.21596264839172363,-0.030967441275379315,-0.07396233081817627,-0.22994178533554077,-0.08312732063200201,-0.05480468273162842,-0.1345927119255066,-0.10107698373462881,-0.04074054956436157,-0.061886727809906006,-0.10272412084009375,-0.004200637340545654,-0.21718177199363708,-0.040337425544521466,-0.016878366470336914,-0.2611423432826996,-0.08787082962658133,-0.014027774333953857,-0.17095977067947388,-0.090011724158785,-0.010936260223388672,-0.0984145998954773,-0.07768156461384024,0.04246634244918823,-0.2102123498916626,-0.05209288455512251,0.06804829835891724,-0.2881143093109131,-0.07577184669639792,0.09438985586166382,-0.3347209095954895,-0.07976777933504309,0.11448729038238525,-0.3817257583141327,-0.07740368775989737,right
0.0,0.0,0.0,-0.07490706443786621,-0.029805779457092285,-0.02595537888925037,-0.1389862298965454,-0.11249083280563354,-0.04336662578504047,-0.18247580528259277,-0.17739760875701904,-0.06356552231233081,-0.22322458028793335,-0.2207840085029602,-0.07936191546838245,-0.09769594669342041,-0.2243371605873108,-0.01884248281936607,-0.10790228843688965,-0.2387712001800537,-0.05609223234574756,-0.08785438537597656,-0.15856093168258667,-0.07747566687982044,-0.07056725025177002,-0.09588271379470825,-0.08545917260568103,-0.049567341804504395,-0.2364049255847931,-0.022983683153199763,-0.059770166873931885,-0.2501956522464752,-0.07161804276626071,-0.04453575611114502,-0.15385639667510986,-0.08982541400115451,-0.032223403453826904,-0.08076494932174683,-0.09240263688485584,0.0006812810897827148,-0.23343363404273987,-0.0326134710304018,-0.0012378096580505371,-0.27805283665657043,-0.07944962370316944,-0.0017526745796203613,-0.19134503602981567,-0.08354224252622089,-0.000887453556060791,-0.11848872900009155,-0.07319946575086078,0.047119081020355225,-0.22095876932144165,-0.04440337034981212,0.08262181282043457,-0.2972530722618103,-0.07053624826590976,0.11341637372970581,-0.34319496154785156,-0.07715710240523777,0.1377105712890625,-0.3892361521720886,-0.07680428016107044,right
0.0,0.0,0.0,-0.07620841264724731,-0.03188788890838623,-0.03043879013290507,-0.1404552459716797,-0.12258034944534302,-0.047793347423578325,-0.18335098028182983,-0.1930559277534485,-0.0663439669065724,-0.22566914558410645,-0.23689347505569458,-0.0800809972338925,-0.0922776460647583,-0.22248294949531555,-0.028358563815856996,-0.09629857540130615,-0.24234360456466675,-0.06833762306501967,-0.07556462287902832,-0.15960967540740967,-0.0902498998098622,-0.05899250507354736,-0.0944133996963501,-0.09855581450989348,-0.04201561212539673,-0.23531505465507507,-0.030152134632373873,-0.045345842838287354,-0.2556937336921692,-0.08150111514856917,-0.03391295671463013,-0.1540541648864746,-0.09898366410067183,-0.02481365203857422,-0.07700932025909424,-0.10095984119703871,0.008855879306793213,-0.23330584168434143,-0.03785288337400061,0.01492542028427124,-0.2760797441005707,-0.08657873797943694,0.012225091457366943,-0.1854678988456726,-0.08963361013462645,0.009191632270812988,-0.10871338844299316,-0.07849692929318053,0.05447739362716675,-0.22268259525299072,-0.048202112352157656,0.09385758638381958,-0.3028483986854553,-0.076544109766985,0.12657678127288818,-0.3484867215156555,-0.08432740349104506,0.15227365493774414,-0.3914903402328491,-0.08482946831514937,right
0.0,0.0,0.0,-0.07991057634353638,-0.030650556087493896,-0.03326817650844305,-0.1466655135154724,-0.11771494150161743,-0.0524008763258621,-0.1902865171432495,-0.1894739866256714,-0.07199893195678442,-0.23292940855026245,-0.23538655042648315,-0.08638143588353842,-0.09483599662780762,-0.2166604995727539,-0.035973955435053995,-0.10172444581985474,-0.23001855611801147,-0.07444544185449331,-0.07967430353164673,-0.14650201797485352,-0.09224706192065923,-0.06427544355392456,-0.08211666345596313,-0.09817404348899572,-0.04399210214614868,-0.23131340742111206,-0.036554415268199136,-0.050588786602020264,-0.2506205141544342,-0.08859942157317846,-0.04008185863494873,-0.14721465110778809,-0.10410630006839483,-0.032546401023864746,-0.06902015209197998,-0.10514053006221502,0.006654143333435059,-0.23102819919586182,-0.04268410478283613,0.009617149829864502,-0.2656712234020233,-0.09316967476655691,0.006333529949188232,-0.17178314924240112,-0.09479179282237737,0.002391338348388672,-0.0939188003540039,-0.08283605475475042,0.05194002389907837,-0.2210521697998047,-0.051551189762847116,0.09163057804107666,-0.2986343801021576,-0.08270036478091924,0.12637799978256226,-0.3414662182331085,-0.0909966458802387,0.1539101004600525,-0.3813020884990692,-0.09181040574361532,right
0.0,0.0,0.0,-0.0773160457611084,-0.029770076274871826,-0.03198678541582467,-0.14245086908340454,-0.1190614104270935,-0.05129702884357812,-0.1866445541381836,-0.18946564197540283,-0.07173516351383569,-0.23019173741340637,-0.23474669456481934,-0.08739406365555169,-0.09130579233169556,-0.2195134162902832,-0.03149824339550378,-0.10244172811508179,-0.22533994913101196,-0.07190871733826043,-0.08187764883041382,-0.1386510729789734,-0.09291576344173791,-0.06501471996307373,-0.07404392957687378,-0.10040998953979852,-0.04045182466506958,-0.23343795537948608,-0.033163761083301324,-0.050043463706970215,-0.2460695505142212,-0.08513359475534799,-0.03999894857406616,-0.1427038311958313,-0.10147391009729745,-0.031876981258392334,-0.06541478633880615,-0.10247874010008218,0.010986387729644775,-0.22951960563659668,-0.04057889181774499,0.011278867721557617,-0.25751829147338867,-0.09188807505768182,0.007629275321960449,-0.16193532943725586,-0.09367371100586297,0.0036758780479431152,-0.08649605512619019,-0.080718693617996,0.05719536542892456,-0.2164340615272522,-0.05058496940534951,0.09415018558502197,-0.29374101758003235,-0.08049879718225839,0.12844443321228027,-0.3363489806652069,-0.0868035455386007,0.15548396110534668,-0.37718433141708374,-0.08553050953548791,right
0.0,0.0,0.0,-0.07571989297866821,-0.03005272150039673,-0.028967181070242987,-0.1384822130203247,-0.11391204595565796,-0.04732756860414611,-0.18090897798538208,-0.17687487602233887,-0.0670894103483306,-0.2241300344467163,-0.21729087829589844,-0.08264419607678519,-0.0921289324760437,-0.21745049953460693,-0.03214838899532424,-0.11130416393280029,-0.21416181325912476,-0.07417099349061118,-0.08873653411865234,-0.126508891582489,-0.09830510042468177,-0.06848621368408203,-0.06116980314254761,-0.10799835048476325,-0.04070800542831421,-0.23105007410049438,-0.03521681003132926,-0.05732005834579468,-0.22635579109191895,-0.08648547701398002,-0.04439800977706909,-0.1282781958580017,-0.10470880739251243,-0.03241473436355591,-0.054581284523010254,-0.10825807027379142,0.010847628116607666,-0.22391599416732788,-0.043635116739665136,0.00508725643157959,-0.24177753925323486,-0.09376330844918357,0.002169311046600342,-0.15176641941070557,-0.09674070201674567,0.00128859281539917,-0.07778549194335938,-0.0856126191453086,0.05636775493621826,-0.20769846439361572,-0.05449178613582717,0.09291470050811768,-0.28107500076293945,-0.08512646131077872,0.1248883605003357,-0.3274223208427429,-0.0930162834362136,0.1506671905517578,-0.3687399625778198,-0.09303981982031928,right
0.0,0.0,0.0,-0.07446050643920898,-0.02777397632598877,-0.027959515719658157,-0.1397932767868042,-0.10799473524093628,-0.0467490343442023,-0.18368351459503174,-0.1691666841506958,-0.0676351537993014,-0.22814223170280457,-0.20886123180389404,-0.08462504056001308,-0.09861057996749878,-0.21138739585876465,-0.0324605120410979,-0.12250584363937378,-0.20208430290222168,-0.07521404084468486,-0.09871858358383179,-0.11391317844390869,-0.09899449852014186,-0.07669484615325928,-0.0500868558883667,-0.1081450855424464,-0.04860466718673706,-0.22581833600997925,-0.03608340528512599,-0.068764328956604,-0.21447902917861938,-0.08765875306630733,-0.052854955196380615,-0.11628103256225586,-0.10489222910905482,-0.03989595174789429,-0.04405486583709717,-0.10771522429490688,0.0027161240577697754,-0.2195335030555725,-0.04498206582570674,-0.008749008178710938,-0.23556727170944214,-0.09585430976653697,-0.007709503173828125,-0.1442165970802307,-0.09844466802383067,-0.006233930587768555,-0.07124966382980347,-0.08690420296693446,0.04861956834793091,-0.20360314846038818,-0.05609001350308063,0.0769881010055542,-0.27649837732315063,-0.08687801417613628,0.10736083984375,-0.31950369477272034,-0.0941704561998904,0.13190603256225586,-0.3581657409667969,-0.09349412229562404,right
0.0,0.0,0.0,-0.07354897260665894,-0.025204956531524658,-0.02440665979474943,-0.1399364471435547,-0.09862178564071655,-0.044132535723747424,-0.184798002243042,-0.15110701322555542,-0.0674967145600931,-0.2280731201171875,-0.1871359944343567,-0.08757956829458635,-0.10680341720581055,-0.20026785135269165,-0.026810608250798396,-0.13717001676559448,-0.19879692792892456,-0.068815996316971,-0.11497098207473755,-0.11119920015335083,-0.09330782797724169,-0.0918920636177063,-0.04896283149719238,-0.10208480563551348,-0.06093472242355347,-0.21172446012496948,-0.031780639109911135,-0.08911013603210449,-0.20262360572814941,-0.08161370214611452,-0.06771272420883179,-0.10808432102203369,-0.09946741667181414,-0.050669729709625244,-0.039675116539001465,-0.10212941971212786,-0.011001288890838623,-0.20658963918685913,-0.041496296791137866,-0.032698869705200195,-0.23469161987304688,-0.08671077099234026,-0.026973485946655273,-0.14694422483444214,-0.08863186594635408,-0.020605027675628662,-0.07798302173614502,-0.0772078460136072,0.03540444374084473,-0.19392740726470947,-0.05327457320481699,0.05549126863479614,-0.2681148946285248,-0.07592987027555864,0.08060336112976074,-0.3143828213214874,-0.07924835142284792,0.09963077306747437,-0.36109620332717896,-0.07643345501810472,right
0.0,0.0,0.0,-0.07212328910827637,-0.0268862247467041,-0.021927875540313835,-0.13831567764282227,-0.10090029239654541,-0.039198187253532524,-0.18299764394760132,-0.1543143391609192,-0.06076162781482708,-0.2242158055305481,-0.19309818744659424,-0.0788027989483453,-0.10741454362869263,-0.20140677690505981,-0.019181725642738456,-0.1337895393371582,-0.21045303344726562,-0.059700452796278114,-0.11299937963485718,-0.12659156322479248,-0.08325057204729092,-0.09111475944519043,-0.06566417217254639,-0.0915378230429269,-0.06189155578613281,-0.21316993236541748,-0.0254174983865596,-0.08959710597991943,-0.2130863070487976,-0.07546519961124432,-0.06838667392730713,-0.12016922235488892,-0.0940543236947633,-0.05003774166107178,-0.05092620849609375,-0.0964676338053323,-0.012934982776641846,-0.2101764678955078,-0.03675168108111393,-0.03371697664260864,-0.2445048689842224,-0.08223072912460339,-0.029153645038604736,-0.15914678573608398,-0.08520392801528942,-0.02237248420715332,-0.09006071090698242,-0.07381641592746746,0.03280216455459595,-0.19926095008850098,-0.05008241262203228,0.053791344165802,-0.27412599325180054,-0.0734224962807275,0.0770871639251709,-0.3232501745223999,-0.07804263856178295,0.09536987543106079,-0.37199294567108154,-0.07591218229299557,right
0.0,0.0,0.0,-0.072307288646698,-0.02710115909576416,-0.021798984856445713,-0.13864779472351074,-0.10244536399841309,-0.039001790584165974,-0.18205487728118896,-0.15920394659042358,-0.060895925165254994,-0.22193828225135803,-0.2008545994758606,-0.07933075890048258,-0.10436248779296875,-0.1984148621559143,-0.015695564226348324,-0.12810856103897095,-0.21814924478530884,-0.05516567617758028,-0.10811048746109009,-0.1379041075706482,-0.07870423212750666,-0.08652496337890625,-0.07787120342254639,-0.08756578877671473,-0.058522701263427734,-0.21230900287628174,-0.022354520634848996,-0.08209443092346191,-0.22466957569122314,-0.07226769045098536,-0.06222331523895264,-0.13168787956237793,-0.09179473832352869,-0.045230329036712646,-0.06077742576599121,-0.09484546050532572,-0.00919795036315918,-0.21292716264724731,-0.03433475807412378,-0.025973081588745117,-0.2576935589313507,-0.0792754904936146,-0.02266162633895874,-0.17405366897583008,-0.08312727674945108,-0.017643749713897705,-0.10458248853683472,-0.07260092511876337,0.0375402569770813,-0.20623010396957397,-0.04842757225139849,0.06202828884124756,-0.2831249535083771,-0.07080234006150476,0.08691823482513428,-0.3323543667793274,-0.07546470478280298,0.10571044683456421,-0.381137877702713,-0.07389071002705805,right
0.0,0.0,0.0,-0.07433712482452393,-0.029647231101989746,-0.021848562789955395,-0.13949114084243774,-0.10934233665466309,-0.03959878688851859,-0.182733952999115,-0.17216861248016357,-0.06180867335001494,-0.22462576627731323,-0.2146168351173401,-0.08090822553435828,-0.10341328382492065,-0.20801347494125366,-0.01896348005334403,-0.12228500843048096,-0.2307308316230774,-0.058787306455769794,-0.101951003074646,-0.15131551027297974,-0.08243176495830085,-0.08212786912918091,-0.08796042203903198,-0.09103799766103293,-0.056277334690093994,-0.22053030133247375,-0.025036364478864925,-0.07307243347167969,-0.23857805132865906,-0.07438736563722159,-0.056246161460876465,-0.1448514461517334,-0.09308738416234519,-0.04343831539154053,-0.07126903533935547,-0.09581777608195807,-0.005052030086517334,-0.22038954496383667,-0.0360647678951409,-0.015469789505004883,-0.26914963126182556,-0.08143224721948172,-0.014322400093078613,-0.18339002132415771,-0.08451453006068732,-0.01233595609664917,-0.11126136779785156,-0.07340759938756491,0.04345381259918213,-0.2124452292919159,-0.04896981423894431,0.07143664360046387,-0.2915852963924408,-0.07095045751134421,0.09804099798202515,-0.3388440012931824,-0.0743808016757157,0.11779868602752686,-0.38513991236686707,-0.07199894046584632,right
0.0,0.0,0.0,-0.07375591993331909,-0.0316929817199707,-0.022754912567961583,-0.13788694143295288,-0.11521488428115845,-0.03839670245133675,-0.18137848377227783,-0.18079692125320435,-0.05789622415386475,-0.2201160490512848,-0.22473910450935364,-0.07371303562604226,-0.09603655338287354,-0.21925488114356995,-0.012985366699922452,-0.11077374219894409,-0.23996764421463013,-0.049213090283501515,-0.09293556213378906,-0.16323375701904297,-0.07035070781194008,-0.07643687725067139,-0.10110080242156982,-0.07783602301560677,-0.049212753772735596,-0.23015785217285156,-0.01781797718786038,-0.0637437105178833,-0.24946555495262146,-0.064713404817212,-0.050425708293914795,-0.15542298555374146,-0.0826536205836419,-0.03937739133834839,-0.08333444595336914,-0.08510162059747017,0.0003973245620727539,-0.2270756959915161,-0.02806989599548615,-0.005956709384918213,-0.27429136633872986,-0.07389570896111763,-0.009582579135894775,-0.18772870302200317,-0.07821752254449166,-0.010259270668029785,-0.11535698175430298,-0.06779632840834893,0.04678201675415039,-0.21542033553123474,-0.040127233905423054,0.08086347579956055,-0.29152873158454895,-0.06477914874039925,0.11087816953659058,-0.33711230754852295,-0.07067822043381966,0.13460636138916016,-0.38275235891342163,-0.06983439747773446,right
0.0,0.0,0.0,-0.07509011030197144,-0.03166407346725464,-0.026732330097445356,-0.13615548610687256,-0.119301438331604,-0.043627955837735044,-0.17730945348739624,-0.18770617246627808,-0.06291310943532835,-0.21816915273666382,-0.23129159212112427,-0.07779682881999861,-0.09118854999542236,-0.22833532094955444,-0.019823512880691396,-0.10248959064483643,-0.24695101380348206,-0.05506653793025862,-0.08444404602050781,-0.16775476932525635,-0.07432818867135893,-0.0683245062828064,-0.10413235425949097,-0.08120847202707182,-0.04228740930557251,-0.23955482244491577,-0.02277419239152323,-0.0513228178024292,-0.25766828656196594,-0.06886209256816755,-0.041789472103118896,-0.16081780195236206,-0.0854080811874951,-0.03287619352340698,-0.08717542886734009,-0.08747660077978026,0.008554637432098389,-0.2340196669101715,-0.030938460378536092,0.007931053638458252,-0.2788589596748352,-0.07598568953443419,0.0021463632583618164,-0.18902146816253662,-0.07818795449901472,-0.0008641481399536133,-0.11491197347640991,-0.06716094620395552,0.055211424827575684,-0.21832707524299622,-0.041298688276299345,0.09247022867202759,-0.2947576642036438,-0.06614263810087095,0.12402975559234619,-0.3388359546661377,-0.07136500336099516,0.14944607019424438,-0.3829929828643799,-0.07024928636718641,right
0.0,0.0,0.0,-0.07531982660293579,-0.03226810693740845,-0.02767801408538162,-0.13867026567459106,-0.1232529878616333,-0.044467588261454694,-0.181010901927948,-0.19683080911636353,-0.06308073674210846,-0.22290045022964478,-0.2393551766872406,-0.07684080426463424,-0.09261816740036011,-0.21958714723587036,-0.02322532546588718,-0.0969272255897522,-0.25307178497314453,-0.05957557012209236,-0.0778856873512268,-0.17512822151184082,-0.07855911676654159,-0.06217682361602783,-0.10845518112182617,-0.08546548460492431,-0.04290199279785156,-0.2314756214618683,-0.02513718542525112,-0.04634767770767212,-0.26447585225105286,-0.07134977106818496,-0.03689467906951904,-0.16688776016235352,-0.08633053426513015,-0.02901017665863037,-0.09288114309310913,-0.08814123396643936,0.007541239261627197,-0.22970640659332275,-0.032641706363051526,0.013434827327728271,-0.2850888669490814,-0.0765757051564151,0.009159862995147705,-0.19671213626861572,-0.07757020120391189,0.005629062652587891,-0.12122201919555664,-0.06695505355367004,0.05365210771560669,-0.21683335304260254,-0.04261677090892135,0.09758728742599487,-0.2958984971046448,-0.06813658152589142,0.13239187002182007,-0.34232500195503235,-0.07531786833772003,0.15962177515029907,-0.3878992199897766,-0.07657935594090759,right
0.0,0.0,0.0,-0.07841604948043823,-0.03328871726989746,-0.02884007396994548,-0.1438313126564026,-0.12681078910827637,-0.04500455188451724,-0.18728768825531006,-0.20037972927093506,-0.06308030861316638,-0.22835135459899902,-0.2447173297405243,-0.07628223824201541,-0.09261435270309448,-0.2160816192626953,-0.021056349974855948,-0.09968793392181396,-0.24845218658447266,-0.0592510268360229,-0.08048862218856812,-0.16860735416412354,-0.07969009655414538,-0.0646710991859436,-0.10204905271530151,-0.08675477432905154,-0.04308813810348511,-0.22741931676864624,-0.022709026586994696,-0.0489044189453125,-0.26097336411476135,-0.07182103919683414,-0.03934556245803833,-0.16254878044128418,-0.08853523212371783,-0.031334519386291504,-0.08715391159057617,-0.09017935919462161,0.007025718688964844,-0.22735834121704102,-0.03044742497502284,0.011017262935638428,-0.2803773283958435,-0.07711308228670077,0.005718827247619629,-0.1910555362701416,-0.07914045232234912,0.0014016032218933105,-0.11458408832550049,-0.06752296316324191,0.052742183208465576,-0.2178744077682495,-0.04076312261520343,0.09316360950469971,-0.29697394371032715,-0.06650224852262454,0.1278887391090393,-0.3419402241706848,-0.07304107922016101,0.15546709299087524,-0.3848857283592224,-0.0730018593638988,right
0.0,0.0,0.0,-0.07606220245361328,-0.03131711483001709,-0.030400698611799726,-0.14045560359954834,-0.11936116218566895,-0.04786097405320788,-0.1823333501815796,-0.1895713210105896,-0.06592123357421542,-0.2235909402370453,-0.23151618242263794,-0.07890395967132235,-0.09100878238677979,-0.21581804752349854,-0.030674878115121373,-0.09932839870452881,-0.23155498504638672,-0.06608921436435367,-0.07947826385498047,-0.1505289077758789,-0.08334449080592776,-0.06611543893814087,-0.08582830429077148,-0.08940863011247302,-0.04090380668640137,-0.23030316829681396,-0.03176857678062106,-0.04967832565307617,-0.2474564015865326,-0.0784538328445592,-0.040943801403045654,-0.14871013164520264,-0.09323109833366061,-0.03463256359100342,-0.07300519943237305,-0.09498764721519137,0.00980311632156372,-0.22778022289276123,-0.038100236634079465,0.010846257209777832,-0.2620953619480133,-0.08425405768520022,0.006106436252593994,-0.17227792739868164,-0.08598130343324328,0.0013093948364257812,-0.09640645980834961,-0.07532642928725863,0.05506455898284912,-0.21516233682632446,-0.04691322294837619,0.09340763092041016,-0.2914930582046509,-0.07557447401649142,0.12705540657043457,-0.3346679210662842,-0.08328882751828814,0.15317630767822266,-0.3735579252243042,-0.08423514811164523,right
0.0,0.0,0.0,-0.07398152351379395,-0.03022545576095581,-0.028300822487778987,-0.13684487342834473,-0.11105483770370483,-0.047019122875042285,-0.17876237630844116,-0.17452329397201538,-0.06749023754031214,-0.21836501359939575,-0.2176140546798706,-0.08345405269295725,-0.08948808908462524,-0.21350467205047607,-0.02878546226651224,-0.10716784000396729,-0.221815288066864,-0.06582924980551752,-0.08698958158493042,-0.13709121942520142,-0.08459574986130747,-0.06889486312866211,-0.07278198003768921,-0.09074868518740686,-0.04007577896118164,-0.22565454244613647,-0.03105166066319498,-0.05391585826873779,-0.23233634233474731,-0.07876550663144144,-0.04319560527801514,-0.13393980264663696,-0.09396460909277948,-0.0349196195602417,-0.060981810092926025,-0.09523357707888636,0.00989443063735962,-0.2206099033355713,-0.038309699631042804,0.004940986633300781,-0.2581784427165985,-0.08389542508751902,-0.00040149688720703125,-0.1683322787284851,-0.08420083928734812,-0.0046042799949646,-0.09514069557189941,-0.07198806363970789,0.054107725620269775,-0.2054513692855835,-0.04797056201726946,0.08918356895446777,-0.27843916416168213,-0.0740436117711738,0.11981308460235596,-0.32285764813423157,-0.07937949407727274,0.1430753469467163,-0.36729732155799866,-0.07808059710890802,right
0.0,0.0,0.0,-0.0760350227355957,-0.029381632804870605,-0.02551163191918704,-0.13999181985855103,-0.10897088050842285,-0.04296460392896506,-0.1816551685333252,-0.16903811693191528,-0.06358243915263984,-0.22048592567443848,-0.21179014444351196,-0.080596808521193,-0.09690588712692261,-0.20859813690185547,-0.024084314881008595,-0.12176525592803955,-0.2118207812309265,-0.06346662732784125,-0.10148501396179199,-0.1288052201271057,-0.08541093411866996,-0.0803375244140625,-0.0681694746017456,-0.0930237511080918,-0.049152672290802,-0.22143340110778809,-0.0283898284566817,-0.07119828462600708,-0.21593040227890015,-0.07820315304223868,-0.055446505546569824,-0.12291955947875977,-0.09611975791875693,-0.042157649993896484,-0.05366021394729614,-0.09851685556594703,0.000379025936126709,-0.21714651584625244,-0.03784666600648734,-0.012293219566345215,-0.24727791547775269,-0.0850308278483567,-0.012849688529968262,-0.16117995977401733,-0.08811906370345923,-0.010850667953491211,-0.09008920192718506,-0.07672435435478064,0.0458073616027832,-0.2046574354171753,-0.04957404377881858,0.07464855909347534,-0.2760264277458191,-0.07560930046264502,0.10278719663619995,-0.31984877586364746,-0.08118723723117682,0.1260024905204773,-0.36274439096450806,-0.07940332236711356,right
0.0,0.0,0.0,-0.0754348635673523,-0.029432952404022217,-0.024099952239168942,-0.140899658203125,-0.10572373867034912,-0.042782128486408055,-0.18417102098464966,-0.16417831182479858,-0.06564426857568151,-0.2265278697013855,-0.2026631236076355,-0.08469143200255758,-0.10430806875228882,-0.20297515392303467,-0.02149465184248811,-0.13432812690734863,-0.21806448698043823,-0.06329996574260122,-0.11344140768051147,-0.13314998149871826,-0.08715048122741109,-0.09004133939743042,-0.07301771640777588,-0.09573013025857335,-0.05739951133728027,-0.21436816453933716,-0.026957942802084744,-0.08521389961242676,-0.2183428406715393,-0.07928640085793859,-0.06450098752975464,-0.12382513284683228,-0.09745099085904485,-0.047253429889678955,-0.05478936433792114,-0.09933925855494863,-0.0077342987060546875,-0.2117711305618286,-0.03786347496844655,-0.028136253356933594,-0.2505323886871338,-0.08534247118569738,-0.02544271945953369,-0.16377437114715576,-0.0872357158694399,-0.02035391330718994,-0.09490430355072021,-0.07475507694817907,0.038486480712890625,-0.20173609256744385,-0.05102654236890203,0.06307154893875122,-0.2755628228187561,-0.07509925651885396,0.08887112140655518,-0.32250872254371643,-0.07962526071406728,0.10825598239898682,-0.37077125906944275,-0.07744435656405813,right
0.0,0.0,0.0,-0.0752827525138855,-0.029470860958099365,-0.025053110077465135,-0.1403951644897461,-0.10645073652267456,-0.04493154223212059,-0.18378379940986633,-0.16766268014907837,-0.06911341111310776,-0.22597098350524902,-0.20720386505126953,-0.08991847197660263,-0.1038205623626709,-0.20531165599822998,-0.02125043432363327,-0.12659025192260742,-0.22204434871673584,-0.06242879117974098,-0.10689085721969604,-0.13989490270614624,-0.0864795074904805,-0.08661603927612305,-0.07801353931427002,-0.09531439106115158,-0.05561470985412598,-0.216586172580719,-0.026698103278363305,-0.07704740762710571,-0.22730854153633118,-0.07858225713619049,-0.058910250663757324,-0.13170576095581055,-0.09798772643455322,-0.04525786638259888,-0.058253467082977295,-0.10069906721957977,-0.004697561264038086,-0.2153627872467041,-0.03751466806181725,-0.019414782524108887,-0.2582382261753082,-0.08486466120132263,-0.01745009422302246,-0.1718745231628418,-0.08824864785322006,-0.01418691873550415,-0.10096102952957153,-0.07667601863988693,0.04315316677093506,-0.20626449584960938,-0.05056047077425774,0.07007908821105957,-0.28237658739089966,-0.07335861037620361,0.0963355302810669,-0.32918304204940796,-0.07718310515531357,0.11579668521881104,-0.3756806254386902,-0.07483652989515122,right
0.0,0.0,0.0,-0.0752297043800354,-0.032048046588897705,-0.02327239174718443,-0.1381421685218811,-0.11209577322006226,-0.04159503836507383,-0.17926383018493652,-0.17627620697021484,-0.06426325101728025,-0.22020071744918823,-0.21890324354171753,-0.08351388980025831,-0.09869551658630371,-0.21571344137191772,-0.01920914311284605,-0.11781007051467896,-0.23496580123901367,-0.05884274129147116,-0.09916698932647705,-0.15328335762023926,-0.08177663047189299,-0.07984960079193115,-0.08937269449234009,-0.08990507234210554,-0.050975918769836426,-0.22633519768714905,-0.025050215761609707,-0.06864893436431885,-0.24001416563987732,-0.07533635605449263,-0.05400288105010986,-0.14472562074661255,-0.09378487278098646,-0.04247468709945679,-0.07056677341461182,-0.09590023417348448,-0.00025850534439086914,-0.22308331727981567,-0.03605516661281172,-0.009900927543640137,-0.26797789335250854,-0.08313764293069426,-0.011496126651763916,-0.18089920282363892,-0.08589679409141127,-0.011076211929321289,-0.10853832960128784,-0.07377962429399076,0.04713815450668335,-0.21203988790512085,-0.04906591806883398,0.07801085710525513,-0.2883916199207306,-0.07236753065461698,0.10538333654403687,-0.33476555347442627,-0.07596286047572676,0.12618815898895264,-0.38106444478034973,-0.07319726456279341,right
0.0,0.0,0.0,-0.07397431135177612,-0.032636821269989014,-0.0256161916689166,-0.1348920464515686,-0.11603403091430664,-0.04315548238020028,-0.1742185354232788,-0.18398231267929077,-0.06371252459149446,-0.2124282717704773,-0.22993150353431702,-0.08001359772543992,-0.08997207880020142,-0.23002836108207703,-0.017965957863737003,-0.09998637437820435,-0.24950191378593445,-0.05394273099165048,-0.08347660303115845,-0.17066121101379395,-0.07420914840560044,-0.06882745027542114,-0.10656464099884033,-0.0814506359086522,-0.0415225625038147,-0.2379375696182251,-0.021887334404993908,-0.05086517333984375,-0.25654712319374084,-0.06866300326447572,-0.04063725471496582,-0.15979808568954468,-0.08580167811970796,-0.032437264919281006,-0.08630591630935669,-0.08798607659201707,0.008554399013519287,-0.23066136240959167,-0.031183606355000393,0.00819331407546997,-0.2763865292072296,-0.07667735439400758,0.002976655960083008,-0.18841105699539185,-0.07966570031504716,0.0003819465637207031,-0.11515134572982788,-0.06885361146788682,0.05500870943069458,-0.2144014835357666,-0.04258049499850358,0.09308367967605591,-0.29016903042793274,-0.06784775328497972,0.12421834468841553,-0.3357914984226227,-0.07370584678511705,0.14911556243896484,-0.3818524479866028,-0.0728868342624196,right
0.0,0.0,0.0,-0.07597416639328003,-0.03548663854598999,-0.026390342404170042,-0.13764989376068115,-0.12123066186904907,-0.04444936699144364,-0.17870664596557617,-0.19372302293777466,-0.06531251630656243,-0.2194902002811432,-0.24075016379356384,-0.08163592628113747,-0.09189069271087646,-0.22438979148864746,-0.020997804020566946,-0.09965938329696655,-0.25198352336883545,-0.05789310893885613,-0.0826830267906189,-0.1740756630897522,-0.07789906523100854,-0.0681810975074768,-0.10988050699234009,-0.08485564998261452,-0.0433727502822876,-0.23438119888305664,-0.023896687095088964,-0.049325406551361084,-0.2619512677192688,-0.07023528627030373,-0.04054689407348633,-0.16562765836715698,-0.08610577545039177,-0.03375488519668579,-0.09286373853683472,-0.08804873785845757,0.006989240646362305,-0.2311665415763855,-0.032156315063161856,0.01000756025314331,-0.2845594882965088,-0.07613607904784203,0.004516541957855225,-0.19336658716201782,-0.07678572497241021,0.0008884668350219727,-0.11778479814529419,-0.06522366068236352,0.053173184394836426,-0.2182910144329071,-0.04276893324129105,0.09262937307357788,-0.2952609062194824,-0.06658696046940804,0.1250241994857788,-0.34000903367996216,-0.07138839772812844,0.15109550952911377,-0.38557732105255127,-0.07029536775223733,right
0.0,0.0,0.0,-0.07685202360153198,-0.036237120628356934,-0.024519902047074993,-0.1402459740638733,-0.12478387355804443,-0.041800426643646915,-0.1834481954574585,-0.19976550340652466,-0.06198135609582778,-0.22559905052185059,-0.24766051769256592,-0.07788739572123404,-0.08880841732025146,-0.21815961599349976,-0.023125274431265552,-0.09925472736358643,-0.2449142038822174,-0.06064317594126578,-0.08218836784362793,-0.16520428657531738,-0.08112367461279746,-0.06800806522369385,-0.09948933124542236,-0.08861600081280585,-0.04187369346618652,-0.22970467805862427,-0.026544090684808452,-0.049703359603881836,-0.25962895154953003,-0.0735145084078681,-0.0409548282623291,-0.16113555431365967,-0.08894045869664069,-0.03444474935531616,-0.08742237091064453,-0.09114484707669135,0.007687389850616455,-0.22888648509979248,-0.03491640682176467,0.00927656888961792,-0.28427621722221375,-0.07793282936171408,0.0036736130714416504,-0.19288873672485352,-0.07692605475739356,-0.0010448694229125977,-0.11754590272903442,-0.06524188290194388,0.053681910037994385,-0.2185104489326477,-0.045639416527308185,0.09257537126541138,-0.2964523434638977,-0.06881728987053748,0.12509781122207642,-0.33972498774528503,-0.07279011825875159,0.1503261923789978,-0.3835374712944031,-0.07173565993861075,right
0.0,0.0,0.0,-0.07561320066452026,-0.0331876277923584,-0.02584553361930375,-0.13968145847320557,-0.12043046951293945,-0.04264059887327676,-0.18385285139083862,-0.18936407566070557,-0.06161412076153283,-0.22801417112350464,-0.22970783710479736,-0.07619865835704331,-0.09009605646133423,-0.2148011326789856,-0.02615410314001565,-0.10499930381774902,-0.2358236312866211,-0.06289455146588807,-0.08471870422363281,-0.1526092290878296,-0.08163305969037538,-0.0686643123626709,-0.08632218837738037,-0.08798456043996339,-0.041840970516204834,-0.22682106494903564,-0.029168157289404917,-0.05438125133514404,-0.2498576045036316,-0.07592270375289445,-0.04435545206069946,-0.14968585968017578,-0.09062246085204606,-0.03669685125350952,-0.07513153553009033,-0.09211455137528901,0.00794607400894165,-0.22409838438034058,-0.03714638800420289,0.004439592361450195,-0.26997679471969604,-0.08143254221477036,-0.0005377531051635742,-0.1775369644165039,-0.08125234992303376,-0.004626095294952393,-0.10146981477737427,-0.06947748214997773,0.053259193897247314,-0.21211928129196167,-0.047402533153672266,0.0900576114654541,-0.29089486598968506,-0.07328872979678636,0.12287783622741699,-0.3363268971443176,-0.07908172757424836,0.14797043800354004,-0.37976178526878357,-0.0787919670442534,right
0.0,0.0,0.0,-0.0749252438545227,-0.029919445514678955,-0.028140845986058594,-0.13626396656036377,-0.11217266321182251,-0.04635674441044557,-0.17835205793380737,-0.17472869157791138,-0.06680091777627695,-0.22079867124557495,-0.21553099155426025,-0.08320144871061075,-0.08873575925827026,-0.21403706073760986,-0.028778760971476913,-0.1094328761100769,-0.22093695402145386,-0.07035239347999322,-0.09090298414230347,-0.13415491580963135,-0.09333446183984506,-0.07310068607330322,-0.06968778371810913,-0.10169620374028909,-0.03986680507659912,-0.22594690322875977,-0.031808252723863006,-0.05763101577758789,-0.23261332511901855,-0.08277198234384286,-0.0483241081237793,-0.13389605283737183,-0.10009724953954446,-0.03854888677597046,-0.06105071306228638,-0.1024259359556936,0.010132789611816406,-0.21992874145507812,-0.0403282449561857,0.002612590789794922,-0.2551533579826355,-0.08885960588042963,-0.004178881645202637,-0.16456258296966553,-0.09090105751340616,-0.0072487592697143555,-0.09039300680160522,-0.0790962309557699,0.05479633808135986,-0.20528382062911987,-0.05127195948546159,0.08945333957672119,-0.27998432517051697,-0.07963722506349313,0.11968731880187988,-0.32617807388305664,-0.08678223499839532,0.1439928412437439,-0.3703452944755554,-0.08642315426652658,right
0.0,0.0,0.0,-0.07521986961364746,-0.03011220693588257,-0.027280809611909262,-0.13765168190002441,-0.11068868637084961,-0.04628213334166276,-0.1810334324836731,-0.17122882604599,-0.06794657397352921,-0.22501665353775024,-0.21204835176467896,-0.08598945129000413,-0.09349924325942993,-0.2127058506011963,-0.026680166155927054,-0.11724841594696045,-0.2146458625793457,-0.06833794552170502,-0.09767353534698486,-0.129261314868927,-0.09243168521010148,-0.07853126525878906,-0.06632256507873535,-0.10115367013298737,-0.044767916202545166,-0.22449874877929688,-0.030023701743118636,-0.06563758850097656,-0.22221654653549194,-0.08036805528485047,-0.051994383335113525,-0.12541109323501587,-0.09831918615185486,-0.04068797826766968,-0.05332744121551514,-0.10089208024822938,0.006018638610839844,-0.21771001815795898,-0.038783313960664145,-0.005703747272491455,-0.24795985221862793,-0.08726729291760194,-0.007922232151031494,-0.15896886587142944,-0.09041353899323212,-0.00833982229232788,-0.08674073219299316,-0.07890330094181763,0.052427589893341064,-0.20288443565368652,-0.0497133119710611,0.08221733570098877,-0.27752816677093506,-0.07604505705916154,0.11092424392700195,-0.32198023796081543,-0.08181429493509995,0.1328091025352478,-0.36406683921813965,-0.0803612156518625,right
0.0,0.0,0.0,-0.07754272222518921,-0.03109574317932129,-0.02323703353727069,-0.1419128179550171,-0.10953295230865479,-0.04221119058752265,-0.1851799488067627,-0.16909706592559814,-0.06535909769559112,-0.22812625765800476,-0.20816069841384888,-0.08478747752928939,-0.10430991649627686,-0.2058965563774109,-0.02295823839926925,-0.1337776780128479,-0.2175215482711792,-0.06465920505547729,-0.11243844032287598,-0.13144659996032715,-0.08848064092421737,-0.08997774124145508,-0.06900006532669067,-0.0970080315830728,-0.056203365325927734,-0.21684712171554565,-0.02861241509640422,-0.08320879936218262,-0.21965062618255615,-0.0803989887001535,-0.06399112939834595,-0.1250208616256714,-0.09847937968993392,-0.04816943407058716,-0.054529011249542236,-0.1006204977395555,-0.005404472351074219,-0.21330755949020386,-0.039272603368999626,-0.02413773536682129,-0.25133591890335083,-0.08580332694077697,-0.02294403314590454,-0.16282624006271362,-0.0866616338255426,-0.019343674182891846,-0.09254294633865356,-0.07388097492480483,0.04146546125411987,-0.20187944173812866,-0.05209092122936454,0.06704598665237427,-0.2747233510017395,-0.07547236678624358,0.09384411573410034,-0.3209109306335449,-0.07922418115163055,0.11385142803192139,-0.36914417147636414,-0.07665756789469924,right
0.0,0.0,0.0,-0.07668489217758179,-0.0307348370552063,-0.024627016401041146,-0.14155584573745728,-0.10809320211410522,-0.04476722470496952,-0.18509376049041748,-0.1682833433151245,-0.06932168222044766,-0.2278139591217041,-0.20794677734375,-0.09048343217943966,-0.1044396162033081,-0.20590561628341675,-0.02286408050929367,-0.1312260627746582,-0.22134029865264893,-0.0657272688207513,-0.1110386848449707,-0.13728713989257812,-0.09069634742115795,-0.08958756923675537,-0.07433396577835083,-0.09986568755482494,-0.05609863996505737,-0.21744662523269653,-0.028641489809501763,-0.08052510023117065,-0.22584795951843262,-0.08156868583535015,-0.06251519918441772,-0.13019347190856934,-0.10060462868784725,-0.04814428091049194,-0.05713373422622681,-0.1031195647177583,-0.0048847198486328125,-0.21519577503204346,-0.03978746152495205,-0.02202075719833374,-0.256897896528244,-0.08787878370856106,-0.020485997200012207,-0.16833382844924927,-0.09006260848616421,-0.01675468683242798,-0.09667181968688965,-0.07764738566254437,0.04303556680679321,-0.2052176594734192,-0.05313875666831791,0.06906384229660034,-0.28185439109802246,-0.07677311963414013,0.09571313858032227,-0.3292292356491089,-0.080711183613289,0.11538982391357422,-0.3771956264972687,-0.07831825829123318,right
0.0,0.0,0.0,-0.07573223114013672,-0.030598163604736328,-0.025365744770226684,-0.14181506633758545,-0.11135709285736084,-0.04530536109274408,-0.18607836961746216,-0.17463403940200806,-0.06968047940796396,-0.22956645488739014,-0.21661722660064697,-0.09054629230564615,-0.10371720790863037,-0.20956027507781982,-0.021766780928430762,-0.12677878141403198,-0.22920390963554382,-0.06435231590336343,-0.10766816139221191,-0.14442920684814453,-0.0888446914560177,-0.08723413944244385,-0.08059871196746826,-0.09759010845488092,-0.05487871170043945,-0.22047799825668335,-0.02736887061661264,-0.07687026262283325,-0.23602637648582458,-0.08058559620445749,-0.06029045581817627,-0.13937383890151978,-0.09993821108406564,-0.0464552640914917,-0.06441879272460938,-0.10217566514080545,-0.0033544301986694336,-0.21889084577560425,-0.038555511326251235,-0.017792224884033203,-0.26564764976501465,-0.08731071376865884,-0.017093539237976074,-0.17720121145248413,-0.09031918370789072,-0.013982117176055908,-0.10430806875228882,-0.07797079259222528,0.045329928398132324,-0.20991718769073486,-0.051993587107119765,0.07372850179672241,-0.28757143020629883,-0.07556729489630243,0.10071814060211182,-0.33552002906799316,-0.07950667762821695,0.12137103080749512,-0.3830355107784271,-0.0769607546336033,right
0.0,0.0,0.0,-0.07724601030349731,-0.03180760145187378,-0.024290894238049532,-0.13961392641067505,-0.11857306957244873,-0.04199629378109648,-0.18022054433822632,-0.18614321947097778,-0.0641132752278395,-0.22383815050125122,-0.22776421904563904,-0.08251930129318907,-0.09749644994735718,-0.23211964964866638,-0.016804319886261965,-0.11243295669555664,-0.2512661814689636,-0.057910428462321306,-0.09621870517730713,-0.16668695211410522,-0.0823259736278601,-0.08075124025344849,-0.1000099778175354,-0.09095013987808898,-0.04762214422225952,-0.2413586974143982,-0.022586652157599474,-0.06257033348083496,-0.25510191917419434,-0.07432049613981917,-0.0507771372795105,-0.1546698808670044,-0.09409137916355803,-0.04132080078125,-0.07707005739212036,-0.09643180024414733,0.0048975348472595215,-0.23499053716659546,-0.034022507337624575,-0.0014882087707519531,-0.27880746126174927,-0.08284586769133284,-0.0064871907234191895,-0.18770557641983032,-0.0868645991066046,-0.008648693561553955,-0.11243307590484619,-0.07484348219423964,0.05382460355758667,-0.22131597995758057,-0.04756314408570006,0.08812499046325684,-0.3001028299331665,-0.07207363945036604,0.11748373508453369,-0.34688976407051086,-0.07669931751280501,0.14067953824996948,-0.39411336183547974,-0.07435486566811278,right
0.0,0.0,0.0,-0.07798886299133301,-0.03099113702774048,-0.027103435157471267,-0.14041978120803833,-0.11694663763046265,-0.04625790557139453,-0.18169927597045898,-0.18927133083343506,-0.06919981530182895,-0.22402352094650269,-0.2389671802520752,-0.088064871637755,-0.09190547466278076,-0.22522836923599243,-0.02071924871080455,-0.11007165908813477,-0.2488219439983368,-0.06276729693882999,-0.09409654140472412,-0.16519278287887573,-0.08680453887455997,-0.07730573415756226,-0.10080796480178833,-0.09595844885581073,-0.042587876319885254,-0.23607826232910156,-0.0255777164387041,-0.05970948934555054,-0.2559545934200287,-0.07961238166564044,-0.04711836576461792,-0.15373677015304565,-0.09955789139741,-0.03653842210769653,-0.0786396861076355,-0.10265995553010043,0.008165538311004639,-0.23305946588516235,-0.036416169165306655,0.0007160305976867676,-0.28331005573272705,-0.08773917695754108,-0.002713441848754883,-0.19109231233596802,-0.09198151519768771,-0.0032468438148498535,-0.11560934782028198,-0.08075498035424289,0.05485731363296509,-0.22229045629501343,-0.04959719246500072,0.09205716848373413,-0.29774895310401917,-0.0783762856411272,0.12426072359085083,-0.3425103425979614,-0.08603022983544406,0.14977961778640747,-0.3895801901817322,-0.0861270054268175,right
0.0,0.0,0.0,-0.08066552877426147,-0.03185403347015381,-0.027715723832329786,-0.14491814374923706,-0.12036788463592529,-0.046819003169616735,-0.18780052661895752,-0.19062858819961548,-0.06898286366947559,-0.23282873630523682,-0.23791110515594482,-0.08683195138462452,-0.0976179838180542,-0.2233743667602539,-0.02713917741664318,-0.11590886116027832,-0.24161016941070557,-0.06982942098863987,-0.09734582901000977,-0.1538591980934143,-0.09322341704853443,-0.07939004898071289,-0.08862674236297607,-0.10187582099922565,-0.046760499477386475,-0.23448270559310913,-0.03142381260283855,-0.06328225135803223,-0.2507402002811432,-0.08476656103619007,-0.05149298906326294,-0.1486448049545288,-0.10310531580933002,-0.041488826274871826,-0.0732959508895874,-0.10590114617832569,0.004732728004455566,-0.23105734586715698,-0.04141583094485668,-0.001688241958618164,-0.2796185314655304,-0.09165494317301182,-0.0058915019035339355,-0.18477463722229004,-0.09401986921318439,-0.007485508918762207,-0.1062619686126709,-0.08245454156883625,0.05071061849594116,-0.21964222192764282,-0.05387871885784534,0.08715242147445679,-0.2950701117515564,-0.08314628327377704,0.1199917197227478,-0.3397483229637146,-0.09092847431190876,0.1468549370765686,-0.385830283164978,-0.09139795029648212,right
0.0,0.0,0.0,-0.0792878270149231,-0.03446352481842041,-0.028977552654566807,-0.14334970712661743,-0.11583936214447021,-0.04962166980129723,-0.18465620279312134,-0.1779610514640808,-0.07285640597564225,-0.2266862988471985,-0.22054874897003174,-0.09201644569856171,-0.09506845474243164,-0.22564393281936646,-0.031658893676819844,-0.12541329860687256,-0.22379612922668457,-0.07316345185262207,-0.10561317205429077,-0.1329047679901123,-0.09502411097508912,-0.08311128616333008,-0.0690692663192749,-0.10219910949689393,-0.04524075984954834,-0.23617899417877197,-0.03534059807878975,-0.0702751874923706,-0.22845607995986938,-0.08849013805610184,-0.05558490753173828,-0.12864702939987183,-0.10629524499398713,-0.04285651445388794,-0.055254578590393066,-0.10813913703185563,0.006042838096618652,-0.2283257246017456,-0.044108102323832554,-0.009270310401916504,-0.2586182951927185,-0.09424944430810456,-0.010107815265655518,-0.16670846939086914,-0.09706246316653733,-0.007872164249420166,-0.09275615215301514,-0.08501699030620102,0.05238604545593262,-0.2116464376449585,-0.055311421158137364,0.0815783143043518,-0.2834915518760681,-0.08261504978162293,0.1112794280052185,-0.32648658752441406,-0.08818473130685334,0.13627392053604126,-0.36978065967559814,-0.08621748745662217,right
0.0,0.0,0.0,-0.07301414012908936,-0.03093588352203369,-0.022605795871243117,-0.13944554328918457,-0.10883349180221558,-0.04114197054110491,-0.1858321726322174,-0.164526104927063,-0.06395919480524981,-0.22917014360427856,-0.2039475440979004,-0.08326848455868685,-0.10605072975158691,-0.20828652381896973,-0.019686842795238135,-0.13356536626815796,-0.21555471420288086,-0.06118505307637179,-0.11401206254959106,-0.12833380699157715,-0.08604039856396639,-0.09273642301559448,-0.06552737951278687,-0.09519398071967089,-0.0599057674407959,-0.21803289651870728,-0.025623506393060325,-0.08807724714279175,-0.21696293354034424,-0.07635995605193102,-0.0686081051826477,-0.12096673250198364,-0.09512715646229708,-0.05125248432159424,-0.05010831356048584,-0.09774698921643221,-0.010598540306091309,-0.21267104148864746,-0.03668986865483248,-0.03068411350250244,-0.24672842025756836,-0.08209022739134753,-0.02891474962234497,-0.15949320793151855,-0.08427527406416857,-0.02374023199081421,-0.08917313814163208,-0.0725356177350136,0.03540533781051636,-0.19936782121658325,-0.04984875627957308,0.05944281816482544,-0.27246102690696716,-0.07216320791445696,0.08515757322311401,-0.3198353350162506,-0.07570211448870623,0.10531359910964966,-0.36721909046173096,-0.07312250741921389,right
0.0,0.0,0.0,-0.0715518593788147,-0.028957784175872803,-0.020058463547570682,-0.13832587003707886,-0.10486775636672974,-0.03693544793520687,-0.18345606327056885,-0.15964454412460327,-0.05888869914804218,-0.2237623929977417,-0.19816112518310547,-0.07782101187501667,-0.10967278480529785,-0.19803863763809204,-0.016670198399765468,-0.1343470811843872,-0.2141067385673523,-0.05692714381609676,-0.11347943544387817,-0.1310017704963684,-0.08062768283878086,-0.09231585264205933,-0.06960582733154297,-0.08887326273713825,-0.06393289566040039,-0.2086133360862732,-0.02392899546418903,-0.08929562568664551,-0.22141075134277344,-0.07401282641683338,-0.06864887475967407,-0.1268172264099121,-0.09256337884460208,-0.05140423774719238,-0.055151522159576416,-0.0945905775168967,-0.013577461242675781,-0.20731252431869507,-0.03616481948290584,-0.0337790846824646,-0.25318190455436707,-0.08130397949014423,-0.029764294624328613,-0.16650700569152832,-0.08404394540582416,-0.02392101287841797,-0.09533941745758057,-0.07218756828103778,0.03443300724029541,-0.19944411516189575,-0.05017250705157039,0.054912447929382324,-0.27914780378341675,-0.07126131210122821,0.07720404863357544,-0.32807236909866333,-0.0740466669539046,0.09291356801986694,-0.3766098618507385,-0.07098939571176288,right
0.0,0.0,0.0,-0.07240283489227295,-0.029645204544067383,-0.024240267987181596,-0.13864868879318237,-0.10683828592300415,-0.04443933215253537,-0.18348747491836548,-0.1684417724609375,-0.06892175745480245,-0.22596785426139832,-0.2129828929901123,-0.08965500962250417,-0.1060713529586792,-0.2085919976234436,-0.022147934476663522,-0.13098859786987305,-0.2272842526435852,-0.06339978199713414,-0.11192655563354492,-0.1448478102684021,-0.0875928006719846,-0.09168565273284912,-0.08402502536773682,-0.09688583534472173,-0.060027480125427246,-0.22153478860855103,-0.028418272326518945,-0.08633255958557129,-0.23245930671691895,-0.08095293265097325,-0.06672757863998413,-0.1361972689628601,-0.1009398825120229,-0.04928231239318848,-0.06258624792098999,-0.10407672595493977,-0.010374724864959717,-0.22061151266098022,-0.0397606283079881,-0.028992652893066406,-0.2647019624710083,-0.08643026422970479,-0.02730804681777954,-0.17921781539916992,-0.08956205617897695,-0.02286052703857422,-0.10770374536514282,-0.0782825253557462,0.03728032112121582,-0.21134424209594727,-0.05346251052134221,0.06344866752624512,-0.2875548303127289,-0.07672700803988164,0.08651977777481079,-0.3364987373352051,-0.081016985292365,0.10247576236724854,-0.3843778371810913,-0.07906511944048589,right
0.0,0.0,0.0,-0.07476043701171875,-0.03017646074295044,-0.026141152912657617,-0.1400567889213562,-0.10710620880126953,-0.04679791555730617,-0.18412131071090698,-0.1697421669960022,-0.07197432891456401,-0.22835147380828857,-0.2127622365951538,-0.09347372428504741,-0.10703873634338379,-0.20933914184570312,-0.020549875879567026,-0.1322879195213318,-0.2300519347190857,-0.06471905038682735,-0.11393129825592041,-0.14471805095672607,-0.09081531242458141,-0.09333974123001099,-0.0821385383605957,-0.10051959679452693,-0.05850553512573242,-0.22017520666122437,-0.025983990365546106,-0.08393532037734985,-0.23280221223831177,-0.08120554612008846,-0.06645476818084717,-0.13389158248901367,-0.10183984712688243,-0.05085611343383789,-0.05875879526138306,-0.10451925472347057,-0.006982088088989258,-0.21848344802856445,-0.03729528860179698,-0.023730099201202393,-0.2633415460586548,-0.08701611236659801,-0.02447962760925293,-0.17630797624588013,-0.09039815441695964,-0.021620213985443115,-0.10503983497619629,-0.07790400759307659,0.041509389877319336,-0.20994216203689575,-0.0510458454581908,0.06911212205886841,-0.2862899899482727,-0.07523266152469432,0.09406840801239014,-0.33518722653388977,-0.07948428318826473,0.1124998927116394,-0.3841850161552429,-0.07696553246108806,right
0.0,0.0,0.0,-0.06896668672561646,-0.024967432022094727,-0.03390548795911741,-0.1359022855758667,-0.10954862833023071,-0.053921126280755516,-0.1781103014945984,-0.17583692073822021,-0.0741816763624854,-0.21986091136932373,-0.22165024280548096,-0.09355352119061422,-0.09294074773788452,-0.20126527547836304,-0.056538835619420524,-0.12387686967849731,-0.3110920786857605,-0.09268854603621435,-0.13803422451019287,-0.3755173683166504,-0.11083687887045812,-0.14712345600128174,-0.4356309771537781,-0.12397874191853475,-0.04163771867752075,-0.21643245220184326,-0.05883675113770437,-0.062130868434906006,-0.22781038284301758,-0.12537583753916692,-0.05494391918182373,-0.12619245052337646,-0.1403592978462882,-0.04561126232147217,-0.051798999309539795,-0.1384025071606345,0.008241474628448486,-0.21221500635147095,-0.06497160390469503,0.0029663443565368652,-0.23574018478393555,-0.12871485993716192,-0.003882884979248047,-0.14571672677993774,-0.12510575399252843,-0.006701409816741943,-0.06992536783218384,-0.10682407811734151,0.055122554302215576,-0.20068156719207764,-0.07383569375130605,0.09488362073898315,-0.27355536818504333,-0.1229240824327178,0.1297183632850647,-0.32413366436958313,-0.13637755856368017,0.15981155633926392,-0.36744773387908936,-0.1377018247589774,space
0.0,0.0,0.0,-0.07502144575119019,-0.023048818111419678,-0.0375678606116594,-0.14388799667358398,-0.10562193393707275,-0.06117117328284394,-0.19045722484588623,-0.17136579751968384,-0.08462492672441613,-0.23603439331054688,-0.21840256452560425,-0.10743188408849846,-0.09878218173980713,-0.20130890607833862,-0.06945277301309716,-0.13226211071014404,-0.3135272264480591,-0.11311889735696923,-0.14578986167907715,-0.37534868717193604,-0.13409017322300087,-0.15249103307724,-0.43161705136299133,-0.14786461291549813,-0.0444067120552063,-0.2161785364151001,-0.07267267552850853,-0.06479436159133911,-0.2254025936126709,-0.1504993617319883,-0.05594700574874878,-0.11843293905258179,-0.1685204833531202,-0.0460934042930603,-0.039859652519226074,-0.16626140771148812,0.007818102836608887,-0.21093720197677612,-0.08016173837421547,0.0004035830497741699,-0.22881484031677246,-0.15453428325889718,-0.00225752592086792,-0.13620448112487793,-0.1551126271271528,-0.0018014907836914062,-0.06002086400985718,-0.13717951176403176,0.055580854415893555,-0.20012742280960083,-0.09026307908533227,0.0949741005897522,-0.2739536166191101,-0.14853255746601235,0.1314588189125061,-0.32528308033943176,-0.16718687412975441,0.16347986459732056,-0.36803191900253296,-0.17076798079250466,space
0.0,0.0,0.0,-0.0692632794380188,-0.019969522953033447,-0.03360547672559733,-0.1372373104095459,-0.0955013632774353,-0.05553501646568293,-0.18314409255981445,-0.1558774709701538,-0.0777702982311439,-0.22618481516838074,-0.20045709609985352,-0.09944437991430277,-0.09562736749649048,-0.19775760173797607,-0.05759490456034655,-0.12494736909866333,-0.3004865348339081,-0.08986382733633036,-0.1375340223312378,-0.36261850595474243,-0.10406593780567164,-0.14436912536621094,-0.4193454086780548,-0.11354017059852595,-0.04165089130401611,-0.21545231342315674,-0.059924786794681495,-0.06219649314880371,-0.20237749814987183,-0.12515339802553171,-0.05161893367767334,-0.0976332426071167,-0.14172925602247233,-0.041431546211242676,-0.018904805183410645,-0.13949993799974436,0.010835528373718262,-0.20968526601791382,-0.06488308857728953,0.003403007984161377,-0.2095699906349182,-0.12848102103521342,0.0015378594398498535,-0.12134641408920288,-0.1282168234472465,0.0013834238052368164,-0.04749941825866699,-0.11054631124784464,0.05926322937011719,-0.19650262594223022,-0.07191850792219157,0.09701037406921387,-0.26250773668289185,-0.11724955390741343,0.13141798973083496,-0.31137850880622864,-0.12761478673269266,0.15874719619750977,-0.3527296185493469,-0.12579320918371195,space
0.0,0.0,0.0,-0.06937265396118164,-0.02255725860595703,-0.02665628750742144,-0.13676244020462036,-0.09393423795700073,-0.04555146467805571,-0.18292832374572754,-0.14802736043930054,-0.06671699208141035,-0.2252599596977234,-0.1892319917678833,-0.08813300055385298,-0.10144060850143433,-0.19471728801727295,-0.044845861167914336,-0.13991308212280273,-0.28860974311828613,-0.0743339366924829,-0.15769422054290771,-0.34799617528915405,-0.08698163998246855,-0.16817879676818848,-0.40243732929229736,-0.09498175305247969,-0.051692306995391846,-0.21173912286758423,-0.05017003861189551,-0.08148527145385742,-0.19906491041183472,-0.11123601418853468,-0.06952697038650513,-0.09783178567886353,-0.12860926312328047,-0.05735981464385986,-0.02204996347427368,-0.12708070200801558,-0.0010663270950317383,-0.20621061325073242,-0.057419472159153884,-0.017861008644104004,-0.20743530988693237,-0.11642123830438322,-0.01871877908706665,-0.1189122200012207,-0.11582375389457411,-0.01664811372756958,-0.048891425132751465,-0.09838271212697691,0.04679560661315918,-0.19238048791885376,-0.06618031931043333,0.07729870080947876,-0.2583041787147522,-0.10525831651807493,0.10820937156677246,-0.30625128746032715,-0.11158865016818709,0.13261616230010986,-0.3502025008201599,-0.10735677254319853,space
0.0,0.0,0.0,-0.0659557580947876,-0.02162349224090576,-0.023487203973814985,-0.13418209552764893,-0.0910751223564148,-0.04028602618305399,-0.18146294355392456,-0.14382147789001465,-0.05911235440103724,-0.22639688849449158,-0.17959070205688477,-0.07761924642650797,-0.1057138442993164,-0.19721323251724243,-0.04181332069961741,-0.14881712198257446,-0.290286660194397,-0.07007728445856287,-0.17084470391273499,-0.34878024458885193,-0.08321375328628733,-0.18599921464920044,-0.40245628356933594,-0.09232563454239084,-0.05998116731643677,-0.21590930223464966,-0.04709931764332964,-0.09610563516616821,-0.19885963201522827,-0.10480853098957255,-0.08240580558776855,-0.10033506155014038,-0.12066499072639658,-0.0672486424446106,-0.029661715030670166,-0.11934713948099329,-0.011599183082580566,-0.20911532640457153,-0.05414899739949419,-0.036521971225738525,-0.20958226919174194,-0.1079897277387829,-0.03636699914932251,-0.12431150674819946,-0.10592672902672007,-0.03140830993652344,-0.056821227073669434,-0.08962968665687754,0.0343707799911499,-0.19356781244277954,-0.06266261566011622,0.05901974439620972,-0.2582375407218933,-0.10127720910637095,0.08351057767868042,-0.3099903464317322,-0.10921563881962015,0.10320764780044556,-0.35748931765556335,-0.10659167844383433,space
0.0,0.0,0.0,-0.06370872259140015,-0.01850724220275879,-0.023011622980419588,-0.13227808475494385,-0.08475643396377563,-0.04041819649953027,-0.17754650115966797,-0.13547980785369873,-0.060417339235726786,-0.220120370388031,-0.1715986728668213,-0.08065202090162416,-0.10831689834594727,-0.17980259656906128,-0.04397924992460389,-0.15230581164360046,-0.2796437740325928,-0.07420242580789704,-0.17602789402008057,-0.3391187787055969,-0.08794712278265138,-0.1936584711074829,-0.39372265338897705,-0.09772352877277513,-0.0645517110824585,-0.19628280401229858,-0.050440732419673395,-0.10200995206832886,-0.2047984004020691,-0.11056807640213151,-0.08751410245895386,-0.10510355234146118,-0.1266523301901259,-0.0717044472694397,-0.032525718212127686,-0.1252356618942656,-0.017542362213134766,-0.19502931833267212,-0.05872896316665788,-0.043150246143341064,-0.21595442295074463,-0.11280855539459367,-0.04304814338684082,-0.12966424226760864,-0.10984916988033433,-0.03833496570587158,-0.06052130460739136,-0.09310305866617341,0.027808308601379395,-0.18707674741744995,-0.06857383999246736,0.05102086067199707,-0.2601601481437683,-0.10736493024248261,0.07362771034240723,-0.31229376792907715,-0.11559434983152528,0.08948969841003418,-0.3622293472290039,-0.11381760242599626,space
0.0,0.0,0.0,-0.06482452154159546,-0.020982086658477783,-0.0230194081532602,-0.13255441188812256,-0.09046602249145508,-0.04026077436085984,-0.17847204208374023,-0.14334237575531006,-0.05998526261922166,-0.22110241651535034,-0.17835640907287598,-0.0794297133552675,-0.10895639657974243,-0.1882830262184143,-0.041236941980088204,-0.14835727214813232,-0.2913177013397217,-0.07155153648730561,-0.1704016625881195,-0.350418359041214,-0.0848194559085016,-0.18713653087615967,-0.403877317905426,-0.09365133689519212,-0.06400489807128906,-0.203660786151886,-0.04768741996761605,-0.0966673493385315,-0.21481478214263916,-0.10804173843737885,-0.0833931565284729,-0.11686688661575317,-0.12374300258036897,-0.06791800260543823,-0.043845951557159424,-0.12160763637896821,-0.015956878662109375,-0.20184385776519775,-0.056292929964030236,-0.0357511043548584,-0.2327883243560791,-0.11100215213176057,-0.0375247597694397,-0.14994192123413086,-0.10804871218081757,-0.033580899238586426,-0.08144491910934448,-0.09095283346053407,0.02990543842315674,-0.19223743677139282,-0.06640201555367753,0.05346214771270752,-0.26336804032325745,-0.10431627677556321,0.07471060752868652,-0.3164175748825073,-0.11202614502784058,0.09100008010864258,-0.3679780960083008,-0.10990939037677094,space
0.0,0.0,0.0,-0.06751012802124023,-0.0226324200630188,-0.025078229606009472,-0.1345706582069397,-0.09482723474502563,-0.04341395013020133,-0.17884540557861328,-0.14885187149047852,-0.06347330473349189,-0.2208823561668396,-0.1873299479484558,-0.0828240942208538,-0.10246783494949341,-0.1951046586036682,-0.045452071353651036,-0.13441014289855957,-0.3022797703742981,-0.07698271237299537,-0.15143746137619019,-0.36192160844802856,-0.09206084720776175,-0.16282916069030762,-0.41586756706237793,-0.10220355354235267,-0.055488765239715576,-0.20665568113327026,-0.050941577181077946,-0.08106201887130737,-0.22591006755828857,-0.11124113760874366,-0.07137757539749146,-0.1262841820716858,-0.12639308534548377,-0.059647202491760254,-0.05331510305404663,-0.12440418265745734,-0.006916701793670654,-0.2039809226989746,-0.05897206626818274,-0.019943833351135254,-0.24286118149757385,-0.11318369768545722,-0.021747589111328125,-0.160427987575531,-0.11007728986427878,-0.018941521644592285,-0.09043198823928833,-0.09366503916666602,0.0398065447807312,-0.1961994767189026,-0.06884134374544715,0.06918346881866455,-0.26782846450805664,-0.10662252269671058,0.09430062770843506,-0.31934309005737305,-0.11519653908894156,0.11438733339309692,-0.36950957775115967,-0.11428610794231986,space
0.0,0.0,0.0,-0.06940311193466187,-0.024150192737579346,-0.02972564013990109,-0.1343488097190857,-0.10606831312179565,-0.04881413193734829,-0.17745834589004517,-0.17059940099716187,-0.06893538968952839,-0.22109535336494446,-0.21055898070335388,-0.0879943324843282,-0.09401893615722656,-0.21332362294197083,-0.04851541208418553,-0.1193428635597229,-0.32779768109321594,-0.08080677973421757,-0.132718026638031,-0.3916647136211395,-0.09733870910795872,-0.14047443866729736,-0.4508807361125946,-0.10914323019179051,-0.043971240520477295,-0.22451084852218628,-0.051391142479502605,-0.061662912368774414,-0.24375954270362854,-0.11320199357660954,-0.05228668451309204,-0.14441537857055664,-0.12932472216280644,-0.041484177112579346,-0.07259601354598999,-0.1284812419334287,0.004857063293457031,-0.2216733992099762,-0.057138837001645015,-0.0008307695388793945,-0.26029759645462036,-0.11259573238285725,-0.006935477256774902,-0.17185264825820923,-0.10944247531088536,-0.00776517391204834,-0.09739893674850464,-0.09315333800705616,0.05177009105682373,-0.21217882633209229,-0.06541499780806248,0.08928728103637695,-0.2815091907978058,-0.10546456562670414,0.1220446228981018,-0.3317335247993469,-0.11639832990559285,0.15021133422851562,-0.3808334767818451,-0.11714095162543003,space
0.0,0.0,0.0,-0.07698255777359009,-0.02691817283630371,-0.03674889770618961,-0.14242976903915405,-0.11022931337356567,-0.055086221967854954,-0.1844457983970642,-0.17593050003051758,-0.07240814757815883,-0.22562330961227417,-0.21700212359428406,-0.08849572432509945,-0.09980243444442749,-0.2200811505317688,-0.053792953913131214,-0.1195530891418457,-0.33620232343673706,-0.09102675360909984,-0.128900945186615,-0.4041776657104492,-0.1110425223158984,-0.13265091180801392,-0.46825380623340607,-0.1254329760121493,-0.04637819528579712,-0.23065456748008728,-0.052944779817977405,-0.053153812885284424,-0.256783127784729,-0.11858645868770168,-0.04362809658050537,-0.15322250127792358,-0.13274505031577633,-0.03396034240722656,-0.07790327072143555,-0.12964137685767696,0.004302918910980225,-0.2275826334953308,-0.056947432880321,0.012399673461914062,-0.2640233039855957,-0.11852955115310237,0.009351909160614014,-0.1749783158302307,-0.11668203813306377,0.008857548236846924,-0.10079759359359741,-0.09964753729573772,0.05139702558517456,-0.218131422996521,-0.06414097589723156,0.09407240152359009,-0.29287734627723694,-0.1132853109883456,0.13031131029129028,-0.34168222546577454,-0.13018605900279567,0.1638147234916687,-0.38582542538642883,-0.133753873829761,space
0.0,0.0,0.0,-0.07626360654830933,-0.02287822961807251,-0.04178159908931889,-0.14263296127319336,-0.11001163721084595,-0.06414984764140286,-0.1866028904914856,-0.18137472867965698,-0.08459592463057675,-0.23108011484146118,-0.22758489847183228,-0.1037395283726994,-0.09875541925430298,-0.2172175645828247,-0.06262009443324246,-0.11583375930786133,-0.3370566666126251,-0.10122315438073315,-0.12347054481506348,-0.40624165534973145,-0.1211391300110165,-0.12351632118225098,-0.4710513949394226,-0.1354974195508305,-0.04408538341522217,-0.23228156566619873,-0.06004552023094334,-0.04442065954208374,-0.25186678767204285,-0.12859211714547314,-0.03583651781082153,-0.14799463748931885,-0.14385387153905072,-0.026364386081695557,-0.07137537002563477,-0.14125059397500195,0.007784068584442139,-0.22974154353141785,-0.06222275124471821,0.02070397138595581,-0.25555938482284546,-0.1277643576411549,0.017544150352478027,-0.16833442449569702,-0.12811559291165509,0.015437483787536621,-0.09426367282867432,-0.1122483521847073,0.05478370189666748,-0.22042304277420044,-0.06764378996174969,0.09852075576782227,-0.2918991446495056,-0.11966451109927334,0.13710850477218628,-0.33604902029037476,-0.13737335653584637,0.1721624732017517,-0.3737143874168396,-0.14135530443471112,space
0.0,0.0,0.0,-0.07527554035186768,-0.024571359157562256,-0.03982678717748911,-0.14169657230377197,-0.1107414960861206,-0.0629615700878361,-0.18829858303070068,-0.1807781457901001,-0.08504931545631678,-0.2337939739227295,-0.22585070133209229,-0.10597106731312067,-0.09691494703292847,-0.21649038791656494,-0.061777218345568485,-0.11338835954666138,-0.3360197842121124,-0.09956651097910196,-0.12084108591079712,-0.404830664396286,-0.1194600082077244,-0.11972713470458984,-0.4701228737831116,-0.13329764372484476,-0.043021559715270996,-0.23238730430603027,-0.060648019526169605,-0.041807472705841064,-0.24183332920074463,-0.12884495324270517,-0.034076154232025146,-0.13596582412719727,-0.14580651289598734,-0.02643042802810669,-0.05919986963272095,-0.14375402695314676,0.00900191068649292,-0.22849410772323608,-0.06343515134231836,0.02276521921157837,-0.24279624223709106,-0.12778784996645243,0.018544435501098633,-0.14668697118759155,-0.12636575764791758,0.014077305793762207,-0.06946837902069092,-0.10838631457464487,0.05714219808578491,-0.2158762812614441,-0.06938153422252924,0.10102909803390503,-0.28664955496788025,-0.11601543343441278,0.13886970281600952,-0.33035019040107727,-0.12822525865213663,0.17231351137161255,-0.3687348961830139,-0.12808615631239206,space
0.0,0.0,0.0,-0.07057350873947144,-0.019743025302886963,-0.04597434432432124,-0.13716650009155273,-0.09642350673675537,-0.07591720328852603,-0.18812233209609985,-0.16076189279556274,-0.10495359108969637,-0.2363232970237732,-0.2103821039199829,-0.13319702849909731,-0.09581148624420166,-0.20632565021514893,-0.07348171279951998,-0.11899125576019287,-0.3205324709415436,-0.11532342092320391,-0.12949395179748535,-0.38674426078796387,-0.135524872999639,-0.13356173038482666,-0.4478825628757477,-0.1485955904535956,-0.04029804468154907,-0.2228049635887146,-0.07333390073105761,-0.04981350898742676,-0.2226387858390808,-0.1485716293863959,-0.04117840528488159,-0.11555474996566772,-0.167517442565412,-0.03391677141189575,-0.036751508712768555,-0.1657270978502936,0.012883305549621582,-0.21687042713165283,-0.07751734958216616,0.01554715633392334,-0.2238978147506714,-0.14997746453806826,0.011390864849090576,-0.12869346141815186,-0.15038770840689608,0.006596505641937256,-0.05247092247009277,-0.13203928278014132,0.06253319978713989,-0.20522218942642212,-0.08505996720120379,0.10150331258773804,-0.2744007408618927,-0.13770410821959445,0.13940489292144775,-0.31935742497444153,-0.15105973587557742,0.17122679948806763,-0.3574119508266449,-0.15067415342852541,space
0.0,0.0,0.0,-0.0680990219116211,-0.018072903156280518,-0.03413589347505308,-0.13535141944885254,-0.08795946836471558,-0.057608306895730266,-0.18414676189422607,-0.1441662311553955,-0.08187767166995741,-0.23080885410308838,-0.185837984085083,-0.10582184840345121,-0.09907811880111694,-0.19634902477264404,-0.057588179152247676,-0.1289520263671875,-0.3032153844833374,-0.09057992000484205,-0.1413516402244568,-0.36548954248428345,-0.10574352044963575,-0.14819365739822388,-0.42198681831359863,-0.11602881599569059,-0.04699277877807617,-0.21414345502853394,-0.061122816543814906,-0.0656888484954834,-0.20251750946044922,-0.1273328890314076,-0.054059743881225586,-0.10040688514709473,-0.14503123659991957,-0.0447351336479187,-0.02391338348388672,-0.14374230105781294,0.005392730236053467,-0.20769232511520386,-0.06749002684259153,-0.0007349848747253418,-0.20756369829177856,-0.1325482805480931,-0.0006784200668334961,-0.11931538581848145,-0.13270104725265242,-0.001602768898010254,-0.047656476497650146,-0.11547918666505552,0.055034518241882324,-0.19481325149536133,-0.07599128831529356,0.09031903743743896,-0.26173853874206543,-0.122626908611295,0.12385481595993042,-0.31276917457580566,-0.13290468652152754,0.15012383460998535,-0.3565390110015869,-0.13087355394267774,space
0.0,0.0,0.0,-0.0664476752281189,-0.02133810520172119,-0.028427943606487815,-0.1356889009475708,-0.08836120367050171,-0.04993715884219796,-0.18466857075691223,-0.13804185390472412,-0.07331339271794945,-0.22859618067741394,-0.17491167783737183,-0.09740417452584893,-0.10069549083709717,-0.19595831632614136,-0.052151732165924614,-0.14233285188674927,-0.2897731065750122,-0.08376074584256799,-0.16346603631973267,-0.34874463081359863,-0.09870230408441216,-0.1763874888420105,-0.40252965688705444,-0.10862615706454903,-0.0521426796913147,-0.21381086111068726,-0.05730164798032433,-0.08583950996398926,-0.200905442237854,-0.11836262049209267,-0.07591003179550171,-0.10013890266418457,-0.13664918394815118,-0.06367653608322144,-0.023811399936676025,-0.13683936746846825,-0.002963244915008545,-0.20545315742492676,-0.06429786982070596,-0.02279573678970337,-0.20625168085098267,-0.12213980408441216,-0.02486133575439453,-0.11969172954559326,-0.12338233741056115,-0.02215796709060669,-0.048836469650268555,-0.10861504824887902,0.04225438833236694,-0.18858730792999268,-0.07300523670446069,0.06996321678161621,-0.2531471848487854,-0.11402224751245171,0.10101699829101562,-0.3018514811992645,-0.12328471990358025,0.12800055742263794,-0.344726026058197,-0.12148872019778878,space
0.0,0.0,0.0,-0.06709134578704834,-0.02444249391555786,-0.027457247550358943,-0.13486206531524658,-0.09297323226928711,-0.04861662077414053,-0.1811589002609253,-0.14633047580718994,-0.07157818141089933,-0.2242131531238556,-0.18447083234786987,-0.09423522564279097,-0.10296761989593506,-0.1988237500190735,-0.04891937139140623,-0.14339816570281982,-0.3009698987007141,-0.0822981736313011,-0.16377151012420654,-0.3609734773635864,-0.09894784453021543,-0.17809295654296875,-0.41696280241012573,-0.11055268260346907,-0.05617243051528931,-0.21416443586349487,-0.05451515975104826,-0.0909498929977417,-0.21920698881149292,-0.1176864421616699,-0.0785103440284729,-0.11718142032623291,-0.13581282558547514,-0.0628732442855835,-0.04178166389465332,-0.13561328413592832,-0.007842659950256348,-0.20935434103012085,-0.06242088886605757,-0.02773606777191162,-0.23083478212356567,-0.11803145619737165,-0.030441462993621826,-0.14743274450302124,-0.11615971388923185,-0.02621328830718994,-0.07755476236343384,-0.10025840910779493,0.03687065839767456,-0.1965884566307068,-0.07250818523274916,0.06565022468566895,-0.26539546251296997,-0.11264757725106733,0.09271907806396484,-0.31788355112075806,-0.12210404040919798,0.11555248498916626,-0.36718809604644775,-0.12107030960427778,space
0.0,0.0,0.0,-0.06815916299819946,-0.026817500591278076,-0.0276280814072436,-0.13387858867645264,-0.09873861074447632,-0.049771041165882934,-0.18018969893455505,-0.1523495316505432,-0.07423128981500327,-0.22384878993034363,-0.1879149079322815,-0.09837149132400214,-0.09807229042053223,-0.20612972974777222,-0.05021004055052458,-0.1327354907989502,-0.3165096044540405,-0.0849348833075112,-0.15022975206375122,-0.3785593807697296,-0.10216411996989905,-0.16058969497680664,-0.43606528639793396,-0.11359804917483984,-0.050717294216156006,-0.2153642177581787,-0.05627214584856688,-0.07938426733016968,-0.23517468571662903,-0.120796904455716,-0.07059133052825928,-0.13223743438720703,-0.13808281768470465,-0.05945497751235962,-0.05637460947036743,-0.13680832136779486,-0.001847684383392334,-0.20988523960113525,-0.06499777783065497,-0.016839325428009033,-0.24659255146980286,-0.12179656375556647,-0.018843233585357666,-0.160372793674469,-0.11957884628682791,-0.015611052513122559,-0.08764922618865967,-0.10293862272411047,0.04515516757965088,-0.20005202293395996,-0.07598449338584601,0.07688766717910767,-0.27152523398399353,-0.11432637323051154,0.10551846027374268,-0.32343804836273193,-0.12292129595189749,0.12895232439041138,-0.3740401864051819,-0.12163689781337439,space
0.0,0.0,0.0,-0.06837618350982666,-0.024256527423858643,-0.03284751634353711,-0.13295871019363403,-0.1043960452079773,-0.055436879501286285,-0.17692482471466064,-0.1680470108985901,-0.07890830199474408,-0.22255587577819824,-0.20895475149154663,-0.10203699033016278,-0.0948835015296936,-0.21119534969329834,-0.05812105546945645,-0.11939096450805664,-0.326945424079895,-0.09334651391262128,-0.13255441188812256,-0.3920157551765442,-0.1104539931868942,-0.13889503479003906,-0.45183897018432617,-0.12196306894773556,-0.04391026496887207,-0.22181785106658936,-0.06145761545056416,-0.06063270568847656,-0.24236911535263062,-0.12666797648424222,-0.05420184135437012,-0.14300554990768433,-0.14392024289125516,-0.04534643888473511,-0.06764024496078491,-0.14319784949773862,0.006132006645202637,-0.21669518947601318,-0.06760773073190762,0.0009790658950805664,-0.25471723079681396,-0.12659083317274167,-0.005438387393951416,-0.17098838090896606,-0.12640778730863644,-0.006252288818359375,-0.09823834896087646,-0.11135683964246823,0.05386775732040405,-0.20610421895980835,-0.07622878263944699,0.09195685386657715,-0.27845191955566406,-0.1170271412586601,0.12438005208969116,-0.3317626118659973,-0.12863889347070767,0.15195894241333008,-0.38167446851730347,-0.12997324775213315,space
0.0,0.0,0.0,-0.07258647680282593,-0.026586830615997314,-0.03527287906291576,-0.13683462142944336,-0.11212235689163208,-0.05636913469317051,-0.1794116497039795,-0.18148988485336304,-0.07739248266699406,-0.2227620780467987,-0.2233279049396515,-0.0976499929118404,-0.0925244688987732,-0.22713518142700195,-0.056948782413030585,-0.11361473798751831,-0.34040865302085876,-0.09547644248488041,-0.12620490789413452,-0.4037102460861206,-0.11565936496737095,-0.1298905611038208,-0.4643963873386383,-0.12968795886519047,-0.03958010673522949,-0.23766881227493286,-0.05810056021692844,-0.051207780838012695,-0.2639627456665039,-0.1247389554071674,-0.04416298866271973,-0.15749406814575195,-0.1409292756605396,-0.03434562683105469,-0.08304053544998169,-0.13915855577471348,0.010641813278198242,-0.231253981590271,-0.06319150468590351,0.010220587253570557,-0.27284231781959534,-0.12339018425228687,0.004233896732330322,-0.18080753087997437,-0.12173788389446827,0.0036672353744506836,-0.10358703136444092,-0.10547088971617313,0.05723118782043457,-0.21753963828086853,-0.0712714134741077,0.0976666808128357,-0.2889016568660736,-0.11740584066393467,0.13267362117767334,-0.3394721448421478,-0.1332325129795322,0.16427183151245117,-0.38793179392814636,-0.13689563563349338,space
0.0,0.0,0.0,-0.07678014039993286,-0.027098476886749268,-0.038641190631309996,-0.1419275999069214,-0.11393743753433228,-0.05968385051004077,-0.18384617567062378,-0.18480879068374634,-0.07997551421634341,-0.22624719142913818,-0.22958442568778992,-0.09930519620887424,-0.09622448682785034,-0.2262571156024933,-0.057407612456003676,-0.11555862426757812,-0.34083035588264465,-0.09558579931966449,-0.12542510032653809,-0.4082634747028351,-0.11625864217988635,-0.1286611557006836,-0.47254231572151184,-0.13129225979558612,-0.04285776615142822,-0.23845988512039185,-0.05682334165088321,-0.04888427257537842,-0.2622281014919281,-0.12351549278012897,-0.041298866271972656,-0.15842324495315552,-0.1386605859827199,-0.032176077365875244,-0.08297044038772583,-0.1364710987638631,0.008651971817016602,-0.23306956887245178,-0.0608090520929494,0.018322408199310303,-0.2648817002773285,-0.12245978276244784,0.011079907417297363,-0.17471307516098022,-0.11883102963678027,0.007219195365905762,-0.09940361976623535,-0.10078267614356662,0.05677896738052368,-0.21923726797103882,-0.0683614374231496,0.0999913215637207,-0.2924982011318207,-0.11595924804917956,0.13599270582199097,-0.3423231840133667,-0.13042127202264453,0.16929703950881958,-0.3861086368560791,-0.13248524676076556,space
0.0,0.0,0.0,-0.07065701484680176,-0.023157596588134766,-0.044338392058193676,-0.13682478666305542,-0.10256725549697876,-0.07418190498071908,-0.1845797300338745,-0.1708887219429016,-0.10382818240839242,-0.2324148416519165,-0.2201133370399475,-0.13277526009994745,-0.09317654371261597,-0.215032696723938,-0.07150377143341302,-0.11432528495788574,-0.33035850524902344,-0.1139697637053132,-0.12364137172698975,-0.3970983028411865,-0.13374581743198632,-0.12493371963500977,-0.45802778005599976,-0.1460025887580514,-0.03692781925201416,-0.22820335626602173,-0.07238042909818887,-0.04567009210586548,-0.23705703020095825,-0.14840541590172052,-0.040579378604888916,-0.1297365427017212,-0.16735051382499933,-0.03477168083190918,-0.048906683921813965,-0.16502894271332025,0.017033934593200684,-0.22036153078079224,-0.0775124039145112,0.02080613374710083,-0.238503098487854,-0.15047138739544152,0.01385718584060669,-0.14467304944992065,-0.1513930391164422,0.007853209972381592,-0.06884187459945679,-0.13271926153618097,0.06646591424942017,-0.206315815448761,-0.0858034770579934,0.10791712999343872,-0.27888476848602295,-0.13648816753345727,0.14596766233444214,-0.325874000787735,-0.14927880276161432,0.17857331037521362,-0.36620354652404785,-0.14853635240513086,space
0.0,0.0,0.0,-0.06881183385848999,-0.020745456218719482,-0.03671711026873936,-0.13690757751464844,-0.09492164850234985,-0.06119027822461476,-0.18659454584121704,-0.15578293800354004,-0.08604705794897427,-0.23329967260360718,-0.1994556188583374,-0.11032156362381329,-0.09672760963439941,-0.2056158185005188,-0.059079484038022656,-0.12264496088027954,-0.313557893037796,-0.09339684709158291,-0.13491421937942505,-0.37760278582572937,-0.10871077790108075,-0.14051640033721924,-0.43571901321411133,-0.11881577684727063,-0.041955530643463135,-0.22209292650222778,-0.061287456147340436,-0.05819791555404663,-0.21892130374908447,-0.12823396637287487,-0.05157715082168579,-0.11233663558959961,-0.14534660889950146,-0.044004857540130615,-0.033618390560150146,-0.1431434275135075,0.01139611005783081,-0.2145601511001587,-0.06665872498598446,0.00926351547241211,-0.22097527980804443,-0.13287979080524792,0.0030506253242492676,-0.12949055433273315,-0.1323269130214726,-0.0013055801391601562,-0.05526489019393921,-0.11373337819424023,0.060397446155548096,-0.19924718141555786,-0.07435256703939785,0.10031086206436157,-0.2691728472709656,-0.12124689384546627,0.13555628061294556,-0.3189462423324585,-0.1314792008623158,0.16421085596084595,-0.361339271068573,-0.12908133580532422,space
0.0,0.0,0.0,-0.06692516803741455,-0.0225294828414917,-0.034428827711963095,-0.1358318328857422,-0.09184318780899048,-0.06082225243153516,-0.18552294373512268,-0.14401394128799438,-0.08828932071628515,-0.22993969917297363,-0.1843969225883484,-0.11588877464237157,-0.0982103943824768,-0.20310521125793457,-0.06089754054846708,-0.13523811101913452,-0.3051411211490631,-0.09504556680622045,-0.15217596292495728,-0.3690403699874878,-0.1106152313441271,-0.16168519854545593,-0.42497706413269043,-0.12022984052600805,-0.046041250228881836,-0.21985220909118652,-0.06409813488426153,-0.07535260915756226,-0.20500707626342773,-0.12996730233135168,-0.0682215690612793,-0.10153305530548096,-0.1495527627557749,-0.06045937538146973,-0.02238708734512329,-0.14919562662544195,0.00569385290145874,-0.21083009243011475,-0.06930975640716497,-0.010763764381408691,-0.21041840314865112,-0.1313337239116663,-0.01485377550125122,-0.1230962872505188,-0.13347986365261022,-0.0152474045753479,-0.05290120840072632,-0.11775273854436819,0.05385005474090576,-0.19417834281921387,-0.0765132981032366,0.08463519811630249,-0.25616395473480225,-0.11745639170112554,0.11564457416534424,-0.3037184774875641,-0.1255196633428568,0.14042353630065918,-0.3472917079925537,-0.12236703211965505,space
0.0,0.0,0.0,-0.06696617603302002,-0.02507680654525757,-0.027685776823403785,-0.13796788454055786,-0.09570503234863281,-0.04958631704116101,-0.1884663701057434,-0.1477510929107666,-0.07380976016187901,-0.232894629240036,-0.1850244402885437,-0.0981708043303513,-0.10485577583312988,-0.20043498277664185,-0.05034046108389134,-0.15155071020126343,-0.30331820249557495,-0.08357707644367451,-0.1761821210384369,-0.36703675985336304,-0.09926834190750355,-0.1929340362548828,-0.4244166910648346,-0.10988885397577519,-0.05721956491470337,-0.21684634685516357,-0.05613004277014966,-0.09424072504043579,-0.21939706802368164,-0.11985097313785786,-0.08309757709503174,-0.11502164602279663,-0.13800443197155232,-0.06842505931854248,-0.03624403476715088,-0.13733303035164113,-0.007393300533294678,-0.21141654253005981,-0.06386022503042454,-0.030015766620635986,-0.22972989082336426,-0.12058462435865636,-0.03306019306182861,-0.14138245582580566,-0.11864998424911732,-0.02857440710067749,-0.06883704662322998,-0.1019210689749741,0.03975719213485718,-0.1975763440132141,-0.07362469519043202,0.06856924295425415,-0.26621297001838684,-0.11290678615236516,0.09558063745498657,-0.31799548864364624,-0.12061096961164708,0.117287278175354,-0.36733394861221313,-0.11806135857963795,space
0.0,0.0,0.0,-0.06916731595993042,-0.028586745262145996,-0.02636856283618272,-0.13766330480575562,-0.10094547271728516,-0.04812773201240361,-0.18299418687820435,-0.157664954662323,-0.07187706861270726,-0.22676867246627808,-0.1976059079170227,-0.09509169939531148,-0.10191428661346436,-0.2133806347846985,-0.05116756144536794,-0.14066332578659058,-0.3200606107711792,-0.08622474107517064,-0.16183394193649292,-0.3834681808948517,-0.10509741190446675,-0.17597895860671997,-0.4419448971748352,-0.11855563405526937,-0.05247151851654053,-0.22724539041519165,-0.05779623496903241,-0.08810436725616455,-0.2343515157699585,-0.12103389832748235,-0.07867735624313354,-0.12849271297454834,-0.13934780541433156,-0.06479203701019287,-0.05070561170578003,-0.1399679917432195,-0.0017710328102111816,-0.22020173072814941,-0.06653378042949498,-0.020939290523529053,-0.24428203701972961,-0.12147160503639043,-0.02553248405456543,-0.15752893686294556,-0.11815287056936086,-0.022744596004486084,-0.08393877744674683,-0.10200136784089864,0.04606914520263672,-0.20613163709640503,-0.07754915091766179,0.07797384262084961,-0.2740404009819031,-0.11780723068488896,0.10497617721557617,-0.32763156294822693,-0.1267012942172414,0.12685859203338623,-0.37895411252975464,-0.12556980434430898,space
0.0,0.0,0.0,-0.07070058584213257,-0.028405427932739258,-0.033193681522533325,-0.13751548528671265,-0.1067802906036377,-0.05825160084597769,-0.18573805689811707,-0.16873204708099365,-0.08467552079193297,-0.23350632190704346,-0.21173334121704102,-0.11070098741285506,-0.09695535898208618,-0.21612423658370972,-0.06297693414919081,-0.12545806169509888,-0.3368121385574341,-0.10357975973121825,-0.14180856943130493,-0.40448087453842163,-0.12418724609844389,-0.15206068754196167,-0.4666598439216614,-0.13810789598457518,-0.044398367404937744,-0.22709247469902039,-0.06758259250156584,-0.06943583488464355,-0.25012925267219543,-0.13870021714203062,-0.06421136856079102,-0.14358031749725342,-0.15680022551052275,-0.05509752035140991,-0.06559580564498901,-0.1559495033168048,0.007496535778045654,-0.22099730372428894,-0.0753561930202693,-0.004194915294647217,-0.25775256752967834,-0.13861957205764952,-0.01136869192123413,-0.16675150394439697,-0.1363976301097125,-0.01156604290008545,-0.08999961614608765,-0.11914752437107268,0.05675005912780762,-0.2101191282272339,-0.08580542369119826,0.09476107358932495,-0.2828238010406494,-0.13152930153839293,0.126653254032135,-0.3377056419849396,-0.14417338384620848,0.1531875729560852,-0.3909880518913269,-0.14531391872398558,space
0.0,0.0,0.0,-0.07320183515548706,-0.030229568481445312,-0.0393678252717109,-0.13944047689437866,-0.11985611915588379,-0.06599195349417641,-0.18498116731643677,-0.19155609607696533,-0.09231638956271127,-0.23016232252120972,-0.2388375699520111,-0.11746976572476342,-0.09260541200637817,-0.24317488074302673,-0.061992887886390236,-0.11160194873809814,-0.35994595289230347,-0.09964885610543206,-0.12296992540359497,-0.43003761768341064,-0.1179435704966636,-0.12611109018325806,-0.4957849085330963,-0.12999334979258492,-0.036139845848083496,-0.253921777009964,-0.06231660071216538,-0.04240536689758301,-0.2708682715892792,-0.12944172370634988,-0.038865745067596436,-0.16185754537582397,-0.14552293765746072,-0.0340803861618042,-0.08427029848098755,-0.14247989702425912,0.01784980297088623,-0.24353757500648499,-0.06611611741982415,0.023033618927001953,-0.2751493453979492,-0.1291645919104667,0.01366192102432251,-0.18272143602371216,-0.1268510823269935,0.006648004055023193,-0.10754221677780151,-0.10788604665003731,0.06837928295135498,-0.2247733175754547,-0.07273375290833428,0.11177617311477661,-0.30324697494506836,-0.1155828242322059,0.14833426475524902,-0.35531648993492126,-0.12548688101969674,0.17901617288589478,-0.4038313031196594,-0.12379741716586068,space
0.0,0.0,0.0,-0.07816636562347412,-0.02964019775390625,-0.041538847967515835,-0.14508682489395142,-0.12279832363128662,-0.06605998276127423,-0.18942099809646606,-0.197673499584198,-0.08958554117334927,-0.2343030571937561,-0.24951177835464478,-0.11168500630510891,-0.09646284580230713,-0.24668031930923462,-0.0636949524129733,-0.11017066240310669,-0.3661441206932068,-0.10224264709604824,-0.11740094423294067,-0.43858519196510315,-0.1210733041013583,-0.1176411509513855,-0.5070753693580627,-0.13450049458397473,-0.03900456428527832,-0.2580294609069824,-0.06277354656113232,-0.0428847074508667,-0.2785590887069702,-0.13089258073223675,-0.03741812705993652,-0.1689995527267456,-0.14618455468071545,-0.030649244785308838,-0.08944487571716309,-0.14344628749741162,0.01593017578125,-0.24828428030014038,-0.06613620965136136,0.02972543239593506,-0.27663153409957886,-0.1302707552756175,0.017928123474121094,-0.18075305223464966,-0.12698005734337414,0.008146584033966064,-0.10341191291809082,-0.10813964752806271,0.06676691770553589,-0.22853690385818481,-0.07302056847466076,0.11687266826629639,-0.3060423731803894,-0.12159834651602353,0.15922409296035767,-0.35959839820861816,-0.13627099095238293,0.19676876068115234,-0.4069991707801819,-0.1379810035075053,space
0.0,0.0,0.0,-0.07954967021942139,-0.027549326419830322,-0.04784125058121447,-0.14606547355651855,-0.118710458278656,-0.07521407274670366,-0.19172298908233643,-0.1976182460784912,-0.10048414735264544,-0.23947250843048096,-0.2509084641933441,-0.12451543627447847,-0.09730690717697144,-0.2381993532180786,-0.07214174388117556,-0.10844999551773071,-0.3618929386138916,-0.11718902705378298,-0.11445724964141846,-0.43524742126464844,-0.14035493103928331,-0.11142021417617798,-0.5044533908367157,-0.15625597505039934,-0.03797644376754761,-0.25192487239837646,-0.06959938226408724,-0.03891044855117798,-0.2734357714653015,-0.1460327204889751,-0.03458058834075928,-0.15968173742294312,-0.16481520204014544,-0.028782308101654053,-0.07547777891159058,-0.16269807486004595,0.019323647022247314,-0.24366551637649536,-0.07231872497267489,0.03351473808288574,-0.268784761428833,-0.14558336107201342,0.02713620662689209,-0.17445343732833862,-0.14883874325222735,0.02076590061187744,-0.09536808729171753,-0.13252522019810442,0.07107424736022949,-0.22801607847213745,-0.07850336251921419,0.12301492691040039,-0.3026559352874756,-0.13339593975014452,0.16426336765289307,-0.35137253999710083,-0.15264999834961657,0.1995183229446411,-0.39329463243484497,-0.15719237892098192,space
0.0,0.0,0.0,-0.08014976978302002,-0.025255918502807617,-0.05236506106646743,-0.14856243133544922,-0.11290866136550903,-0.08212804438861099,-0.19755929708480835,-0.1897682547569275,-0.10911811532767501,-0.24531689286231995,-0.24284106492996216,-0.13423138501437393,-0.10101085901260376,-0.23028171062469482,-0.07811188342364517,-0.11289775371551514,-0.352602481842041,-0.12828670086653915,-0.1189643144607544,-0.42674434185028076,-0.15516352298052993,-0.11538887023925781,-0.4977863132953644,-0.17307698371203628,-0.04190951585769653,-0.24872368574142456,-0.07397476973326889,-0.042687952518463135,-0.25292038917541504,-0.15584870817454544,-0.03608119487762451,-0.14152979850769043,-0.17487705888541427,-0.028359949588775635,-0.06220906972885132,-0.1719180160978624,0.014517724514007568,-0.2429634928703308,-0.0759838187912294,0.02817690372467041,-0.24471092224121094,-0.15391485037596908,0.02359074354171753,-0.14395970106124878,-0.15519907715113845,0.018640577793121338,-0.06500071287155151,-0.1361724400738069,0.0672721266746521,-0.23074132204055786,-0.08230498822720733,0.11482012271881104,-0.2968980669975281,-0.14185316505225387,0.1542862057685852,-0.34062182903289795,-0.16146836819442,0.18955641984939575,-0.3797782361507416,-0.16478629054816452,space
0.0,0.0,0.0,-0.0726882815361023,-0.019262075424194336,-0.051327441176880484,-0.1407720446586609,-0.09833234548568726,-0.08618302299689162,-0.18944203853607178,-0.16889041662216187,-0.11890908732127059,-0.2386411428451538,-0.2241305112838745,-0.15097692265223372,-0.09513849020004272,-0.21742504835128784,-0.08944432093809951,-0.11276167631149292,-0.3347840905189514,-0.13603484286974776,-0.12087690830230713,-0.40514326095581055,-0.15912525012205947,-0.12046927213668823,-0.46985748410224915,-0.17424037708948958,-0.03502309322357178,-0.2351905107498169,-0.08787125750492919,-0.03844320774078369,-0.22166085243225098,-0.16885503782938827,-0.03204691410064697,-0.1083751916885376,-0.19053458823870528,-0.02425318956375122,-0.0241696834564209,-0.1902139003486525,0.020940721035003662,-0.22607731819152832,-0.09019799931954253,0.03179818391799927,-0.2225031852722168,-0.16663236572455276,0.025217294692993164,-0.1282448172569275,-0.16989560081671584,0.01858621835708618,-0.05046224594116211,-0.15311218454550612,0.07125592231750488,-0.20850998163223267,-0.09611139102887023,0.11707764863967896,-0.2783661484718323,-0.1533307100744139,0.15899652242660522,-0.32367873191833496,-0.1699434484453093,0.19553601741790771,-0.357575923204422,-0.1711704249591719,space
0.0,0.0,0.0,-0.07019418478012085,-0.019740521907806396,-0.03786766917872342,-0.13894599676132202,-0.0915442705154419,-0.06552965955305012,-0.19181066751480103,-0.14899933338165283,-0.09363182650375279,-0.24238303303718567,-0.18654268980026245,-0.1214989425377837,-0.09994179010391235,-0.20981544256210327,-0.06381234542894276,-0.12402421236038208,-0.3119852840900421,-0.09644205884504231,-0.13532143831253052,-0.37867671251296997,-0.11182400600480946,-0.14062082767486572,-0.4349551200866699,-0.12177246825265797,-0.042907893657684326,-0.22961360216140747,-0.06685277090835484,-0.05709099769592285,-0.19379663467407227,-0.13381294177341374,-0.04419809579849243,-0.08815443515777588,-0.15607992575931462,-0.03331023454666138,-0.004119753837585449,-0.15720296667385014,0.012864768505096436,-0.21853899955749512,-0.07187927530574711,0.012613475322723389,-0.19090569019317627,-0.1366957502202979,0.009478211402893066,-0.10631996393203735,-0.1422351376848212,0.0073702335357666016,-0.03377813100814819,-0.12784387932586583,0.06516295671463013,-0.2006956934928894,-0.07918743060398015,0.10684674978256226,-0.2609846591949463,-0.12276306764650258,0.14631891250610352,-0.3067840337753296,-0.13187166319656285,0.1784900426864624,-0.3405629098415375,-0.1286938266592017,space
0.0,0.0,0.0,-0.0694042444229126,-0.013964474201202393,-0.035750609187886084,-0.14208227396011353,-0.07603210210800171,-0.06330071046809849,-0.19661542773246765,-0.12468600273132324,-0.09150070354203876,-0.2458951473236084,-0.16193121671676636,-0.11996730819205936,-0.10792851448059082,-0.19174164533615112,-0.0658283124850243,-0.1535903811454773,-0.2816069722175598,-0.1005745197818726,-0.18039155006408691,-0.3419412076473236,-0.11881867453317341,-0.1975466012954712,-0.39313143491744995,-0.13141682401160892,-0.055544137954711914,-0.21775466203689575,-0.06885106518726047,-0.08093678951263428,-0.17580878734588623,-0.13219296589355167,-0.06939172744750977,-0.07254606485366821,-0.15196892276267704,-0.057353854179382324,0.006304800510406494,-0.15438435628871616,-0.0029838085174560547,-0.20931297540664673,-0.07383405074338611,-0.015418708324432373,-0.1841297149658203,-0.1332171674058884,-0.01705026626586914,-0.09503591060638428,-0.13520876720409092,-0.015521705150604248,-0.02268141508102417,-0.12210014119605717,0.04684948921203613,-0.1915583610534668,-0.08120426192741093,0.07854920625686646,-0.24180245399475098,-0.12417067989568409,0.11193692684173584,-0.2876291275024414,-0.133737933187291,0.1405506730079651,-0.3275771141052246,-0.13227319374541935,space
0.0,0.0,0.0,-0.06455522775650024,-0.011215925216674805,-0.027944456106610005,-0.13699966669082642,-0.07137012481689453,-0.04926697096843213,-0.19204795360565186,-0.1199217438697815,-0.07157825238127202,-0.2422652244567871,-0.15310388803482056,-0.09415923363584966,-0.11138802766799927,-0.178866446018219,-0.056409943169541066,-0.15796539187431335,-0.2659505605697632,-0.08891821957249135,-0.18533527851104736,-0.32304155826568604,-0.1063279018463561,-0.20574960112571716,-0.37365394830703735,-0.11968531764168233,-0.06434381008148193,-0.20922249555587769,-0.060866675591654484,-0.09271687269210815,-0.1698371171951294,-0.12168152189869375,-0.07641881704330444,-0.0676647424697876,-0.13855161077398748,-0.061443984508514404,0.006737947463989258,-0.13996909863371343,-0.014953792095184326,-0.2064647078514099,-0.06714049286264867,-0.03220975399017334,-0.18413448333740234,-0.12431086904425115,-0.029538273811340332,-0.09375250339508057,-0.12223786420244664,-0.02516341209411621,-0.02061086893081665,-0.10748873210567922,0.03098076581954956,-0.19282007217407227,-0.07528338140863866,0.06031066179275513,-0.24533843994140625,-0.12074930525440664,0.0911262035369873,-0.2933800220489502,-0.13157017833609075,0.11585009098052979,-0.3369089365005493,-0.1312270790996024,space
0.0,0.0,0.0,-0.06503444910049438,-0.0160253643989563,-0.026362192790514882,-0.13711011409759521,-0.07907938957214355,-0.04631793030679887,-0.19034600257873535,-0.12674707174301147,-0.06806814202249711,-0.2387584149837494,-0.15906155109405518,-0.09026393571079439,-0.1078559160232544,-0.18470919132232666,-0.05223131829083627,-0.15501248836517334,-0.2730475068092346,-0.08546799698055452,-0.18427297472953796,-0.32784900069236755,-0.10133142301023668,-0.20594525337219238,-0.3772122859954834,-0.11176023163974946,-0.061281442642211914,-0.20819276571273804,-0.057199790115959104,-0.09625458717346191,-0.1874394416809082,-0.11828301378668016,-0.08313220739364624,-0.08704185485839844,-0.13480469116151994,-0.06772494316101074,-0.013713657855987549,-0.13440791794241136,-0.011358499526977539,-0.20589613914489746,-0.06412369289577668,-0.03361248970031738,-0.19911718368530273,-0.12075009473741716,-0.03407508134841919,-0.11024576425552368,-0.11956420072496599,-0.02967280149459839,-0.03906667232513428,-0.10393905916393464,0.036170899868011475,-0.1946810483932495,-0.07277858534038728,0.060906410217285156,-0.2550241947174072,-0.11410627790868944,0.08723235130310059,-0.30426016449928284,-0.12314656653583711,0.10896432399749756,-0.34841859340667725,-0.12128621616543,space
0.0,0.0,0.0,-0.06992954015731812,-0.023896992206573486,-0.025708415224812597,-0.14265871047973633,-0.08867323398590088,-0.0478535151627284,-0.1941806972026825,-0.1358482837677002,-0.07298196168210325,-0.2404480278491974,-0.16918271780014038,-0.09878315092589673,-0.10829156637191772,-0.20119845867156982,-0.04947038428451833,-0.15442568063735962,-0.29662689566612244,-0.08370503844287214,-0.17951321601867676,-0.3573474884033203,-0.10122689665820417,-0.19708627462387085,-0.4117358326911926,-0.11270688535239515,-0.059655725955963135,-0.2189374566078186,-0.05640129433538732,-0.09531223773956299,-0.2163546085357666,-0.11882671029832181,-0.08189553022384644,-0.1144225001335144,-0.1378445109870654,-0.06800055503845215,-0.038401126861572266,-0.138467439129613,-0.009593725204467773,-0.2148292064666748,-0.06520751179721174,-0.03054863214492798,-0.22832387685775757,-0.12203843207623777,-0.029188692569732666,-0.1372118592262268,-0.12200958342816648,-0.02332127094268799,-0.06397521495819092,-0.10678722025420484,0.037605345249176025,-0.20223677158355713,-0.07584227682616529,0.06403762102127075,-0.2673170268535614,-0.11480116160180387,0.09061551094055176,-0.3178786337375641,-0.12272660495307264,0.11226356029510498,-0.36765074729919434,-0.12047068835761365,space
0.0,0.0,0.0,-0.07102608680725098,-0.02328968048095703,-0.02740320903325255,-0.13884729146957397,-0.09799879789352417,-0.04683825713658507,-0.18367356061935425,-0.1568886637687683,-0.06849119407200988,-0.22743037343025208,-0.1977372169494629,-0.08964409274125273,-0.10215336084365845,-0.21321529150009155,-0.04510238734150107,-0.1336546540260315,-0.32267478108406067,-0.07623733920121367,-0.15109038352966309,-0.3868468403816223,-0.09183299881482299,-0.16191327571868896,-0.4452739953994751,-0.102201174619438,-0.050967633724212646,-0.23072883486747742,-0.04995354604983504,-0.07457304000854492,-0.2265874743461609,-0.11098403078580077,-0.06277084350585938,-0.12553036212921143,-0.12840094757342513,-0.05133211612701416,-0.05248093605041504,-0.12750117075705703,0.00019860267639160156,-0.22811150550842285,-0.05722646382713492,-0.01155620813369751,-0.24294006824493408,-0.11447835308575804,-0.01177370548248291,-0.15262854099273682,-0.11288489741349395,-0.00929802656173706,-0.07843327522277832,-0.095717418613674,0.05034881830215454,-0.21957123279571533,-0.06661805850529845,0.08258140087127686,-0.28727370500564575,-0.10711164367461379,0.11388087272644043,-0.33653634786605835,-0.11549218338990386,0.13967198133468628,-0.3808889389038086,-0.11269562286400969,space
0.0,0.0,0.0,-0.0773390531539917,-0.023370862007141113,-0.03651830293908631,-0.14316469430923462,-0.10879683494567871,-0.05730600394979035,-0.1886565089225769,-0.17931807041168213,-0.0769868318058542,-0.23608213663101196,-0.21793419122695923,-0.0953787613727144,-0.10051220655441284,-0.21993553638458252,-0.05527106039896523,-0.12293261289596558,-0.3389163613319397,-0.08723355569615876,-0.13458198308944702,-0.41032320261001587,-0.10221010931506669,-0.139354407787323,-0.4772944450378418,-0.11301339902654206,-0.04637545347213745,-0.23600980639457703,-0.054546409479527824,-0.0540996789932251,-0.2486829161643982,-0.11508040615096604,-0.04332292079925537,-0.1492632031440735,-0.12865227200761353,-0.032405972480773926,-0.07727718353271484,-0.12530648448243653,0.005710124969482422,-0.23266088962554932,-0.05719372370019471,0.014088571071624756,-0.24334979057312012,-0.11635611691251313,0.009031116962432861,-0.15623801946640015,-0.11462724693789994,0.003780066967010498,-0.08824044466018677,-0.09721868225112473,0.054708123207092285,-0.22090822458267212,-0.06251821406856095,0.09544110298156738,-0.297797828912735,-0.10692896433845078,0.13370144367218018,-0.34720534086227417,-0.11835700758472001,0.16685909032821655,-0.3889789581298828,-0.11744074263349091,space
0.0,0.0,0.0,-0.07711786031723022,-0.02285867929458618,-0.0461057449227269,-0.1466997265815735,-0.11148744821548462,-0.07237254329976395,-0.1917169690132141,-0.18939882516860962,-0.09617208936271027,-0.23644787073135376,-0.2403193712234497,-0.11847532787379578,-0.1025959849357605,-0.22884488105773926,-0.06729758777674988,-0.11438626050949097,-0.34807634353637695,-0.10726187624987915,-0.1199042797088623,-0.41950827836990356,-0.12870793291386917,-0.11794310808181763,-0.4885714203119278,-0.14291738220509842,-0.045304059982299805,-0.24853378534317017,-0.06345194079932526,-0.03577125072479248,-0.2545446753501892,-0.13147329040822342,-0.026382386684417725,-0.1501503586769104,-0.14691131063756302,-0.020657241344451904,-0.07519495487213135,-0.1430484379177983,0.00931161642074585,-0.24492016434669495,-0.06404025354441956,0.030697166919708252,-0.2502373456954956,-0.12802498289403275,0.028812646865844727,-0.1570829153060913,-0.12589608379659012,0.022918522357940674,-0.08318740129470825,-0.1068117345219548,0.06129610538482666,-0.23151248693466187,-0.068411412323087,0.10385394096374512,-0.3043433427810669,-0.11324956514891937,0.13676530122756958,-0.35536688566207886,-0.12378029027041748,0.1651436686515808,-0.39809107780456543,-0.12206612774190262,space
0.0,0.0,0.0,-0.07350528240203857,-0.024549901485443115,-0.04976531727878353,-0.1417732834815979,-0.11366510391235352,-0.08058712123600742,-0.18660229444503784,-0.18540281057357788,-0.10908280550209781,-0.23201745748519897,-0.24084454774856567,-0.13699290393559238,-0.09747171401977539,-0.2289147973060608,-0.06400399147240421,-0.10124766826629639,-0.35689181089401245,-0.10590952872006199,-0.09835159778594971,-0.42915740609169006,-0.13068184493748447,-0.08775240182876587,-0.4916728138923645,-0.14819483696190616,-0.035668134689331055,-0.24094396829605103,-0.06347234039274952,-0.014899849891662598,-0.2503063678741455,-0.1376327597972562,-0.0021213293075561523,-0.13888335227966309,-0.1582381600019147,0.0007187724113464355,-0.04864710569381714,-0.155881332742851,0.021874666213989258,-0.23175108432769775,-0.06722498177258274,0.04712271690368652,-0.25238037109375,-0.1365200900909116,0.04683351516723633,-0.1526128053665161,-0.13497014580933353,0.03584021329879761,-0.06913387775421143,-0.1168185421702077,0.0710955262184143,-0.2129436731338501,-0.07492375611035129,0.08517104387283325,-0.2206602692604065,-0.1305432641383817,0.06721442937850952,-0.1486404538154602,-0.1337693655368497,0.04522395133972168,-0.08895730972290039,-0.12313577769963047,space
0.0,0.0,0.0,-0.07039594650268555,-0.022361397743225098,-0.048738287073021525,-0.137739896774292,-0.10208982229232788,-0.08263671515548765,-0.18872696161270142,-0.17271506786346436,-0.11453171936834394,-0.23817163705825806,-0.22625714540481567,-0.14554073033893644,-0.09473347663879395,-0.21985846757888794,-0.08285777388179838,-0.1037253737449646,-0.3346590995788574,-0.1254035842236334,-0.10792142152786255,-0.4022828936576843,-0.14566442487800657,-0.10345780849456787,-0.46650591492652893,-0.15869879839981138,-0.03491473197937012,-0.2361411452293396,-0.08145935950840055,-0.031138300895690918,-0.22846704721450806,-0.15616341052616178,-0.02407890558242798,-0.11759787797927856,-0.1755444270190054,-0.01854950189590454,-0.03757035732269287,-0.17399883387649595,0.02148592472076416,-0.22722220420837402,-0.08357910929287016,0.04101651906967163,-0.2276691198348999,-0.15423077462280332,0.038792967796325684,-0.1344546675682068,-0.15609137831295072,0.03178638219833374,-0.05910760164260864,-0.13892638800705015,0.07279282808303833,-0.20968109369277954,-0.08903329936826765,0.120968759059906,-0.27812767028808594,-0.13863068936431944,0.16308355331420898,-0.3224545121192932,-0.1510831725415045,0.1968129277229309,-0.3587545156478882,-0.15029253182972013,space
0.0,0.0,0.0,-0.06884616613388062,-0.020983874797821045,-0.04083238615930895,-0.1377854347229004,-0.09278464317321777,-0.06956716700733523,-0.1898927092552185,-0.15314990282058716,-0.09768606796205859,-0.2360304594039917,-0.20137852430343628,-0.12517356201351504,-0.09857678413391113,-0.20744621753692627,-0.06757734044731478,-0.11649221181869507,-0.3093358278274536,-0.10126730873525958,-0.12362265586853027,-0.3729890286922455,-0.11851288452089648,-0.12452465295791626,-0.43036365509033203,-0.13055867775619845,-0.040894508361816406,-0.2292722463607788,-0.0681079484456859,-0.05439811944961548,-0.1976824402809143,-0.13287469073475222,-0.04219985008239746,-0.09245866537094116,-0.15379276200474123,-0.03168749809265137,-0.011308789253234863,-0.15570931955517153,0.01493149995803833,-0.2198365330696106,-0.07101184203565936,0.0166318416595459,-0.19388747215270996,-0.13386382981479983,0.014439940452575684,-0.10509908199310303,-0.1370687417620502,0.010126829147338867,-0.030754029750823975,-0.12254614456833224,0.06644773483276367,-0.2020372748374939,-0.0767177872294269,0.10552793741226196,-0.2602837085723877,-0.12194355651081423,0.14528465270996094,-0.3002368211746216,-0.13174159153641085,0.17689597606658936,-0.3279953896999359,-0.12910229786575655,space
0.0,0.0,0.0,-0.06665319204330444,-0.01970309019088745,-0.03172117540111685,-0.13550353050231934,-0.0897555947303772,-0.05417511680593634,-0.18714356422424316,-0.14455115795135498,-0.07725380802025938,-0.23344892263412476,-0.18298834562301636,-0.10006418520083571,-0.10039752721786499,-0.20138806104660034,-0.0531245439635768,-0.12882864475250244,-0.29638993740081787,-0.08185621046891356,-0.14410018920898438,-0.35581493377685547,-0.09625260227790022,-0.15346229076385498,-0.4079788029193878,-0.1066889285432353,-0.046456754207611084,-0.22284919023513794,-0.05631045320501471,-0.06910943984985352,-0.19295108318328857,-0.11608115279545927,-0.05648380517959595,-0.08975762128829956,-0.13517943465581084,-0.044463157653808594,-0.010927200317382812,-0.13642144644131804,0.0071563720703125,-0.21457725763320923,-0.061354533522035126,-0.0032453536987304688,-0.1952243447303772,-0.12012988769879485,-0.005020737648010254,-0.10766178369522095,-0.12234504216780806,-0.005067944526672363,-0.033772170543670654,-0.1081121235476985,0.05620527267456055,-0.19780117273330688,-0.06830441647639418,0.0937390923500061,-0.2517074942588806,-0.11066330665221358,0.12970364093780518,-0.29436779022216797,-0.11958935552706862,0.1583033800125122,-0.3285568952560425,-0.11724660986533308,space
0.0,0.0,0.0,-0.06600534915924072,-0.019022822380065918,-0.027516811667112506,-0.13530802726745605,-0.08904498815536499,-0.04671669895770947,-0.18619632720947266,-0.14224398136138916,-0.06727120797160069,-0.23444879055023193,-0.17655158042907715,-0.08800656120303074,-0.10179823637008667,-0.1969577670097351,-0.04677189658406178,-0.13648730516433716,-0.287611722946167,-0.07431968818428913,-0.15564721822738647,-0.34540584683418274,-0.08728606025698582,-0.16885590553283691,-0.3975227475166321,-0.0967538333964626,-0.05111575126647949,-0.21740937232971191,-0.050773893995312847,-0.076560378074646,-0.1920076608657837,-0.10885432134392659,-0.06683307886123657,-0.08957850933074951,-0.12517017642977635,-0.05760711431503296,-0.014281868934631348,-0.12474190215590397,0.0005631446838378906,-0.2101011872291565,-0.05669487412097851,-0.01409059762954712,-0.19672155380249023,-0.11514021228077809,-0.014225959777832031,-0.10650944709777832,-0.11529731522324482,-0.013323605060577393,-0.033971309661865234,-0.09975159685137669,0.04897803068161011,-0.19365966320037842,-0.06403785715821186,0.08080196380615234,-0.2525053024291992,-0.10546623687270085,0.11286967992782593,-0.29791295528411865,-0.11371156345131794,0.1380326747894287,-0.3375205099582672,-0.11128815780404011,space
0.0,0.0,0.0,-0.07034361362457275,-0.02314978837966919,-0.025706418532251973,-0.14114350080490112,-0.09585529565811157,-0.04362421736431088,-0.19132035970687866,-0.1487089991569519,-0.06398093208980526,-0.23694705963134766,-0.1876509189605713,-0.08463780090522732,-0.10157954692840576,-0.199518084526062,-0.04470590010595288,-0.13864469528198242,-0.2938830256462097,-0.07493148252677884,-0.158000648021698,-0.3516460657119751,-0.08740451440525021,-0.17142605781555176,-0.40367332100868225,-0.09511536613416638,-0.049848735332489014,-0.21523571014404297,-0.05007071674179997,-0.08021432161331177,-0.21105635166168213,-0.11168875798892941,-0.0737038254737854,-0.10729551315307617,-0.12743719920825924,-0.06589066982269287,-0.03040522336959839,-0.12482140466880765,0.0025228261947631836,-0.2085031270980835,-0.05769952640247311,-0.0170934796333313,-0.21763968467712402,-0.119143779131889,-0.02046966552734375,-0.12241858243942261,-0.11847847953748669,-0.019850313663482666,-0.047840118408203125,-0.1005692432851788,0.05186730623245239,-0.19339758157730103,-0.06649537638139691,0.08280903100967407,-0.26110583543777466,-0.10844986394357647,0.11262458562850952,-0.3095007538795471,-0.11699989691686596,0.13618075847625732,-0.3552715480327606,-0.11427435532522168,space
0.0,0.0,0.0,-0.07011216878890991,-0.02478891611099243,-0.03388649726795734,-0.13803863525390625,-0.10310792922973633,-0.05682755018162311,-0.18755483627319336,-0.16526418924331665,-0.08007535467433513,-0.23509281873703003,-0.206149160861969,-0.10248485336589397,-0.09524554014205933,-0.2150179147720337,-0.05720257143067897,-0.128726065158844,-0.3232252597808838,-0.09241143743085445,-0.1489456295967102,-0.38683873414993286,-0.11010664085435451,-0.1627408266067505,-0.44375938177108765,-0.12207303325223506,-0.043411850929260254,-0.2298983335494995,-0.05924715603279651,-0.07180213928222656,-0.22689223289489746,-0.12346971164035381,-0.06687092781066895,-0.12324285507202148,-0.1395817709951359,-0.05829465389251709,-0.04977095127105713,-0.13815115521239818,0.008874952793121338,-0.22148066759109497,-0.06436980644750179,-0.0035175681114196777,-0.23623651266098022,-0.12482076267289699,-0.011311888694763184,-0.14714473485946655,-0.12149645517158092,-0.014002740383148193,-0.07378673553466797,-0.10326803604650081,0.05799382925033569,-0.2058265209197998,-0.07207460830497325,0.09377139806747437,-0.2755717635154724,-0.11577502022075237,0.12467086315155029,-0.32835477590560913,-0.12538492808627666,0.15157723426818848,-0.3743393123149872,-0.12360292057084621,space
0.0,0.0,0.0,-0.073611319065094,-0.026314496994018555,-0.03510930316619465,-0.14250749349594116,-0.11784738302230835,-0.057283069212957116,-0.18869614601135254,-0.19171100854873657,-0.07969467269353459,-0.23638811707496643,-0.23669052124023438,-0.10080039428643772,-0.09350836277008057,-0.21490424871444702,-0.05749605150990078,-0.11964297294616699,-0.34297093749046326,-0.09349193351440022,-0.1309073567390442,-0.4150078296661377,-0.11156994031838963,-0.13628524541854858,-0.48246097564697266,-0.12468787210158894,-0.03880643844604492,-0.2290123701095581,-0.059164676089807244,-0.05502086877822876,-0.24457257986068726,-0.12471453027896473,-0.049565792083740234,-0.14023858308792114,-0.13910637723378727,-0.042814552783966064,-0.06573712825775146,-0.13689732479028294,0.014509320259094238,-0.22417426109313965,-0.06439716296367237,0.01627480983734131,-0.25242140889167786,-0.12553557681016514,0.00739443302154541,-0.16035419702529907,-0.11895127521924564,0.0007058978080749512,-0.08417743444442749,-0.09900978135041782,0.06523644924163818,-0.21234232187271118,-0.07268084513120243,0.1109764575958252,-0.28690916299819946,-0.11692865120343754,0.14898300170898438,-0.3397420644760132,-0.12649449633531162,0.1813894510269165,-0.3870139718055725,-0.12525096463136265,space
0.0,0.0,0.0,-0.07904976606369019,-0.029743313789367676,-0.0362854283237084,-0.14778101444244385,-0.1256212592124939,-0.05573717317815863,-0.18948161602020264,-0.20285892486572266,-0.07516646198268973,-0.2306150197982788,-0.2519259452819824,-0.09421726874347769,-0.09707444906234741,-0.23629480600357056,-0.04253070987101637,-0.10688066482543945,-0.3633663058280945,-0.0779862608694657,-0.11099308729171753,-0.43852367997169495,-0.0997666101836785,-0.10924357175827026,-0.5058445036411285,-0.11484384349819265,-0.04146742820739746,-0.2514955699443817,-0.0416059065544232,-0.0452154278755188,-0.2571730315685272,-0.10067327133651816,-0.035504698753356934,-0.15474605560302734,-0.11296067199941717,-0.029436767101287842,-0.07603120803833008,-0.10809614322420202,0.012616276741027832,-0.24822115898132324,-0.0449768844925984,0.00995492935180664,-0.2537967562675476,-0.10050739906068884,0.009706258773803711,-0.15496546030044556,-0.0920265000247582,0.007928669452667236,-0.07376492023468018,-0.07105904630657278,0.06191587448120117,-0.2369334101676941,-0.05182955599661909,0.06506085395812988,-0.2665095329284668,-0.09358696452613913,0.05211007595062256,-0.20656037330627441,-0.09006615541215979,0.04108023643493652,-0.150557279586792,-0.07629868946310125,space
0.0,0.0,0.0,-0.07966560125350952,-0.0372462272644043,-0.04632098944632901,-0.1484023928642273,-0.1380021572113037,-0.07314659626929654,-0.1906033754348755,-0.21597319841384888,-0.09818000318257702,-0.2331734299659729,-0.2751874625682831,-0.12262823404519452,-0.09650629758834839,-0.2512107193470001,-0.05435429485289944,-0.09957396984100342,-0.3811757564544678,-0.09488555760829342,-0.09880268573760986,-0.4574818015098572,-0.12026128889768017,-0.09168267250061035,-0.5264333486557007,-0.13863101573436154,-0.035762906074523926,-0.25654131174087524,-0.05384778948275937,-0.023688554763793945,-0.27577751874923706,-0.12335081370322598,-0.01719486713409424,-0.16844093799591064,-0.14185087354628934,-0.016902506351470947,-0.08424770832061768,-0.13967490168063534,0.021887123584747314,-0.2455230951309204,-0.05809199781863583,0.03544825315475464,-0.26848065853118896,-0.12301307143418683,0.028382301330566406,-0.16702932119369507,-0.11579187186210049,0.01738077402114868,-0.0860549807548523,-0.09474766226260556,0.07445728778839111,-0.22536343336105347,-0.06632270635812176,0.0813397765159607,-0.2556709051132202,-0.11578723015038861,0.06253647804260254,-0.17958658933639526,-0.11178417475669278,0.046053290367126465,-0.11557823419570923,-0.0969087553188075,space
0.0,0.0,0.0,-0.07366400957107544,-0.0328407883644104,-0.047592573556755724,-0.13926595449447632,-0.12744003534317017,-0.07818025419459218,-0.18657809495925903,-0.2067243456840515,-0.10816963085875386,-0.2319709062576294,-0.2660539150238037,-0.13705940613493794,-0.08756780624389648,-0.23995649814605713,-0.07519139418349141,-0.09531599283218384,-0.3688602149486542,-0.12203543702111119,-0.09662812948226929,-0.4405023455619812,-0.14535613426909322,-0.08923649787902832,-0.5082088708877563,-0.15958277950034017,-0.02603203058242798,-0.2468605637550354,-0.0749361298416602,-0.026036977767944336,-0.2579260468482971,-0.1569336957667815,-0.023098289966583252,-0.14476919174194336,-0.17652104863867635,-0.021544575691223145,-0.06162625551223755,-0.17284005949244374,0.03135716915130615,-0.23356807231903076,-0.07962381163582677,0.046225130558013916,-0.2543226480484009,-0.1568547345136153,0.036903977394104004,-0.15593701601028442,-0.15625323424086446,0.024852216243743896,-0.0773005485534668,-0.1350618458722579,0.0844162106513977,-0.21369290351867676,-0.0879514075253951,0.1302904486656189,-0.28756529092788696,-0.14040950009569997,0.16405630111694336,-0.34036433696746826,-0.1530182964538085,0.19030886888504028,-0.3854984641075134,-0.151633129212712,space
0.0,0.0,0.0,-0.07128357887268066,-0.022114098072052002,-0.0485308144169494,-0.1389111876487732,-0.10593783855438232,-0.07946827746206964,-0.18857914209365845,-0.17668193578720093,-0.10826560593420709,-0.23626941442489624,-0.23347347974777222,-0.13588019944006646,-0.09414219856262207,-0.22674793004989624,-0.07565395272547448,-0.10852724313735962,-0.34192851185798645,-0.11813544965559686,-0.11508482694625854,-0.41106587648391724,-0.1406897578316375,-0.11551010608673096,-0.47566336393356323,-0.15598623193079675,-0.033463239669799805,-0.24073219299316406,-0.07287224120670999,-0.0366707444190979,-0.23385167121887207,-0.149125945933406,-0.03129267692565918,-0.11718398332595825,-0.16796049214178765,-0.02761554718017578,-0.032835304737091064,-0.1654480222540542,0.022826552391052246,-0.22730141878128052,-0.07430669403845513,0.03419846296310425,-0.22844749689102173,-0.14616894460493768,0.02594137191772461,-0.12643557786941528,-0.1434600625115081,0.015080153942108154,-0.04679983854293823,-0.12273047602946008,0.07305598258972168,-0.20502305030822754,-0.07938049472147668,0.11327153444290161,-0.26937514543533325,-0.1318111095505401,0.14666235446929932,-0.31476879119873047,-0.14389472938353265,0.17410194873809814,-0.35446736216545105,-0.14210356510454858,space
0.0,0.0,0.0,-0.0711050033569336,-0.022918224334716797,-0.03555813115931983,-0.14162325859069824,-0.10065841674804688,-0.06047158372498984,-0.19438713788986206,-0.16062039136886597,-0.08565248978234763,-0.24445536732673645,-0.202958345413208,-0.11060788166619773,-0.09850603342056274,-0.21415770053863525,-0.06129955184556479,-0.12419259548187256,-0.31552278995513916,-0.0929016886363172,-0.13654839992523193,-0.3801734745502472,-0.10837128442622657,-0.14287209510803223,-0.4362318813800812,-0.11910747420884604,-0.040598273277282715,-0.2337093949317932,-0.06415384692050452,-0.061734914779663086,-0.2000730037689209,-0.12865986359216208,-0.05284696817398071,-0.09271955490112305,-0.1489612652073049,-0.043137311935424805,-0.009438753128051758,-0.1502260608682775,0.015489697456359863,-0.2221502661705017,-0.06901596170760627,0.01111382246017456,-0.19438117742538452,-0.1321918411264562,0.005353450775146484,-0.10335808992385864,-0.13532105517484183,0.0018556714057922363,-0.026598811149597168,-0.12060770821668143,0.06739312410354614,-0.20150542259216309,-0.07621811014510627,0.10957890748977661,-0.25843125581741333,-0.12173551005221839,0.15077364444732666,-0.3014349341392517,-0.13210317921735282,0.18559759855270386,-0.3335757255554199,-0.13020931613542075,space
0.0,0.0,0.0,-0.06945335865020752,-0.01994466781616211,-0.03279321314963113,-0.14100497961044312,-0.08980226516723633,-0.057645213326537714,-0.19475826621055603,-0.1454613208770752,-0.0837775026467682,-0.24372681975364685,-0.1830958127975464,-0.11062391149076234,-0.09997403621673584,-0.2051016092300415,-0.05776154669197808,-0.13927394151687622,-0.2941945195198059,-0.0895736743715645,-0.1623104214668274,-0.35462862253189087,-0.10628061043294679,-0.177509605884552,-0.4060099124908447,-0.11771798180612336,-0.04562419652938843,-0.22800493240356445,-0.061344665011489496,-0.07463407516479492,-0.18991971015930176,-0.12242355244430314,-0.06705349683761597,-0.08478105068206787,-0.14260710822614442,-0.05827069282531738,-0.0036392807960510254,-0.1451428090241791,0.007859766483306885,-0.217296302318573,-0.06664917664798509,-0.008102893829345703,-0.1938471794128418,-0.12598563777478944,-0.01302027702331543,-0.10108637809753418,-0.12940265285047303,-0.014236986637115479,-0.024821162223815918,-0.11645230697664033,0.05707275867462158,-0.19668924808502197,-0.07392033981355439,0.092673659324646,-0.24529105424880981,-0.11543509410890351,0.1290636658668518,-0.28753864765167236,-0.12422753172191392,0.15951526165008545,-0.3230893015861511,-0.12223430769714128,space
0.0,0.0,0.0,-0.06967651844024658,-0.024436593055725098,-0.027043906182143473,-0.1410762071609497,-0.1006549596786499,-0.04784922222802379,-0.19233077764511108,-0.15628182888031006,-0.07152442182609775,-0.24033570289611816,-0.19601798057556152,-0.0959986775667403,-0.10038667917251587,-0.2039886713027954,-0.049881464943382525,-0.14244800806045532,-0.3025231659412384,-0.08307044501611927,-0.16577965021133423,-0.3635697364807129,-0.09738464947054126,-0.18194341659545898,-0.41816312074661255,-0.10597665156433322,-0.0485149621963501,-0.22051066160202026,-0.05600919123003223,-0.08471304178237915,-0.21409392356872559,-0.12032122458526828,-0.07889282703399658,-0.10721808671951294,-0.13716950561115482,-0.07060456275939941,-0.02730107307434082,-0.13491403605053165,0.005205929279327393,-0.21281880140304565,-0.06433119918415287,-0.018137693405151367,-0.2202514410018921,-0.12668256010124423,-0.022412776947021484,-0.12436610460281372,-0.12677917923042514,-0.022172272205352783,-0.04906153678894043,-0.10920751388380268,0.05626481771469116,-0.1967105269432068,-0.07399304504701831,0.08573180437088013,-0.2646220326423645,-0.1157345950157378,0.11408877372741699,-0.31402474641799927,-0.12378796483585575,0.13608598709106445,-0.36098426580429077,-0.12059179241964557,space
0.0,0.0,0.0,-0.07224637269973755,-0.029209673404693604,-0.02936818849380529,-0.14329099655151367,-0.10721570253372192,-0.05076891023750818,-0.19191431999206543,-0.1667708158493042,-0.07444436688061273,-0.23773378133773804,-0.21199369430541992,-0.09850134540434397,-0.10121488571166992,-0.2121853232383728,-0.05200518135066545,-0.13560551404953003,-0.31592047214508057,-0.08699511576529062,-0.15453261137008667,-0.3797643780708313,-0.10389469403858698,-0.16644656658172607,-0.43910646438598633,-0.11470455516214884,-0.04674428701400757,-0.2278454303741455,-0.05701687771912134,-0.0786442756652832,-0.22989791631698608,-0.12194596815939462,-0.07377523183822632,-0.1209602952003479,-0.13978171933527506,-0.06444698572158813,-0.03982996940612793,-0.138603752740579,0.008052706718444824,-0.2203640341758728,-0.06450875688429392,-0.008971750736236572,-0.23998010158538818,-0.12641040075655496,-0.015132427215576172,-0.14237749576568604,-0.12543239284391916,-0.014514148235321045,-0.06195354461669922,-0.10746823091145075,0.05881112813949585,-0.20446324348449707,-0.07389897693033731,0.09224778413772583,-0.27657437324523926,-0.11655857998962915,0.12409943342208862,-0.3269471526145935,-0.12548716951246774,0.15186947584152222,-0.37374165654182434,-0.12296428371305979,space
0.0,0.0,0.0,-0.07297646999359131,-0.027319371700286865,-0.035376200568606464,-0.14237403869628906,-0.11088889837265015,-0.06065643404119214,-0.19105535745620728,-0.17778396606445312,-0.08718743000619611,-0.2394738793373108,-0.22577601671218872,-0.11331923876397809,-0.09859389066696167,-0.22243571281433105,-0.05989136372201642,-0.12857049703598022,-0.3365003168582916,-0.09820474509589872,-0.14490777254104614,-0.40159308910369873,-0.11686707858436307,-0.15346527099609375,-0.4617662727832794,-0.12902662728421888,-0.04355335235595703,-0.23559916019439697,-0.06345675711028775,-0.06702369451522827,-0.2455567717552185,-0.13272007380120954,-0.06306648254394531,-0.13536298274993896,-0.15046570275418958,-0.05529642105102539,-0.05489051342010498,-0.14897260640256604,0.011393964290618896,-0.22748488187789917,-0.07031043444268903,0.0027561187744140625,-0.25575584173202515,-0.13479064975373944,-0.005856454372406006,-0.15921258926391602,-0.13204673503034314,-0.009133756160736084,-0.07887160778045654,-0.11311439250104627,0.06218826770782471,-0.21195995807647705,-0.07986126665466031,0.10294640064239502,-0.28681695461273193,-0.12434888456456861,0.13830506801605225,-0.3405318558216095,-0.134067034465005,0.16824251413345337,-0.3903765082359314,-0.13250645075433454,space
0.0,0.0,0.0,-0.07589471340179443,-0.026476144790649414,-0.04273963753635712,-0.14695805311203003,-0.11658346652984619,-0.06959306855256386,-0.19561821222305298,-0.19215261936187744,-0.09631229598576851,-0.24470725655555725,-0.24543166160583496,-0.12156716395671197,-0.0992124080657959,-0.2203248143196106,-0.06583910096938439,-0.12412649393081665,-0.3464588522911072,-0.10787707973773308,-0.13600879907608032,-0.41474056243896484,-0.12818836082274743,-0.1408073902130127,-0.47905370593070984,-0.14208712090308495,-0.042552649974823,-0.23215723037719727,-0.06686885316426583,-0.05836290121078491,-0.2560610771179199,-0.14291328598315545,-0.05538445711135864,-0.14470916986465454,-0.16014862467105218,-0.04888516664505005,-0.062389373779296875,-0.15768790651614495,0.013070166110992432,-0.22761207818984985,-0.07281484116370507,0.01368039846420288,-0.26991599798202515,-0.1433287452584011,0.0031679868698120117,-0.17626887559890747,-0.13987128843123742,-0.0024929046630859375,-0.09442609548568726,-0.12010218609626122,0.06515777111053467,-0.21689468622207642,-0.08226968754584618,0.11095118522644043,-0.2942458391189575,-0.13320935179049798,0.14938122034072876,-0.3490680754184723,-0.14698103476817437,0.18245810270309448,-0.39773374795913696,-0.14824191142375298,space
0.0,0.0,0.0,-0.0767328143119812,-0.0288810133934021,-0.047394126964263705,-0.1467512845993042,-0.11695122718811035,-0.07806294442480066,-0.19731009006500244,-0.19124341011047363,-0.10724235357110956,-0.24691087007522583,-0.24751067161560059,-0.13487409086292246,-0.0957900881767273,-0.2256738543510437,-0.07904762805765131,-0.12197566032409668,-0.34391355514526367,-0.12654712827270487,-0.13474708795547485,-0.4106155037879944,-0.14987330169742563,-0.13986682891845703,-0.4711228013038635,-0.1651043298966215,-0.03776675462722778,-0.23934096097946167,-0.07894258977239588,-0.059315502643585205,-0.2508442997932434,-0.16049023003643015,-0.058897554874420166,-0.13778913021087646,-0.17987135083740213,-0.05295407772064209,-0.05332452058792114,-0.17817635865276316,0.01802438497543335,-0.23032689094543457,-0.08399458260601023,0.013708233833312988,-0.25498729944229126,-0.16063551635807016,0.003423750400543213,-0.1622142195701599,-0.16188877852027872,-0.001067042350769043,-0.08114153146743774,-0.14412935109203318,0.06937086582183838,-0.21505099534988403,-0.09264843941991785,0.11512839794158936,-0.28913614153862,-0.1507678482062147,0.1548703908920288,-0.3431703448295593,-0.16996586353843668,0.19028902053833008,-0.38712137937545776,-0.17402212352817514,space
0.0,0.0,0.0,-0.07699787616729736,-0.02987957000732422,-0.04709496252058898,-0.142838716506958,-0.11652719974517822,-0.07558033890842353,-0.1896933913230896,-0.19095712900161743,-0.1017676246893302,-0.2382623553276062,-0.24587595462799072,-0.1263541159760848,-0.09072035551071167,-0.22469377517700195,-0.08203251935361777,-0.11409986019134521,-0.340414434671402,-0.13077901579259787,-0.12453591823577881,-0.40471673011779785,-0.1545606283080474,-0.12651270627975464,-0.4631372392177582,-0.17026235438703452,-0.03116786479949951,-0.23635989427566528,-0.08087019152759467,-0.04988795518875122,-0.24561864137649536,-0.16315774895070945,-0.04725027084350586,-0.1346692442893982,-0.18063372649072562,-0.039679646492004395,-0.05260467529296875,-0.17781640864728843,0.02495211362838745,-0.22621065378189087,-0.08510451294301902,0.021330416202545166,-0.24497967958450317,-0.1638887999188796,0.013372719287872314,-0.14788824319839478,-0.16469037808298026,0.010707378387451172,-0.06450891494750977,-0.14666755772947226,0.07580500841140747,-0.21303582191467285,-0.09281180329440986,0.12504655122756958,-0.2815250754356384,-0.15831990815519248,0.16625839471817017,-0.332280695438385,-0.18234554208635245,0.20267432928085327,-0.374515175819397,-0.18917881227849875,space
0.0,0.0,0.0,-0.029718875885009766,-0.11654269695281982,-0.010295683480734397,-0.08670300245285034,-0.24458765983581543,-0.022128535397285987,-0.12499797344207764,-0.33500558137893677,-0.031832642815942336,-0.14264291524887085,-0.4119967818260193,-0.04055847223841624,-0.1480913758277893,-0.23365449905395508,-0.04180607195937114,-0.25268810987472534,-0.20304155349731445,-0.062428455762500334,-0.2162284255027771,-0.17718809843063354,-0.06925474103533702,-0.17703068256378174,-0.18554484844207764,-0.07180409129702525,-0.15955263376235962,-0.15379828214645386,-0.04821788888418155,-0.25842905044555664,-0.12984949350357056,-0.059863667897815276,-0.21949845552444458,-0.11371779441833496,-0.053331382535333205,-0.18304133415222168,-0.11621242761611938,-0.05164071541273074,-0.16322755813598633,-0.07005715370178223,-0.05462535839521365,-0.251994252204895,-0.0594710111618042,-0.06951494511210399,-0.2160513997077942,-0.04667174816131592,-0.05573734637343364,-0.17985737323760986,-0.04805779457092285,-0.047472853176230956,-0.1653425097465515,0.0076912641525268555,-0.060948450080985594,-0.2364135980606079,-0.002145707607269287,-0.07409663494669871,-0.20374351739883423,0.005374133586883545,-0.0619237906857677,-0.16929280757904053,0.006969094276428223,-0.05086293812834697,idle
0.0,0.0,0.0,-0.026956021785736084,-0.11519330739974976,-0.00931735356864749,-0.08387911319732666,-0.24574273824691772,-0.021791906296883212,-0.12109023332595825,-0.3359270691871643,-0.03278724217382489,-0.13360190391540527,-0.41548049449920654,-0.04328289741245328,-0.14396440982818604,-0.23130828142166138,-0.03959521019426404,-0.24910110235214233,-0.21013396978378296,-0.06181208902565061,-0.21518278121948242,-0.1833871603012085,-0.07105251887408315,-0.17570114135742188,-0.1904246211051941,-0.07510673740473806,-0.15624940395355225,-0.15013521909713745,-0.04662489631739675,-0.25618207454681396,-0.1371956467628479,-0.058795434623633014,-0.21890783309936523,-0.1195412278175354,-0.053066336750660525,-0.18143874406814575,-0.11837965250015259,-0.05168872439828931,-0.16131585836410522,-0.06517750024795532,-0.05393750706282674,-0.25121378898620605,-0.06621569395065308,-0.06916385629740773,-0.21630030870437622,-0.052775025367736816,-0.056452603280220615,-0.1793675422668457,-0.05101591348648071,-0.04859867060152112,-0.16404414176940918,0.011858165264129639,-0.060960070430908786,-0.2349490523338318,-0.006756246089935303,-0.07370283940402089,-0.20340102910995483,0.0010986328125,-0.06213001647559224,-0.16901558637619019,0.005658209323883057,-0.05169012138215123,idle
0.0,0.0,0.0,-0.02516716718673706,-0.1164739727973938,-0.009920324647978873,-0.0795031189918518,-0.2480297088623047,-0.022464399675087066,-0.1141248345375061,-0.3402875065803528,-0.03343068573828134,-0.12686705589294434,-0.4197337031364441,-0.04407917101140413,-0.13788896799087524,-0.2356104850769043,-0.04113723103161249,-0.2436966896057129,-0.21781271696090698,-0.06457171354647073,-0.2108580470085144,-0.19123739004135132,-0.07494962725992593,-0.17207062244415283,-0.1974012851715088,-0.07963286105747613,-0.15124332904815674,-0.1545400619506836,-0.048088652530864806,-0.2521389126777649,-0.14549154043197632,-0.060926986376003356,-0.21583718061447144,-0.12798166275024414,-0.055510797986940474,-0.17868781089782715,-0.1256619691848755,-0.054553152511076064,-0.15750104188919067,-0.07060873508453369,-0.05533742297645006,-0.2462172508239746,-0.07482588291168213,-0.07074718687887582,-0.2126902937889099,-0.061325669288635254,-0.057576497534469695,-0.17694783210754395,-0.05815809965133667,-0.049597845861867995,-0.16160625219345093,0.005535125732421875,-0.0624462119137803,-0.23224657773971558,-0.016115546226501465,-0.07524811987038049,-0.20123541355133057,-0.007446110248565674,-0.06310178104992303,-0.16729438304901123,-0.0014961957931518555,-0.05228757623787317,idle
0.0,0.0,0.0,-0.023022174835205078,-0.12061882019042969,-0.009971786825687445,-0.07379567623138428,-0.24620521068572998,-0.021681700437099494,-0.11042213439941406,-0.33555784821510315,-0.03119132907572464,-0.1304265856742859,-0.40974581241607666,-0.03978713282826618,-0.13837963342666626,-0.23238879442214966,-0.041430689929754294,-0.24095892906188965,-0.20711064338684082,-0.06132793852570728,-0.2096680998802185,-0.1797519326210022,-0.06873375975969509,-0.17266297340393066,-0.18360376358032227,-0.07170317375543789,-0.15199488401412964,-0.149788498878479,-0.04717508384469227,-0.24862134456634521,-0.13537365198135376,-0.05868628674629406,-0.21340149641036987,-0.11931103467941284,-0.053173777251274146,-0.17685019969940186,-0.11886358261108398,-0.0525262398410149,-0.15796536207199097,-0.06766301393508911,-0.052632745890647925,-0.24294757843017578,-0.07023334503173828,-0.06704130077245907,-0.211156964302063,-0.05793309211730957,-0.05366178282979206,-0.1765592098236084,-0.054877519607543945,-0.04586271622660831,-0.16146153211593628,0.006046652793884277,-0.05801490375283436,-0.22558778524398804,-0.01461935043334961,-0.07045775705459789,-0.19615983963012695,-0.005025804042816162,-0.05835187861207203,-0.16391700506210327,0.0013809800148010254,-0.04759624653938488,idle
0.0,0.0,0.0,-0.02250605821609497,-0.11960262060165405,-0.008209590103348319,-0.07320892810821533,-0.2393651008605957,-0.018389721635600154,-0.11354541778564453,-0.3237192630767822,-0.027253347683569018,-0.13212889432907104,-0.3972852826118469,-0.035627040315290515,-0.13803160190582275,-0.22621309757232666,-0.031094133157154147,-0.2332882285118103,-0.1981406807899475,-0.04829678242268187,-0.20341593027114868,-0.17014247179031372,-0.05558826704682929,-0.16799050569534302,-0.17359167337417603,-0.059128987837453906,-0.15147870779037476,-0.14949947595596313,-0.037355303067585055,-0.24023330211639404,-0.12876570224761963,-0.04732739855708701,-0.206598699092865,-0.11184245347976685,-0.04356998508038146,-0.17101234197616577,-0.11252176761627197,-0.04400335182609183,-0.15750503540039062,-0.07092070579528809,-0.04365637456240279,-0.2357860803604126,-0.06687021255493164,-0.057630161989351336,-0.20390057563781738,-0.05382794141769409,-0.04635277693333251,-0.16978102922439575,-0.051972925662994385,-0.03975990717472655,-0.1605602502822876,0.0011299848556518555,-0.04989579250278098,-0.21876907348632812,-0.013120710849761963,-0.06283173267902953,-0.18837547302246094,-0.002962052822113037,-0.05230476637544257,-0.15669763088226318,0.0021410584449768066,-0.04249060829343421,idle
0.0,0.0,0.0,-0.021333634853363037,-0.1121094822883606,-0.007979004063898287,-0.06724387407302856,-0.22717207670211792,-0.01714021840810176,-0.10635805130004883,-0.30860012769699097,-0.02505638019859191,-0.12780886888504028,-0.37671202421188354,-0.03282411338507529,-0.13074630498886108,-0.21735215187072754,-0.031286071406000815,-0.21903419494628906,-0.18571573495864868,-0.0476781682830989,-0.1905319094657898,-0.15873700380325317,-0.054100285635584555,-0.15728497505187988,-0.1626531481742859,-0.05681195424615737,-0.14554381370544434,-0.14387214183807373,-0.0373297961217105,-0.2256770133972168,-0.11666327714920044,-0.04717554839074012,-0.19265460968017578,-0.09951680898666382,-0.043697766379708014,-0.15892112255096436,-0.10085439682006836,-0.04395496414720412,-0.1523360013961792,-0.06776160001754761,-0.04320542828857299,-0.22277939319610596,-0.05598348379135132,-0.05696996243416663,-0.19186943769454956,-0.042397260665893555,-0.04663471074520942,-0.15931349992752075,-0.04046100378036499,-0.04044447781264182,-0.15671700239181519,0.0031669139862060547,-0.04903236718594428,-0.20930767059326172,-0.0032080411911010742,-0.06176176609217521,-0.1798025369644165,0.007177233695983887,-0.051949671820992194,-0.14934945106506348,0.011549174785614014,-0.04245561303316947,idle
0.0,0.0,0.0,-0.019746840000152588,-0.11018091440200806,-0.005050072984886356,-0.06351602077484131,-0.21611040830612183,-0.01296475536946673,-0.10515367984771729,-0.2909019887447357,-0.0203441438061418,-0.1250094175338745,-0.35536548495292664,-0.027777714727562852,-0.1313713788986206,-0.20929831266403198,-0.024749280957621522,-0.21439754962921143,-0.17635726928710938,-0.03902315728191752,-0.18730676174163818,-0.1495664119720459,-0.04539990432385821,-0.1550145149230957,-0.15284889936447144,-0.048407442940515466,-0.14512115716934204,-0.13914406299591064,-0.031065004019183107,-0.21968823671340942,-0.10900050401687622,-0.03818997375492472,-0.18862289190292358,-0.09146803617477417,-0.03489041708235163,-0.15631932020187378,-0.09364461898803711,-0.03553485132579226,-0.1510065197944641,-0.0659453272819519,-0.037126720024389215,-0.2160051465034485,-0.05108761787414551,-0.04828131206159014,-0.18745124340057373,-0.03767824172973633,-0.03918362416152377,-0.15692436695098877,-0.03665459156036377,-0.03418366990808863,-0.15419137477874756,0.0030257701873779297,-0.042985152525943704,-0.2003743052482605,0.0005051493644714355,-0.05372579775576014,-0.1716715693473816,0.011095285415649414,-0.044607400966924615,-0.14310818910598755,0.01431739330291748,-0.03583117954258341,idle
0.0,0.0,0.0,-0.016745448112487793,-0.10987991094589233,-0.004402829719509782,-0.05827885866165161,-0.21116071939468384,-0.011954222725506725,-0.10261917114257812,-0.28344476222991943,-0.019222927199479045,-0.12209433317184448,-0.3470058739185333,-0.02668794702159971,-0.12761688232421875,-0.21194490790367126,-0.02314044806527704,-0.20436757802963257,-0.1746598482131958,-0.03706375967132658,-0.17947781085968018,-0.14476603269577026,-0.04291005890237898,-0.14882290363311768,-0.1457635760307312,-0.04581915672289938,-0.14242440462112427,-0.1442192792892456,-0.030150203885312976,-0.21293193101882935,-0.10643112659454346,-0.038209971891518535,-0.18200033903121948,-0.08562630414962769,-0.03596880372035116,-0.15032142400741577,-0.08735001087188721,-0.03679859350788206,-0.14866691827774048,-0.07215476036071777,-0.036684815691586437,-0.20869117975234985,-0.04690873622894287,-0.04904540340768904,-0.17929565906524658,-0.032222747802734375,-0.04105564664470762,-0.14916390180587769,-0.03350001573562622,-0.03633647124635786,-0.15186262130737305,-0.002582073211669922,-0.042860151188250484,-0.19314616918563843,0.005010008811950684,-0.05468647639619917,-0.16341716051101685,0.016048133373260498,-0.046618458734627666,-0.1354273557662964,0.01659989356994629,-0.03821407716142744,idle
0.0,0.0,0.0,-0.014853417873382568,-0.11820334196090698,-0.00655328539882305,-0.05561268329620361,-0.2333633303642273,-0.016163549029570845,-0.09575992822647095,-0.3145802915096283,-0.025606684961658743,-0.11473506689071655,-0.38591834902763367,-0.03499919978652599,-0.12137430906295776,-0.2389463186264038,-0.029548939892393378,-0.212294340133667,-0.21411067247390747,-0.04831298870716694,-0.18559831380844116,-0.18056714534759521,-0.056293778696399954,-0.15110284090042114,-0.1793951392173767,-0.0603764807966769,-0.13738781213760376,-0.16940516233444214,-0.03822059614334705,-0.22350019216537476,-0.13827818632125854,-0.050469566711527136,-0.18899929523468018,-0.11671990156173706,-0.0483232444313586,-0.15415018796920776,-0.11723965406417847,-0.04959871304903629,-0.14580541849136353,-0.09268820285797119,-0.04695702774201038,-0.22284168004989624,-0.07556331157684326,-0.06312424747024181,-0.18920457363128662,-0.057260751724243164,-0.05256071371708515,-0.1556452512741089,-0.055583953857421875,-0.04627125395212772,-0.15180259943008423,-0.016959965229034424,-0.05559835640464428,-0.21054607629776,-0.018703222274780273,-0.07093814072881344,-0.17789822816848755,-0.005241036415100098,-0.06160666106019619,-0.1457166075706482,-0.0016178488731384277,-0.05228426364932659,idle
0.0,0.0,0.0,-0.014393508434295654,-0.11897200345993042,-0.00994079488505406,-0.056775808334350586,-0.24393799901008606,-0.022460470192029902,-0.09398609399795532,-0.33595287799835205,-0.03424372173090262,-0.1107606291770935,-0.41483157873153687,-0.04566158003349585,-0.1195383071899414,-0.2461535930633545,-0.036284469284012744,-0.22530585527420044,-0.22519075870513916,-0.059837352700427004,-0.19815117120742798,-0.19156628847122192,-0.06974912083883567,-0.15987366437911987,-0.19330495595932007,-0.07430839187641425,-0.13400638103485107,-0.1753343939781189,-0.04346374443908019,-0.23335087299346924,-0.14766472578048706,-0.05834925196309371,-0.1972610354423523,-0.12474644184112549,-0.05571492782969756,-0.16105645895004272,-0.1264093518257141,-0.056221261836483905,-0.1432974934577942,-0.09593629837036133,-0.05109142906208319,-0.22927182912826538,-0.0834193229675293,-0.06986821836967749,-0.19289535284042358,-0.06672120094299316,-0.05962919837971015,-0.15672332048416138,-0.06774139404296875,-0.05300043917436881,-0.15089201927185059,-0.01983577013015747,-0.058590874291851947,-0.21056729555130005,-0.02448570728302002,-0.07536998040218634,-0.1766749620437622,-0.012716948986053467,-0.06681444890041632,-0.14307677745819092,-0.00965869426727295,-0.05763401857753081,idle
0.0,0.0,0.0,-0.017924129962921143,-0.12303578853607178,-0.010679187821821756,-0.06326621770858765,-0.25333577394485474,-0.02506639865286786,-0.09983545541763306,-0.3459600508213043,-0.03778709528096158,-0.11564332246780396,-0.4271923303604126,-0.04969650191314656,-0.12601697444915771,-0.2518579661846161,-0.048107795986013,-0.23513579368591309,-0.2258194088935852,-0.0721602706337734,-0.20380830764770508,-0.19113314151763916,-0.07882631999500234,-0.16392558813095093,-0.19415104389190674,-0.0809730483318134,-0.14020699262619019,-0.17484933137893677,-0.056287181201057024,-0.24556267261505127,-0.15186983346939087,-0.07336198222883183,-0.2064121961593628,-0.12814372777938843,-0.06713886988409001,-0.16793900728225708,-0.1276479959487915,-0.06519025993593175,-0.1470639705657959,-0.09178531169891357,-0.06429045331724126,-0.24158406257629395,-0.08652561902999878,-0.08509368878848989,-0.20353484153747559,-0.0685732364654541,-0.07068298441417653,-0.16604435443878174,-0.06614863872528076,-0.061026871773080416,-0.15167337656021118,-0.012573421001434326,-0.07197612953432042,-0.22264105081558228,-0.027984559535980225,-0.09012338948495824,-0.18935507535934448,-0.017307579517364502,-0.07898837757356603,-0.154860258102417,-0.01227104663848877,-0.06789002251871068,idle
0.0,0.0,0.0,-0.02357006072998047,-0.12043553590774536,-0.010023545591934635,-0.07163381576538086,-0.2556941509246826,-0.02398774970959039,-0.10610967874526978,-0.3496282994747162,-0.03594172012697072,-0.12005406618118286,-0.429751992225647,-0.04732173693071218,-0.13101309537887573,-0.24885684251785278,-0.05012195569167943,-0.2408708930015564,-0.22089332342147827,-0.07336323720107885,-0.20790809392929077,-0.18914872407913208,-0.07995795470367284,-0.168193519115448,-0.19375967979431152,-0.08206266921649785,-0.14504683017730713,-0.16424775123596191,-0.058397349088295414,-0.2523307800292969,-0.14645111560821533,-0.07501794409643026,-0.21437126398086548,-0.125937819480896,-0.06873506319413991,-0.17447727918624878,-0.12439459562301636,-0.06686470669399114,-0.15235280990600586,-0.07831168174743652,-0.06597039115320058,-0.24886226654052734,-0.0778050422668457,-0.08527474862228246,-0.21332848072052002,-0.06193864345550537,-0.06952182960401387,-0.17481791973114014,-0.05856883525848389,-0.059344940005644276,-0.15845203399658203,0.0008698701858520508,-0.07327476900707097,-0.23366010189056396,-0.019329309463500977,-0.08961653721223684,-0.20127081871032715,-0.00835329294204712,-0.07638739806304784,-0.16587793827056885,-0.0013034343719482422,-0.0642487631429276,idle
0.0,0.0,0.0,-0.022638022899627686,-0.11772608757019043,-0.010342418236845674,-0.0720897912979126,-0.24951201677322388,-0.023673960959726514,-0.10642600059509277,-0.34088724851608276,-0.03460378760676974,-0.12186527252197266,-0.41848355531692505,-0.044833468293958845,-0.134599506855011,-0.23633956909179688,-0.04735537806730861,-0.2405276894569397,-0.21443647146224976,-0.06864533016663188,-0.20689630508422852,-0.18665587902069092,-0.07544520685654277,-0.1677367091178894,-0.1903764009475708,-0.07785120794754619,-0.14847403764724731,-0.15361392498016357,-0.05413022453170413,-0.2487426996231079,-0.1426239013671875,-0.06658612380009288,-0.21271586418151855,-0.12446635961532593,-0.060116330182367506,-0.1748245358467102,-0.12139612436294556,-0.05869410375338191,-0.155536949634552,-0.06948304176330566,-0.06033280307632083,-0.24373841285705566,-0.07298028469085693,-0.07493501344900722,-0.21070021390914917,-0.058934152126312256,-0.060402007794195356,-0.17503082752227783,-0.0550532341003418,-0.05210141280871028,-0.16047734022140503,0.007278263568878174,-0.06640646795015925,-0.22813653945922852,-0.014491081237792969,-0.07952001134138698,-0.1969648003578186,-0.0045604705810546875,-0.06702102164011592,-0.16381430625915527,0.0020331144332885742,-0.056112548357063474,idle
0.0,0.0,0.0,-0.020103812217712402,-0.11887025833129883,-0.008534791514634321,-0.07070416212081909,-0.2453029751777649,-0.01985451449489517,-0.10872966051101685,-0.333248496055603,-0.030103028387188147,-0.1268863081932068,-0.4091355800628662,-0.03992209826445503,-0.13346153497695923,-0.23106378316879272,-0.03498747815227432,-0.23281782865524292,-0.21021562814712524,-0.056403859153746794,-0.20142334699630737,-0.18190133571624756,-0.06586580966448707,-0.16398179531097412,-0.18437689542770386,-0.07017388437724037,-0.14784276485443115,-0.15136641263961792,-0.04239208866691513,-0.240739107131958,-0.1388232707977295,-0.0555636460039608,-0.20414113998413086,-0.12065976858139038,-0.05185422544217033,-0.16733765602111816,-0.11867624521255493,-0.051835353121518324,-0.15473341941833496,-0.06977111101150513,-0.050049366996049116,-0.23601430654525757,-0.07225644588470459,-0.0662402013394825,-0.20214682817459106,-0.05851262807846069,-0.053507300660371016,-0.16734999418258667,-0.05411946773529053,-0.04550323505735321,-0.1587042212486267,0.005158424377441406,-0.05759364981985016,-0.22144949436187744,-0.016841650009155273,-0.07142137233948631,-0.18992549180984497,-0.006778120994567871,-0.059526509240626524,-0.1575460433959961,0.0008688569068908691,-0.04858825971221847,idle
0.0,0.0,0.0,-0.018064141273498535,-0.1168966293334961,-0.00811087530075838,-0.06564956903457642,-0.2354363203048706,-0.01826470348953535,-0.10897457599639893,-0.31709420680999756,-0.02693867500840952,-0.12939542531967163,-0.3882228434085846,-0.035500533915751475,-0.13208574056625366,-0.22608786821365356,-0.03308699656247427,-0.2236088514328003,-0.20321780443191528,-0.04972110319852163,-0.19650155305862427,-0.17531871795654297,-0.056386232413046855,-0.1614067554473877,-0.17671018838882446,-0.05913202095746328,-0.14771413803100586,-0.14651447534561157,-0.038325544483654994,-0.2294500470161438,-0.12977993488311768,-0.04734773937582304,-0.19731920957565308,-0.11244082450866699,-0.04332251105427076,-0.16192269325256348,-0.11284661293029785,-0.04383894059776594,-0.15483367443084717,-0.06589716672897339,-0.043229375071518916,-0.226737380027771,-0.06699943542480469,-0.056575924195044536,-0.19755613803863525,-0.053064584732055664,-0.04610479999303152,-0.16395211219787598,-0.04833650588989258,-0.040133491195433635,-0.158677875995636,0.006997287273406982,-0.04785262796997358,-0.2116633653640747,-0.01180344820022583,-0.059858940578692454,-0.18309855461120605,3.7610530853271484e-05,-0.04955905679582884,-0.15181738138198853,0.008843004703521729,-0.03993131224035551,idle
0.0,0.0,0.0,-0.020183444023132324,-0.11251658201217651,-0.006951608800861209,-0.06573903560638428,-0.22662842273712158,-0.015918548790338605,-0.1069287657737732,-0.30714377760887146,-0.02284372375679311,-0.12548065185546875,-0.3727475106716156,-0.029727318895581334,-0.13528132438659668,-0.20962727069854736,-0.033650351328375905,-0.21569597721099854,-0.17914283275604248,-0.045858202142241566,-0.18862229585647583,-0.1532912254333496,-0.05031273664307889,-0.1559913158416748,-0.15541601181030273,-0.052204822761538594,-0.1500135064125061,-0.13144123554229736,-0.038039335621121495,-0.2200184464454651,-0.10997629165649414,-0.042818436039212315,-0.1904556155204773,-0.09546589851379395,-0.03832331450057325,-0.15741229057312012,-0.09571146965026855,-0.03906972856593427,-0.15504324436187744,-0.054084718227386475,-0.041206894082549184,-0.2146228551864624,-0.05081653594970703,-0.049231266242983907,-0.18876731395721436,-0.04067230224609375,-0.03966326416802701,-0.15785324573516846,-0.03730565309524536,-0.03547962905240354,-0.15659528970718384,0.014791011810302734,-0.04416885004711446,-0.19899821281433105,0.0008769631385803223,-0.05197969974351224,-0.1730172038078308,0.009934186935424805,-0.04174604789686498,-0.14505881071090698,0.016527175903320312,-0.03294715063047704,idle
0.0,0.0,0.0,-0.019330739974975586,-0.11119961738586426,-0.006496711338954242,-0.06427085399627686,-0.21973836421966553,-0.014228508046912225,-0.10584306716918945,-0.29694655537605286,-0.020618240519510778,-0.1273050308227539,-0.35847634077072144,-0.026946989058600934,-0.1344873309135437,-0.2075236439704895,-0.02808663545464185,-0.2106386423110962,-0.1660151481628418,-0.041776715948330434,-0.18341666460037231,-0.1390417218208313,-0.0482811547658315,-0.15173441171646118,-0.14201205968856812,-0.05135009734247831,-0.14900749921798706,-0.13446170091629028,-0.0332418076536527,-0.21583467721939087,-0.10112601518630981,-0.040012243374334844,-0.184004545211792,-0.0850021243095398,-0.03745700715397504,-0.15174734592437744,-0.08575749397277832,-0.03835775999640134,-0.15384674072265625,-0.06017357110977173,-0.03771931601976064,-0.20936083793640137,-0.04443937540054321,-0.04785054846023229,-0.18058502674102783,-0.03415721654891968,-0.039997487499462636,-0.15013307332992554,-0.03330296277999878,-0.03580927772735265,-0.1551826000213623,0.007203578948974609,-0.04210701881264356,-0.19178611040115356,0.004437863826751709,-0.05134686379049924,-0.16361892223358154,0.013209939002990723,-0.04244517831419614,-0.13635140657424927,0.016212940216064453,-0.03380456118200925,idle
0.0,0.0,0.0,-0.018606185913085938,-0.10887694358825684,-0.007556465257536615,-0.06245917081832886,-0.21495288610458374,-0.015841503430735315,-0.10294884443283081,-0.2906302809715271,-0.022921536852251734,-0.12195348739624023,-0.35320985317230225,-0.029830305640231813,-0.12835556268692017,-0.20628893375396729,-0.028437374894153322,-0.20352089405059814,-0.16413211822509766,-0.04297416171861812,-0.17826777696609497,-0.13569605350494385,-0.04914411417080089,-0.14699405431747437,-0.1385757327079773,-0.05209640300704166,-0.1438010334968567,-0.13700145483016968,-0.03384410477114841,-0.2100203037261963,-0.09847962856292725,-0.042317031685840334,-0.17890304327011108,-0.08054155111312866,-0.040339662496577944,-0.14687621593475342,-0.0817442536354065,-0.041190541152488436,-0.14999401569366455,-0.06456112861633301,-0.03878394774032756,-0.2043372392654419,-0.0397258996963501,-0.05026347449852153,-0.17523199319839478,-0.028098583221435547,-0.04294397941661998,-0.1450955867767334,-0.028819561004638672,-0.038875176374446596,-0.15289908647537231,0.0028745532035827637,-0.043827718858253206,-0.18704843521118164,0.010305285453796387,-0.05429192519618198,-0.1586310863494873,0.019226372241973877,-0.04676619431806728,-0.131819486618042,0.02006661891937256,-0.03901763520075008,idle
0.0,0.0,0.0,-0.01328420639038086,-0.11076825857162476,-0.009415209727393403,-0.05485796928405762,-0.21828094124794006,-0.018813573258029237,-0.0973663330078125,-0.2943724989891052,-0.02692457704435469,-0.1151961088180542,-0.36077025532722473,-0.03464085465859057,-0.12296086549758911,-0.22127491235733032,-0.02749589315246226,-0.2006620168685913,-0.17878049612045288,-0.042420523675190225,-0.17539209127426147,-0.14509320259094238,-0.049155461104618325,-0.14336484670639038,-0.146051824092865,-0.0528316818792689,-0.138827383518219,-0.15058445930480957,-0.032665795149313226,-0.2098429799079895,-0.10859084129333496,-0.04165099045823695,-0.1760147213935852,-0.08725690841674805,-0.04005484512637736,-0.14295673370361328,-0.08854168653488159,-0.04156861683915736,-0.145746111869812,-0.07547962665557861,-0.03769937014769198,-0.20536673069000244,-0.04829049110412598,-0.05070188871215464,-0.17348694801330566,-0.03339719772338867,-0.0436395988483298,-0.14249879121780396,-0.03411358594894409,-0.03965554988573672,-0.14928001165390015,-0.00579756498336792,-0.04292262202690722,-0.18874162435531616,0.0042380690574646,-0.05460574335049273,-0.15816813707351685,0.01452338695526123,-0.04737360632609011,-0.12990128993988037,0.01482778787612915,-0.039868550809131875,idle
0.0,0.0,0.0,-0.010876476764678955,-0.11569440364837646,-0.009953477068975758,-0.05034184455871582,-0.23013007640838623,-0.0198014701001199,-0.09065604209899902,-0.310232937335968,-0.029001657500103306,-0.11121010780334473,-0.3781847357749939,-0.037745869367554974,-0.11034578084945679,-0.2287503182888031,-0.028662259339526486,-0.20221096277236938,-0.20410552620887756,-0.04792097082658131,-0.17419767379760742,-0.17136448621749878,-0.05644539615435917,-0.1386895775794983,-0.172357976436615,-0.0609757328621896,-0.1277766227722168,-0.15948474407196045,-0.03572418412490208,-0.2130233645439148,-0.13045728206634521,-0.048505513577893566,-0.17671966552734375,-0.10831153392791748,-0.04768759256525357,-0.14273309707641602,-0.10826557874679565,-0.04908206185622532,-0.13770508766174316,-0.08305728435516357,-0.04333143553061802,-0.2115064263343811,-0.06287837028503418,-0.06004853790922482,-0.1758275032043457,-0.04424315690994263,-0.05122588819189389,-0.142511785030365,-0.04463118314743042,-0.04541620483918507,-0.1439916491508484,-0.008567571640014648,-0.05108607804699261,-0.19724160432815552,-0.0008809566497802734,-0.06575304886622746,-0.16484636068344116,0.010716080665588379,-0.05758462718053181,-0.13414043188095093,0.011891841888427734,-0.04909430316014607,idle
0.0,0.0,0.0,-0.012456834316253662,-0.11938786506652832,-0.011362565552914816,-0.051928699016571045,-0.2453191876411438,-0.02436073390963145,-0.08966141939163208,-0.331637442111969,-0.03614648139300414,-0.11190950870513916,-0.40529096126556396,-0.047037073282623965,-0.11774122714996338,-0.2524254322052002,-0.0413808234614379,-0.22955578565597534,-0.22717344760894775,-0.06647222569408484,-0.19986331462860107,-0.19333165884017944,-0.07557810923280783,-0.16059499979019165,-0.19681769609451294,-0.07933438649597235,-0.1325901746749878,-0.18187260627746582,-0.04910150623145171,-0.2357100248336792,-0.15361177921295166,-0.06657543113651343,-0.19569391012191772,-0.13021934032440186,-0.0635729291123397,-0.15952444076538086,-0.13231992721557617,-0.06321623256626197,-0.14122694730758667,-0.10196834802627563,-0.057221227197075564,-0.2318345308303833,-0.08740830421447754,-0.0782710023802764,-0.19282549619674683,-0.06814765930175781,-0.0666023724359519,-0.15673714876174927,-0.06801682710647583,-0.0582584970277793,-0.1490342617034912,-0.022134482860565186,-0.0653356545251853,-0.2156667709350586,-0.02771681547164917,-0.08449068000736304,-0.18062829971313477,-0.015582263469696045,-0.07571851542415686,-0.14669746160507202,-0.011884570121765137,-0.06567949881973334,idle
0.0,0.0,0.0,-0.010866880416870117,-0.12165987491607666,-0.013292593274286446,-0.05121868848800659,-0.2527215778827667,-0.02927498924361771,-0.08684372901916504,-0.3448593020439148,-0.043128796245923695,-0.10609167814254761,-0.4260464608669281,-0.05649560349809235,-0.11091810464859009,-0.2531433403491974,-0.0550810176395089,-0.2333243489265442,-0.2390231490135193,-0.08102618935333794,-0.20931363105773926,-0.20454645156860352,-0.08758009257542199,-0.1693098545074463,-0.20613324642181396,-0.08951850267874306,-0.1245659589767456,-0.18008100986480713,-0.06212610411273545,-0.23731493949890137,-0.1575639247894287,-0.0802187997363717,-0.199215829372406,-0.13263636827468872,-0.07434289934860772,-0.16080081462860107,-0.13185220956802368,-0.07261053505169457,-0.1333889365196228,-0.0960119366645813,-0.06887499275433129,-0.232654869556427,-0.08763819932937622,-0.09030694546925133,-0.19530320167541504,-0.0671963095664978,-0.07712394776569909,-0.15770506858825684,-0.06429862976074219,-0.06861622663961953,-0.14042556285858154,-0.014240562915802002,-0.07523830267416542,-0.21194487810134888,-0.02447432279586792,-0.09580563786255425,-0.17919844388961792,-0.01230478286743164,-0.08681959691273278,-0.14453715085983276,-0.005331695079803467,-0.0769388827942521,idle
0.0,0.0,0.0,-0.01369696855545044,-0.112712562084198,-0.010787688462571055,-0.060423851013183594,-0.24079668521881104,-0.023305493673817068,-0.1012798547744751,-0.32802528142929077,-0.03404482015086785,-0.11769390106201172,-0.4063555598258972,-0.044615662923590094,-0.1254715919494629,-0.239801287651062,-0.041677254519001394,-0.22349822521209717,-0.21825480461120605,-0.06342820756746903,-0.19459277391433716,-0.1846858263015747,-0.07065252148224488,-0.1571105718612671,-0.18544989824295044,-0.0734986060173668,-0.14199918508529663,-0.1644688844680786,-0.04828812488032952,-0.23465675115585327,-0.1441527009010315,-0.06295821749283448,-0.19852954149246216,-0.12057548761367798,-0.05786333166672364,-0.16105228662490845,-0.11942994594573975,-0.0564366050870575,-0.15042412281036377,-0.0823894739151001,-0.05496343158795014,-0.23429882526397705,-0.07680678367614746,-0.07374237411333695,-0.19931751489639282,-0.05833500623703003,-0.06116522782160416,-0.16278648376464844,-0.05589169263839722,-0.05272997476770058,-0.15587478876113892,-0.00363081693649292,-0.0613312826366581,-0.2205638289451599,-0.015536963939666748,-0.07775493644787446,-0.18846625089645386,-0.004001975059509277,-0.06748209082199708,-0.1546115279197693,0.0005301833152770996,-0.05728709631277695,idle
0.0,0.0,0.0,-0.018724679946899414,-0.10797327756881714,-0.009163115280657053,-0.0635560154914856,-0.22942346334457397,-0.02031193032392764,-0.10145801305770874,-0.31385859847068787,-0.029830037723272085,-0.12012588977813721,-0.3854607343673706,-0.03904674306043887,-0.1270185112953186,-0.23420703411102295,-0.03899062156209254,-0.2168980836868286,-0.20600706338882446,-0.05937279119619632,-0.1876038908958435,-0.17479228973388672,-0.06655327707061076,-0.1529342532157898,-0.17639023065567017,-0.06937544524201655,-0.14435476064682007,-0.1588549017906189,-0.04622595488557124,-0.22876590490341187,-0.13296616077423096,-0.0604797053290298,-0.1945074200630188,-0.11280804872512817,-0.056618248219578504,-0.15893185138702393,-0.11293923854827881,-0.055959501410811185,-0.1528804898262024,-0.07961100339889526,-0.053174124206393,-0.22872501611709595,-0.06790244579315186,-0.07103918969163203,-0.19583719968795776,-0.05145394802093506,-0.0586515451920917,-0.16133815050125122,-0.049310505390167236,-0.050316558326571226,-0.15882271528244019,-0.004062056541442871,-0.05999355121979022,-0.2172442078590393,-0.010430216789245605,-0.07545860588082576,-0.18615734577178955,0.002428412437438965,-0.06459227680691981,-0.15414392948150635,0.006751656532287598,-0.053771996046393156,idle
0.0,0.0,0.0,-0.015851855278015137,-0.10969680547714233,-0.010037320683267126,-0.059386372566223145,-0.22453457117080688,-0.021087561751272688,-0.09972280263900757,-0.30541735887527466,-0.030051934550073156,-0.11699646711349487,-0.37417376041412354,-0.03873967101660014,-0.12432307004928589,-0.22784903645515442,-0.03801958730306865,-0.20829498767852783,-0.19103598594665527,-0.055162039602663526,-0.18081241846084595,-0.1603679060935974,-0.061163567955162534,-0.1474856734275818,-0.1613268256187439,-0.06374876668539287,-0.1424540877342224,-0.15589094161987305,-0.043146737868454466,-0.21770775318145752,-0.12005025148391724,-0.0535882683643365,-0.18487197160720825,-0.10073500871658325,-0.04986371194806338,-0.1512066125869751,-0.10103023052215576,-0.05021205266800166,-0.15198194980621338,-0.0791122317314148,-0.047687415982153425,-0.21553921699523926,-0.05909198522567749,-0.06125670021262408,-0.18506348133087158,-0.04398530721664429,-0.05110363012042285,-0.15351301431655884,-0.04272216558456421,-0.04552985822644473,-0.15863454341888428,-0.007226407527923584,-0.052353263849880705,-0.203466534614563,-0.0066606998443603516,-0.0651151957162881,-0.17351126670837402,0.006539702415466309,-0.0562321627685094,-0.14474940299987793,0.010152816772460938,-0.04753009697284938,idle
0.0,0.0,0.0,-0.012546360492706299,-0.10993260145187378,-0.006290644461813599,-0.05202198028564453,-0.21713876724243164,-0.01341926637903157,-0.09368866682052612,-0.2957841753959656,-0.01947322632983628,-0.1144859790802002,-0.35951101779937744,-0.025386219433102042,-0.12316405773162842,-0.22119870781898499,-0.024057663566026122,-0.1981382966041565,-0.180547297000885,-0.03700381103769246,-0.17312133312225342,-0.14886176586151123,-0.04321647394314709,-0.14163923263549805,-0.14728647470474243,-0.04639321524516049,-0.1418522596359253,-0.1549522876739502,-0.02911387342825833,-0.21004867553710938,-0.1135711669921875,-0.03532487112894955,-0.1779712438583374,-0.0924120545387268,-0.03302850160613957,-0.14524585008621216,-0.09308332204818726,-0.03436319488898221,-0.15139275789260864,-0.08302891254425049,-0.03369972813740674,-0.20884841680526733,-0.05636566877365112,-0.04374603140965405,-0.17822211980819702,-0.04105907678604126,-0.03654325339809361,-0.14752352237701416,-0.040971994400024414,-0.033129948711547286,-0.15703612565994263,-0.01470482349395752,-0.03834254253521863,-0.19345372915267944,-0.003933131694793701,-0.04833408404007855,-0.1632738709449768,0.008232533931732178,-0.041105892098102004,-0.13517260551452637,0.008884191513061523,-0.03379676822439137,idle
0.0,0.0,0.0,-0.013679265975952148,-0.10422033071517944,-0.007226330771857192,-0.051449596881866455,-0.21063140034675598,-0.015328930303269317,-0.09408485889434814,-0.2877219319343567,-0.021734809115343978,-0.1122887134552002,-0.3514091968536377,-0.02773647344093888,-0.1165265440940857,-0.22522562742233276,-0.030294932037406852,-0.19324296712875366,-0.18431997299194336,-0.04314494094234078,-0.170462965965271,-0.1500350832939148,-0.046234860628658225,-0.14054638147354126,-0.14466559886932373,-0.04717327243071168,-0.1371743083000183,-0.1632867455482483,-0.035412091374212196,-0.207716703414917,-0.11448198556900024,-0.04291152542811005,-0.17747622728347778,-0.09253215789794922,-0.03958655482512086,-0.1454787254333496,-0.09382671117782593,-0.03997872358542054,-0.14942258596420288,-0.09240174293518066,-0.039674650490098884,-0.2083345651626587,-0.05603814125061035,-0.05094433909636109,-0.17837882041931152,-0.03891986608505249,-0.04334590172749131,-0.1480448842048645,-0.041568875312805176,-0.03980554229002564,-0.1586584448814392,-0.022357702255249023,-0.043962969988399436,-0.19529813528060913,0.0005719661712646484,-0.05601709297280877,-0.1647624373435974,0.014667510986328125,-0.05004874205570786,-0.13753890991210938,0.011454939842224121,-0.04345764553528397,idle
0.0,0.0,0.0,-0.013811290264129639,-0.10323554277420044,-0.006439597009773479,-0.05170726776123047,-0.21131467819213867,-0.013860104735101686,-0.08944141864776611,-0.29161107540130615,-0.019983667078520284,-0.10444891452789307,-0.35693877935409546,-0.025714605244900213,-0.11356866359710693,-0.22499123215675354,-0.02796899074604653,-0.19528281688690186,-0.18196004629135132,-0.0406651004581704,-0.17188400030136108,-0.14715474843978882,-0.04413269752552651,-0.14234614372253418,-0.14684945344924927,-0.04566604191353463,-0.13169193267822266,-0.16487383842468262,-0.03359752068212174,-0.20660918951034546,-0.11281126737594604,-0.04019081512382172,-0.174513578414917,-0.09161496162414551,-0.03613769927909516,-0.14303624629974365,-0.0952000617980957,-0.03654805490663193,-0.14316463470458984,-0.0933917760848999,-0.038656427654530034,-0.20603066682815552,-0.05537325143814087,-0.049001059624458776,-0.1751406192779541,-0.037776827812194824,-0.04077799165537499,-0.14516055583953857,-0.04110586643218994,-0.037245839032436834,-0.15277040004730225,-0.023302197456359863,-0.04377461889674805,-0.1946721076965332,-0.00116044282913208,-0.05466698402454995,-0.16421794891357422,0.012420356273651123,-0.04833818519404076,-0.13669025897979736,0.010189056396484375,-0.04204246694138192,idle
0.0,0.0,0.0,-0.006450951099395752,-0.11155259609222412,-0.010389233738706594,-0.04472672939300537,-0.2295810580253601,-0.019055269457922464,-0.08360224962234497,-0.3146369755268097,-0.02653183954261351,-0.09704899787902832,-0.38478755950927734,-0.033074946873412614,-0.10306233167648315,-0.24140343070030212,-0.023959994115458016,-0.19498354196548462,-0.2092992067337036,-0.04131737517617751,-0.16905003786087036,-0.1731102168560028,-0.049601739071832185,-0.13532012701034546,-0.1752137541770935,-0.05409028547309447,-0.12131065130233765,-0.1789395809173584,-0.02897167185746241,-0.20603638887405396,-0.13902384042739868,-0.038741988860593324,-0.17023539543151855,-0.1162867546081543,-0.03752577471040297,-0.13782429695129395,-0.11750215291976929,-0.03923013600014258,-0.1335378885269165,-0.10714530944824219,-0.03485026004217673,-0.205641508102417,-0.07892316579818726,-0.048114465348945146,-0.1725597381591797,-0.05859345197677612,-0.04012512954376746,-0.14235210418701172,-0.0593453049659729,-0.03564705493353415,-0.14352506399154663,-0.03662240505218506,-0.04116817729972411,-0.19690531492233276,-0.02269124984741211,-0.052120601557717805,-0.1659848690032959,-0.00839996337890625,-0.04470618235372115,-0.13637208938598633,-0.007890582084655762,-0.037482457034812455,idle
0.0,0.0,0.0,-0.011003255844116211,-0.11433380842208862,-0.010186655900284336,-0.0484042763710022,-0.23858711123466492,-0.02165888295213847,-0.08542227745056152,-0.3273186683654785,-0.032302674359485195,-0.10378795862197876,-0.4011024236679077,-0.042112209356233166,-0.11333346366882324,-0.2557094395160675,-0.035909824526711986,-0.22343462705612183,-0.23512083292007446,-0.057930075085565136,-0.19960778951644897,-0.19516104459762573,-0.06480517283718257,-0.16197741031646729,-0.19249236583709717,-0.06773709551136164,-0.12741822004318237,-0.19148004055023193,-0.04383349091450839,-0.2326088547706604,-0.1624048948287964,-0.059524476981565044,-0.1969536542892456,-0.1339995265007019,-0.056055475479766415,-0.16148841381072998,-0.13500326871871948,-0.055706292844220684,-0.13658064603805542,-0.1158185601234436,-0.05221124411265521,-0.22909659147262573,-0.09510940313339233,-0.07135646835605769,-0.1926460862159729,-0.0715751051902771,-0.060079869336291836,-0.15729832649230957,-0.07366591691970825,-0.052962951815530346,-0.1448267102241516,-0.03810542821884155,-0.06062571004669337,-0.21748602390289307,-0.03499048948287964,-0.07861849710981517,-0.18388724327087402,-0.019108116626739502,-0.07030797050039439,-0.14879274368286133,-0.01718038320541382,-0.061323632008239315,idle
0.0,0.0,0.0,-0.011344075202941895,-0.12138360738754272,-0.011353512340193106,-0.05130964517593384,-0.253743976354599,-0.024869996168618513,-0.08532905578613281,-0.3463168144226074,-0.03703772188067944,-0.10086047649383545,-0.42524680495262146,-0.0481256386721185,-0.10983121395111084,-0.2679064869880676,-0.04613140136838467,-0.23360145092010498,-0.2528991997241974,-0.07249653995872052,-0.20858997106552124,-0.212618887424469,-0.07966732145190747,-0.16822606325149536,-0.21253973245620728,-0.08205404789090665,-0.12397712469100952,-0.19693255424499512,-0.054494760044818236,-0.24093389511108398,-0.17510980367660522,-0.07451058090568097,-0.20151525735855103,-0.14483338594436646,-0.06944808275342496,-0.163166344165802,-0.145810067653656,-0.06742612183928998,-0.13464367389678955,-0.11607086658477783,-0.06317388922811062,-0.2349357008934021,-0.1016775369644165,-0.08557201833367856,-0.19581133127212524,-0.07653063535690308,-0.07204379052758725,-0.1583150029182434,-0.07743149995803833,-0.06275498778462918,-0.14411324262619019,-0.0353509783744812,-0.07176772416472943,-0.21827924251556396,-0.03703242540359497,-0.09210419566274197,-0.18271952867507935,-0.0202597975730896,-0.08324115634799512,-0.14711511135101318,-0.016820192337036133,-0.07331843585610898,idle
0.0,0.0,0.0,-0.011732697486877441,-0.12405025959014893,-0.012516327203613287,-0.05056279897689819,-0.25655534863471985,-0.028018756770890718,-0.08407926559448242,-0.3508095145225525,-0.04141884949187613,-0.09907084703445435,-0.4317646026611328,-0.05347775574902869,-0.1085849404335022,-0.2696433663368225,-0.05581879522780753,-0.23528283834457397,-0.25260278582572937,-0.0813962100086627,-0.2090408205986023,-0.21246355772018433,-0.08626242261509276,-0.16758519411087036,-0.21145236492156982,-0.08727048616985655,-0.12132072448730469,-0.1960737109184265,-0.0636202124891696,-0.23798120021820068,-0.17148679494857788,-0.08291179966310835,-0.19854533672332764,-0.14249777793884277,-0.07644015830139494,-0.16091585159301758,-0.1429012417793274,-0.07430067937950469,-0.13085687160491943,-0.11241203546524048,-0.0708301020799098,-0.23137342929840088,-0.09928184747695923,-0.0923377377925334,-0.19231611490249634,-0.07743120193481445,-0.07746579032520629,-0.15560340881347656,-0.07661575078964233,-0.0680128289399562,-0.1403728723526001,-0.030579030513763428,-0.07784943562130309,-0.21297293901443481,-0.0365031361579895,-0.09793516527990676,-0.17883539199829102,-0.023083090782165527,-0.08835939597467757,-0.14436590671539307,-0.01939547061920166,-0.0781000806031642,idle
0.0,0.0,0.0,-0.01393347978591919,-0.11486101150512695,-0.009239261525635811,-0.05482393503189087,-0.24131128191947937,-0.021736658665304276,-0.09170675277709961,-0.33042797446250916,-0.0337825748351861,-0.10963350534439087,-0.4066188335418701,-0.04574225425994882,-0.11307954788208008,-0.2549741864204407,-0.03884156376398096,-0.21500450372695923,-0.24222475290298462,-0.0640664021698285,-0.18752366304397583,-0.20445752143859863,-0.07504102543271074,-0.15091443061828613,-0.2007426619529724,-0.08016630217707643,-0.13259655237197876,-0.18194639682769775,-0.04770768761909494,-0.22947806119918823,-0.16077888011932373,-0.06508353308117876,-0.19353312253952026,-0.1354793906211853,-0.06185619116104135,-0.157126784324646,-0.13299036026000977,-0.061769984218244645,-0.14555954933166504,-0.10214030742645264,-0.05706885785139093,-0.22969591617584229,-0.09149503707885742,-0.07582200274146089,-0.19565337896347046,-0.0692594051361084,-0.06219847083366403,-0.1609506607055664,-0.06569653749465942,-0.05366492226994524,-0.15657448768615723,-0.024657905101776123,-0.06663127944148073,-0.2210075855255127,-0.030604898929595947,-0.08181850567734728,-0.1881745457649231,-0.014181673526763916,-0.07022786096013078,-0.15504968166351318,-0.009176135063171387,-0.05935147360241899,idle
0.0,0.0,0.0,-0.01115041971206665,-0.11305296421051025,-0.007874721595413803,-0.050414443016052246,-0.23164206743240356,-0.017951485635109066,-0.0889749526977539,-0.31649550795555115,-0.027206669495768665,-0.10696309804916382,-0.38715457916259766,-0.0361588848096801,-0.11131834983825684,-0.23806089162826538,-0.032750862584776996,-0.19972455501556396,-0.21438461542129517,-0.052343859271474,-0.17423582077026367,-0.179745614528656,-0.06098074366278183,-0.14095860719680786,-0.17917311191558838,-0.06531558831161988,-0.12996959686279297,-0.16717904806137085,-0.039759471015401004,-0.2130366563796997,-0.134804368019104,-0.05183046583957207,-0.17888504266738892,-0.11309921741485596,-0.049007746325202106,-0.14393377304077148,-0.11380839347839355,-0.04999222506708634,-0.14146405458450317,-0.09028416872024536,-0.046719680474467395,-0.2134191393852234,-0.07302439212799072,-0.06270955403275025,-0.18069350719451904,-0.05522632598876953,-0.05239853535718453,-0.14763349294662476,-0.05498272180557251,-0.0463183400494529,-0.15071427822113037,-0.018146276473999023,-0.053641821191973804,-0.2024303674697876,-0.01758861541748047,-0.0674362545175029,-0.17087894678115845,-0.003577709197998047,-0.058120391265816806,-0.13946950435638428,-0.0005792379379272461,-0.04904653404778969,idle
0.0,0.0,0.0,-0.01333385705947876,-0.10508441925048828,-0.009751098349084941,-0.055440306663513184,-0.22172090411186218,-0.019544963843515006,-0.09434294700622559,-0.30433520674705505,-0.027293768829991905,-0.11200261116027832,-0.37064802646636963,-0.03448501334278831,-0.11986285448074341,-0.2327311933040619,-0.0349621671506668,-0.2025306224822998,-0.19674569368362427,-0.05160553113310584,-0.1755514144897461,-0.16413158178329468,-0.05764894292443046,-0.14268553256988525,-0.16421061754226685,-0.06042283505885848,-0.13985145092010498,-0.16678541898727417,-0.04007356718867072,-0.21543437242507935,-0.12853926420211792,-0.05054451257674941,-0.18161189556121826,-0.10782462358474731,-0.047435146875074,-0.1486055850982666,-0.10879331827163696,-0.047624358094623176,-0.1511979103088379,-0.09347057342529297,-0.04477808356969604,-0.21615689992904663,-0.07024186849594116,-0.05895055190413245,-0.1837294101715088,-0.052481889724731445,-0.050089311904599754,-0.15264588594436646,-0.052186548709869385,-0.044883881814172355,-0.15943098068237305,-0.023159921169281006,-0.04955528408973464,-0.20385879278182983,-0.017402589321136475,-0.06326872960417518,-0.17249321937561035,-0.0022518038749694824,-0.0556760925123001,-0.1437854766845703,-0.0004310011863708496,-0.04749903187840232,idle
0.0,0.0,0.0,-0.012288331985473633,-0.10091406106948853,-0.00993426397968733,-0.05012565851211548,-0.2106831967830658,-0.018603404728366968,-0.08960390090942383,-0.29057472944259644,-0.025061612693264124,-0.10808831453323364,-0.35511547327041626,-0.03093639735658371,-0.1153252124786377,-0.229763001203537,-0.032687419769956705,-0.1967315673828125,-0.18439936637878418,-0.04635279041309559,-0.17316895723342896,-0.14982783794403076,-0.050006849435760614,-0.14293551445007324,-0.147300124168396,-0.05129511442561352,-0.1347714066505432,-0.17039048671722412,-0.0367886551894685,-0.20805424451828003,-0.11796635389328003,-0.0451393367030164,-0.17553037405014038,-0.09532314538955688,-0.04183510106582844,-0.14376527070999146,-0.09665173292160034,-0.04198453363557064,-0.1463596224784851,-0.10042726993560791,-0.0403725409187814,-0.2072569727897644,-0.06280869245529175,-0.05249710169215405,-0.17583823204040527,-0.04413336515426636,-0.044838236389352915,-0.14603084325790405,-0.04516726732254028,-0.04085881051202023,-0.1555633544921875,-0.030788838863372803,-0.04421348657984936,-0.1958080530166626,-0.011178910732269287,-0.05691337001104557,-0.16521614789962769,0.004179894924163818,-0.0509170794167062,-0.1379331350326538,0.0035499930381774902,-0.04405902486820423,idle
0.0,0.0,0.0,-0.01151353120803833,-0.09850674867630005,-0.00778935605001152,-0.048115074634552,-0.20654001832008362,-0.015811524235573415,-0.08617991209030151,-0.286767840385437,-0.0221498951995045,-0.10255181789398193,-0.35154232382774353,-0.027929176458087568,-0.11202430725097656,-0.2264220118522644,-0.029252876409259443,-0.19200915098190308,-0.1809152066707611,-0.04136267571982444,-0.16943669319152832,-0.14606565237045288,-0.044051113420096044,-0.14048516750335693,-0.14326369762420654,-0.04476637660798133,-0.13102257251739502,-0.17164000868797302,-0.03364782675441802,-0.2027912735939026,-0.1136518120765686,-0.03980285941895545,-0.17125672101974487,-0.0923302173614502,-0.035739137672749166,-0.14058732986450195,-0.0950239896774292,-0.03569054498609603,-0.14316707849502563,-0.10394835472106934,-0.03749411075648368,-0.2017269730567932,-0.060703396797180176,-0.04718418686923087,-0.1709839105606079,-0.04273146390914917,-0.04009969427522719,-0.14188635349273682,-0.04607266187667847,-0.03719401627120078,-0.15345817804336548,-0.03650146722793579,-0.04155965789493621,-0.19127583503723145,-0.009260118007659912,-0.05232184275325835,-0.16130417585372925,0.0065798163414001465,-0.0473752085798651,-0.13526636362075806,0.005370140075683594,-0.0418522608214289,idle
0.0,0.0,0.0,-0.0078163743019104,-0.11237400770187378,-0.00968236443586079,-0.04497039318084717,-0.22765573859214783,-0.01790679679251639,-0.08094727993011475,-0.3106103539466858,-0.025045836949715294,-0.09428852796554565,-0.3799956440925598,-0.030961515987286248,-0.09916669130325317,-0.23962920904159546,-0.0245169705245587,-0.19299840927124023,-0.20747268199920654,-0.039894359791645684,-0.16828501224517822,-0.1739833950996399,-0.04501611613667933,-0.13576829433441162,-0.17685899138450623,-0.047351955110201516,-0.11479520797729492,-0.18085601925849915,-0.02983279586769072,-0.20387744903564453,-0.1417061686515808,-0.03883623206056086,-0.16874170303344727,-0.12098997831344604,-0.036183516168961205,-0.1372925043106079,-0.12354159355163574,-0.036936404788860955,-0.12634187936782837,-0.11176800727844238,-0.035858492041001,-0.2042253017425537,-0.08521133661270142,-0.049020538711914696,-0.17087560892105103,-0.0654069185256958,-0.041030945861706414,-0.14102447032928467,-0.06734627485275269,-0.03657762208021609,-0.13680005073547363,-0.041870951652526855,-0.04223051168955294,-0.19397026300430298,-0.029794514179229736,-0.054148072982201256,-0.16393733024597168,-0.01563119888305664,-0.04785432168282,-0.13506031036376953,-0.014640629291534424,-0.04138988130725352,idle
0.0,0.0,0.0,-0.01206958293914795,-0.1147419810295105,-0.009662553182693046,-0.05001097917556763,-0.24094131588935852,-0.019986262059660476,-0.08555519580841064,-0.3300124406814575,-0.029208184665890258,-0.10003983974456787,-0.4031520187854767,-0.03711876783415846,-0.10624319314956665,-0.25530827045440674,-0.03298041362211279,-0.21708059310913086,-0.2337915301322937,-0.054661349839420836,-0.19238191843032837,-0.19529041647911072,-0.062270981705637496,-0.15540820360183716,-0.19613617658615112,-0.0657557821635919,-0.11961477994918823,-0.19242236018180847,-0.03986051443860106,-0.22727364301681519,-0.16514801979064941,-0.05527651075169615,-0.19225138425827026,-0.137393057346344,-0.05183739352867178,-0.15816110372543335,-0.1387750506401062,-0.05128961566731505,-0.13022363185882568,-0.11981201171875,-0.04736286912009291,-0.2241232991218567,-0.09967583417892456,-0.06529891256138853,-0.18946564197540283,-0.07732290029525757,-0.05431622031971983,-0.15580159425735474,-0.07987534999847412,-0.047240348047466796,-0.14117580652236938,-0.04597693681716919,-0.05499559778616003,-0.21260815858840942,-0.04215019941329956,-0.07098175350472502,-0.18081575632095337,-0.02619081735610962,-0.06309936705872587,-0.1479225754737854,-0.02407163381576538,-0.054610469824524444,idle
0.0,0.0,0.0,-0.013768017292022705,-0.11982625722885132,-0.012436115746396581,-0.05577421188354492,-0.2535838484764099,-0.025599821102815667,-0.09058427810668945,-0.34856748580932617,-0.03702721614857296,-0.10483419895172119,-0.42771971225738525,-0.04704925660510639,-0.10717427730560303,-0.27302607893943787,-0.04431093354244808,-0.23422867059707642,-0.25711753964424133,-0.06981475148816685,-0.21024274826049805,-0.21500587463378906,-0.0776840398134766,-0.17073118686676025,-0.21335604786872864,-0.0810448402585564,-0.120045006275177,-0.20477363467216492,-0.05159124602099041,-0.24312514066696167,-0.18308687210083008,-0.07107369099279026,-0.2054513692855835,-0.15062999725341797,-0.06617595497985462,-0.16891664266586304,-0.14915794134140015,-0.06450470034499745,-0.1313474178314209,-0.12545740604400635,-0.05933779348154644,-0.23576927185058594,-0.11109024286270142,-0.08073077593465428,-0.19872254133224487,-0.08581775426864624,-0.06688285116572956,-0.16287189722061157,-0.08427298069000244,-0.05744597185869793,-0.14193332195281982,-0.04544264078140259,-0.06721462551971058,-0.21970945596694946,-0.0498504638671875,-0.08625427131076435,-0.18749916553497314,-0.03448575735092163,-0.07718197498937229,-0.1538914442062378,-0.02937251329421997,-0.06731469426770786,idle
0.0,0.0,0.0,-0.011588335037231445,-0.1206812858581543,-0.010112634028843104,-0.05322188138961792,-0.25471314787864685,-0.023353827286115347,-0.08872771263122559,-0.3494125008583069,-0.034886957246413886,-0.1042410135269165,-0.4293295741081238,-0.04512477396761483,-0.10609811544418335,-0.27395474910736084,-0.050060858118882834,-0.23473697900772095,-0.2599269449710846,-0.07450589640771454,-0.21028780937194824,-0.21460995078086853,-0.08024145020877427,-0.16900575160980225,-0.2112877368927002,-0.0824570591632039,-0.11927580833435059,-0.20333540439605713,-0.058320173162570654,-0.24100208282470703,-0.17761820554733276,-0.07613673909341401,-0.20145589113235474,-0.14425510168075562,-0.06926225228940552,-0.16258728504180908,-0.14433205127716064,-0.0670335601154477,-0.129949688911438,-0.12090051174163818,-0.06607040866052216,-0.23356056213378906,-0.10504496097564697,-0.08453448964988297,-0.19570446014404297,-0.07872611284255981,-0.06883204831515854,-0.15885621309280396,-0.07806217670440674,-0.05959555237328118,-0.13961023092269897,-0.03864729404449463,-0.07381544365321702,-0.21651577949523926,-0.04179739952087402,-0.09227316184674805,-0.18348360061645508,-0.02555692195892334,-0.0825631256285817,-0.14873957633972168,-0.020906567573547363,-0.07252586736117905,idle
0.0,0.0,0.0,-0.011896014213562012,-0.10926961898803711,-0.009819004177657575,-0.054619789123535156,-0.23502984642982483,-0.021974516525474996,-0.09314119815826416,-0.3237263560295105,-0.03360126675626418,-0.11075472831726074,-0.3992774486541748,-0.04448213563820502,-0.11207252740859985,-0.2536140978336334,-0.03799517588278434,-0.22481006383895874,-0.23442602157592773,-0.0655361725535073,-0.19886893033981323,-0.19437718391418457,-0.07614315436741492,-0.15992414951324463,-0.19616621732711792,-0.08066760139128348,-0.12701845169067383,-0.1868586540222168,-0.04659222201964042,-0.2334931492805481,-0.15823113918304443,-0.06701935218235633,-0.19664782285690308,-0.13025420904159546,-0.06363450126310966,-0.15998554229736328,-0.13339394330978394,-0.06216729567906043,-0.13718700408935547,-0.10927778482437134,-0.0560931651439347,-0.22946465015411377,-0.0881725549697876,-0.07857497172018668,-0.19307410717010498,-0.0647168755531311,-0.06539138542076728,-0.15722817182540894,-0.06809550523757935,-0.05575234951039931,-0.14633768796920776,-0.03141474723815918,-0.06567704068085334,-0.21831637620925903,-0.0272330641746521,-0.084039756521193,-0.18399018049240112,-0.010863840579986572,-0.07445338503977439,-0.14897626638412476,-0.010280609130859375,-0.06408450888058326,idle
0.0,0.0,0.0,-0.007833302021026611,-0.1120573878288269,-0.009357546450360132,-0.0479053258895874,-0.23208856582641602,-0.019769481377466036,-0.09016543626785278,-0.318722128868103,-0.02933654281662257,-0.10759890079498291,-0.3908708691596985,-0.03784961159692557,-0.1029171347618103,-0.2532429099082947,-0.034018236206634356,-0.20493865013122559,-0.23648962378501892,-0.055300469504459215,-0.17983472347259521,-0.19603830575942993,-0.06206100340352805,-0.14451390504837036,-0.1928015947341919,-0.06480884830818923,-0.11990988254547119,-0.1931498646736145,-0.04117663483486922,-0.21610862016677856,-0.15937703847885132,-0.05501669924126418,-0.18096166849136353,-0.1301426887512207,-0.05116666014657767,-0.14757108688354492,-0.1312570571899414,-0.0503031378553942,-0.13290351629257202,-0.12033092975616455,-0.04878372605310233,-0.21339601278305054,-0.09369611740112305,-0.06457571964131148,-0.18005144596099854,-0.06946367025375366,-0.05357517953382285,-0.14794427156448364,-0.07193100452423096,-0.04690047632323058,-0.14496773481369019,-0.04642188549041748,-0.056664946483238054,-0.20565003156661987,-0.03424084186553955,-0.07037923018799574,-0.17369329929351807,-0.016387760639190674,-0.062061442987783266,-0.14258509874343872,-0.01635122299194336,-0.053523815231187655,idle
0.0,0.0,0.0,-0.005754053592681885,-0.10949981212615967,-0.008814832903880188,-0.042716383934020996,-0.2221439778804779,-0.0183637782563153,-0.08441680669784546,-0.30368632078170776,-0.027103169598120758,-0.1029018759727478,-0.37175750732421875,-0.03495781008197696,-0.09721928834915161,-0.24155104160308838,-0.03013965930833251,-0.18896305561065674,-0.22137463092803955,-0.048433440514344284,-0.165715754032135,-0.1835302710533142,-0.054806693233985015,-0.13403260707855225,-0.18013882637023926,-0.057801726051110336,-0.11635518074035645,-0.18193024396896362,-0.036646119095820495,-0.2030901312828064,-0.14676612615585327,-0.04843283701731593,-0.17001557350158691,-0.12045145034790039,-0.04569563526703746,-0.1381714940071106,-0.12058985233306885,-0.045994235910910675,-0.12984150648117065,-0.11242938041687012,-0.04342841614081294,-0.2028704285621643,-0.08499079942703247,-0.057962505855101654,-0.17108172178268433,-0.06237572431564331,-0.04843066144778163,-0.14071190357208252,-0.0639258623123169,-0.04281894002153308,-0.14157044887542725,-0.04312455654144287,-0.05046872306658656,-0.19546294212341309,-0.030315279960632324,-0.06325341645671756,-0.1650460958480835,-0.013869762420654297,-0.05549405399753482,-0.1358274221420288,-0.013958573341369629,-0.04759046319915683,idle
0.0,0.0,0.0,-0.007618069648742676,-0.11312651634216309,-0.007525739772290763,-0.044617533683776855,-0.22652187943458557,-0.016136928042442378,-0.08252942562103271,-0.3071773052215576,-0.024514595558912333,-0.10090011358261108,-0.3746580481529236,-0.03160737506118494,-0.09858787059783936,-0.2520432770252228,-0.025630826642782267,-0.20109224319458008,-0.22324150800704956,-0.04430483705368715,-0.17876702547073364,-0.183832585811615,-0.050325047737032946,-0.1452764868736267,-0.18288743495941162,-0.053137925034434375,-0.11175262928009033,-0.1987234354019165,-0.03334844908681589,-0.2102522850036621,-0.15496331453323364,-0.04633181220856386,-0.17705529928207397,-0.12682974338531494,-0.044685256248385485,-0.14541727304458618,-0.13011091947555542,-0.045316823339135226,-0.12361395359039307,-0.13069862127304077,-0.04168016142216402,-0.20772629976272583,-0.09384500980377197,-0.056718994444281634,-0.17521005868911743,-0.07095032930374146,-0.048564550047785815,-0.1443532109260559,-0.07562142610549927,-0.0438326639589377,-0.13558590412139893,-0.06003981828689575,-0.05034753358927446,-0.19791674613952637,-0.0383264422416687,-0.0643835929688521,-0.1687886118888855,-0.019864201545715332,-0.05903370729652124,-0.14005231857299805,-0.020819485187530518,-0.05263995057907778,idle
0.0,0.0,0.0,-0.010582804679870605,-0.11120432615280151,-0.007819610382398423,-0.04946786165237427,-0.23079684376716614,-0.01793938289858943,-0.08705246448516846,-0.3159274160861969,-0.027001749458690938,-0.10680967569351196,-0.3855142593383789,-0.034613497289797124,-0.10352879762649536,-0.25783807039260864,-0.03327820050992614,-0.21688604354858398,-0.23135557770729065,-0.05273360732473975,-0.19328981637954712,-0.1898864507675171,-0.058181032272955235,-0.15722692012786865,-0.1899474859237671,-0.060913812103649434,-0.11481249332427979,-0.20011556148529053,-0.041296943756719884,-0.22729706764221191,-0.16416007280349731,-0.054105218234440144,-0.1902400255203247,-0.13341504335403442,-0.04984698790588027,-0.1566728949546814,-0.13663852214813232,-0.04929585728325492,-0.12414288520812988,-0.1274821162223816,-0.0493775305477584,-0.2210826873779297,-0.09781312942504883,-0.06337336051740294,-0.18462592363357544,-0.07349139451980591,-0.052117168637892064,-0.1520441770553589,-0.07724392414093018,-0.0462470573512519,-0.13323986530303955,-0.05238443613052368,-0.05755858841814643,-0.20662271976470947,-0.038914501667022705,-0.07207779187240249,-0.17492270469665527,-0.022319018840789795,-0.06504743147172576,-0.14366614818572998,-0.021814286708831787,-0.05763022202529555,idle
0.0,0.0,0.0,-0.010432898998260498,-0.11787432432174683,-0.013584250794508534,-0.04902768135070801,-0.2427641749382019,-0.02631865369693287,-0.08521217107772827,-0.33356016874313354,-0.03666448148504742,-0.1058499813079834,-0.4059746265411377,-0.04484147133842953,-0.09900075197219849,-0.2605951428413391,-0.04191422390357502,-0.21666306257247925,-0.23510059714317322,-0.06496179031745442,-0.19116204977035522,-0.19339877367019653,-0.07125487106458195,-0.1523803472518921,-0.19238662719726562,-0.0735275812687064,-0.11084461212158203,-0.1994602084159851,-0.047505154484667855,-0.2234620451927185,-0.1638796329498291,-0.06278286802188404,-0.18553489446640015,-0.13339442014694214,-0.05919186698810108,-0.15191596746444702,-0.13612258434295654,-0.05889079275146969,-0.12207239866256714,-0.1247701644897461,-0.05338902699367054,-0.21961182355880737,-0.0983959436416626,-0.07007870751039036,-0.18373030424118042,-0.07505351305007935,-0.05902943315521725,-0.15148645639419556,-0.07635772228240967,-0.05265542792693623,-0.13365668058395386,-0.05000174045562744,-0.05973675029889591,-0.20430833101272583,-0.04077500104904175,-0.07536801623717793,-0.1727313995361328,-0.025320887565612793,-0.06807311552182682,-0.14132225513458252,-0.023181676864624023,-0.05992736967817791,idle
0.0,0.0,0.0,-0.008933424949645996,-0.1138114333152771,-0.008491611530871523,-0.05019211769104004,-0.23233816027641296,-0.01796372277090086,-0.0946345329284668,-0.3138030767440796,-0.02716665757247938,-0.11826878786087036,-0.3818989396095276,-0.035420293411107195,-0.10685038566589355,-0.25198787450790405,-0.032931609501929415,-0.21107172966003418,-0.2295096218585968,-0.05490298797735704,-0.18632513284683228,-0.19113928079605103,-0.06238456671485437,-0.15096831321716309,-0.18939852714538574,-0.06579431002387537,-0.12235784530639648,-0.18986570835113525,-0.041339250704140795,-0.2206284999847412,-0.15525996685028076,-0.058117887427897585,-0.18507277965545654,-0.12880629301071167,-0.05624129106649889,-0.15141987800598145,-0.13040000200271606,-0.05670615514168276,-0.1326860785484314,-0.1171446442604065,-0.05015496393093599,-0.2181348204612732,-0.09079831838607788,-0.06990075712451471,-0.18303900957107544,-0.06902408599853516,-0.059155727228016985,-0.14995920658111572,-0.07102292776107788,-0.051932869901747836,-0.1421533226966858,-0.042323291301727295,-0.0590781815851642,-0.20776760578155518,-0.0342026948928833,-0.07621619706401361,-0.1750372052192688,-0.017663002014160156,-0.06800693129548563,-0.1426413655281067,-0.016856670379638672,-0.059115982105822695,idle
0.0,0.0,0.0,-0.01261669397354126,-0.1102103590965271,-0.008494161861193561,-0.05363589525222778,-0.22208330035209656,-0.016935646394443893,-0.09532487392425537,-0.30082565546035767,-0.024549919972372436,-0.11578857898712158,-0.3665761351585388,-0.030875757197094345,-0.10916900634765625,-0.2455257773399353,-0.029177011782479667,-0.20221316814422607,-0.21922096610069275,-0.0444354767447237,-0.17730176448822021,-0.18059438467025757,-0.047850528592420005,-0.14459723234176636,-0.17739516496658325,-0.04950002380664387,-0.12281167507171631,-0.1881081461906433,-0.03599216588790455,-0.2123832106590271,-0.14703279733657837,-0.046346375579190635,-0.1778077483177185,-0.12167507410049438,-0.043025454366755866,-0.145982027053833,-0.12372773885726929,-0.04346148096973934,-0.1326385736465454,-0.11888092756271362,-0.04286155276949444,-0.20984375476837158,-0.08649957180023193,-0.05622928016836681,-0.17717468738555908,-0.06585115194320679,-0.04650185802037754,-0.1467466950416565,-0.06923747062683105,-0.04145715557987728,-0.14211636781692505,-0.04790085554122925,-0.0500250475948576,-0.20153439044952393,-0.03260517120361328,-0.06320299380476513,-0.17043066024780273,-0.01673835515975952,-0.05593641274626293,-0.1405743956565857,-0.01740199327468872,-0.048618724430156135,idle
0.0,0.0,0.0,-0.009752452373504639,-0.10722434520721436,-0.0064362230798167275,-0.049343764781951904,-0.2147088348865509,-0.013298008972213893,-0.09212499856948853,-0.2892347276210785,-0.019747204528556495,-0.11244302988052368,-0.3508080840110779,-0.02547122483085218,-0.10120737552642822,-0.2339988350868225,-0.02544530984889093,-0.18892532587051392,-0.2137320339679718,-0.039473303974972396,-0.16712474822998047,-0.17575985193252563,-0.043440447570191054,-0.13715535402297974,-0.17175287008285522,-0.045692184389935164,-0.11771214008331299,-0.17728716135025024,-0.032517307819233565,-0.20244371891021729,-0.14125293493270874,-0.04159913343320909,-0.1708022952079773,-0.11488860845565796,-0.038742867679701476,-0.14002734422683716,-0.11524242162704468,-0.03933206331859651,-0.12913143634796143,-0.1101912260055542,-0.039474980355606704,-0.20124739408493042,-0.07961392402648926,-0.05154224243889871,-0.17027407884597778,-0.05720031261444092,-0.04251083862911287,-0.14040160179138184,-0.05892235040664673,-0.03781985250245157,-0.13873887062072754,-0.04191464185714722,-0.04657378178964677,-0.1927257776260376,-0.025109589099884033,-0.058271893681393294,-0.16324561834335327,-0.009139001369476318,-0.051061240406141906,-0.13441187143325806,-0.009880244731903076,-0.043932238043652205,idle
0.0,0.0,0.0,-0.012085020542144775,-0.11096370220184326,-0.0059762257314730505,-0.052179038524627686,-0.22028031945228577,-0.014119222310881696,-0.09597426652908325,-0.29802048206329346,-0.022114553039472185,-0.11601132154464722,-0.3638651967048645,-0.029099254419605813,-0.10657733678817749,-0.24566590785980225,-0.02641189705352076,-0.20133686065673828,-0.22245165705680847,-0.041090136875908456,-0.17836004495620728,-0.18293190002441406,-0.0439906516275812,-0.14589935541152954,-0.1781103014945984,-0.04531748454789408,-0.12040698528289795,-0.18967139720916748,-0.03449842195729502,-0.21264582872390747,-0.1503516435623169,-0.04423620041231402,-0.1792580485343933,-0.12351185083389282,-0.040793998648922525,-0.1479213833808899,-0.1246953010559082,-0.040986864378254495,-0.13035577535629272,-0.12090367078781128,-0.04240596528867968,-0.20999163389205933,-0.0884389877319336,-0.05497235666732081,-0.17708390951156616,-0.06656920909881592,-0.0452811070881296,-0.1461973786354065,-0.07002007961273193,-0.04026524957041033,-0.13929122686386108,-0.04937666654586792,-0.05036928366641291,-0.20055603981018066,-0.03354412317276001,-0.06264217432359942,-0.17020338773727417,-0.017520904541015625,-0.055170102526943765,-0.14056462049484253,-0.018509387969970703,-0.04773007567743548,idle
0.0,0.0,0.0,-0.010562479496002197,-0.11374664306640625,-0.007982042441184944,-0.05196863412857056,-0.22911816835403442,-0.016457361923571057,-0.09659206867218018,-0.30968227982521057,-0.02444026974033875,-0.11839866638183594,-0.37659406661987305,-0.031093593509908146,-0.10725945234298706,-0.24734875559806824,-0.026044636787887043,-0.2052430510520935,-0.21920791268348694,-0.04321363736879391,-0.18072038888931274,-0.1816275715827942,-0.04803048242818875,-0.14667248725891113,-0.1802404522895813,-0.050345176653976864,-0.12104600667953491,-0.19100016355514526,-0.03379539941441578,-0.21740847826004028,-0.15073716640472412,-0.04601563681852383,-0.1821032166481018,-0.12558847665786743,-0.04396027867686314,-0.1505233645439148,-0.1286439299583435,-0.044628603206987805,-0.13110321760177612,-0.12196928262710571,-0.04191209544431729,-0.21630865335464478,-0.09052389860153198,-0.057680802242870755,-0.1812325119972229,-0.0691840648651123,-0.04879198391925854,-0.14966285228729248,-0.07380801439285278,-0.043553435998077816,-0.13998949527740479,-0.0500301718711853,-0.050153663205023236,-0.2054387927055359,-0.03462076187133789,-0.0649644786585526,-0.1740434765815735,-0.0186307430267334,-0.0582193562854485,-0.14387410879135132,-0.019863545894622803,-0.050854427563066906,idle
0.0,0.0,0.0,-0.010271728038787842,-0.11872637271881104,-0.00914515152899753,-0.05234628915786743,-0.2383897304534912,-0.01939513877360355,-0.09590566158294678,-0.3204071521759033,-0.028752345297021975,-0.11762374639511108,-0.3901805281639099,-0.03670414321450721,-0.10675591230392456,-0.25395604968070984,-0.032909081954045405,-0.21227437257766724,-0.225494384765625,-0.0527089477363063,-0.18514573574066162,-0.1876782774925232,-0.058346913832707514,-0.14889633655548096,-0.18745756149291992,-0.060870663899464716,-0.12124776840209961,-0.19244378805160522,-0.041364459026141276,-0.22269314527511597,-0.15729176998138428,-0.05544017784623634,-0.18572074174880981,-0.13248103857040405,-0.05283854313520919,-0.15275752544403076,-0.13420480489730835,-0.053256431299729456,-0.13134580850601196,-0.11831146478652954,-0.05005328514008056,-0.2212955355644226,-0.09521651268005371,-0.0674695351007415,-0.18535912036895752,-0.07363736629486084,-0.056582508313937296,-0.15290158987045288,-0.07615947723388672,-0.04986092977551948,-0.13978838920593262,-0.041763246059417725,-0.0588340178909732,-0.2089431881904602,-0.03739511966705322,-0.0750374027374221,-0.17636340856552124,-0.021852076053619385,-0.06657704495219718,-0.14474016427993774,-0.020442724227905273,-0.05767924122838508,idle
0.0,0.0,0.0,-0.010386407375335693,-0.11557084321975708,-0.00563912822894963,-0.05048346519470215,-0.2311893105506897,-0.013356611440258348,-0.09397977590560913,-0.31158730387687683,-0.02081512876816305,-0.1167755126953125,-0.37789538502693176,-0.027191620627718294,-0.10504364967346191,-0.2537854313850403,-0.027493765885310495,-0.20383423566818237,-0.22560754418373108,-0.0455124511665872,-0.17746806144714355,-0.18963289260864258,-0.05119126134582075,-0.1432839035987854,-0.18893349170684814,-0.05377744727798017,-0.12085080146789551,-0.19449454545974731,-0.036254106397109354,-0.216871976852417,-0.1563379168510437,-0.04825401523180517,-0.18120503425598145,-0.13131499290466309,-0.045753641361670816,-0.14927101135253906,-0.13336706161499023,-0.04636284180946859,-0.13242357969284058,-0.12326562404632568,-0.04503960006900343,-0.2160118818283081,-0.09321469068527222,-0.06000323438115629,-0.18140465021133423,-0.07141780853271484,-0.05033040263720068,-0.14982134103775024,-0.07452493906021118,-0.044829370761590326,-0.1429700255393982,-0.049401044845581055,-0.0538374430782369,-0.2063295841217041,-0.03557628393173218,-0.06806740754313978,-0.17472690343856812,-0.019452810287475586,-0.060725564444737756,-0.14434599876403809,-0.01989036798477173,-0.052980808848815286,idle
